player_id,player_name,country,country_id,birth_date_utc,primary_position,club_id,club_name,height_cm,preferred_foot,transfer_value_eur,age,detail_name,positionId,usualPlayingPositionId,shirtNumber,market_value_eur,rating,goals,assists,red_cards,yellow_cards,detail_height_cm,detail_birth_date,detail_transfer_value_eur,season_goals,season_rating,season_assists,player_of_the_match,isCaptain
1057426,Armin Gigovic,Bosnia and Herzegovina,10106,2002-04-06,defensive midfielder,10192.0,Young Boys,187.0,right,1950982.0,24.0,Armin Gigovic,73.0,2.0,8,1950982.0,,,,,,,,,,,,,
1174844,Jovo Lukic,Bosnia and Herzegovina,10106,1998-11-28,striker,89022.0,Universitatea Cluj,190.0,left,959713.0,27.0,Jovo Lukic,,3.0,25,959713.0,,,,,,,,,,,,,
1179875,Ivan Basic,Bosnia and Herzegovina,10106,2002-04-30,central midfielder,166865.0,FC Astana,178.0,left,724785.0,24.0,Ivan Basic,,2.0,13,724785.0,,,,,,,,,,,,,
1250485,Tarik Muharemovic,Bosnia and Herzegovina,10106,2003-02-28,center back,8463.0,Leeds United,187.0,left,17870981.0,23.0,Tarik Muharemovic,35.0,1.0,4,17870981.0,,,,,,,,,,,,,
1284492,Samed Bazdar,Bosnia and Herzegovina,10106,2004-01-31,striker,8394.0,Real Zaragoza,186.0,right,1251348.0,22.0,Samed Bazdar,,3.0,9,1251348.0,,,,,,,,,,,,,
1300385,Amar Memic,Bosnia and Herzegovina,10106,2001-01-20,right wing-back,6033.0,Viktoria Plzen,176.0,right,2549448.0,25.0,Amar Memic,,2.0,15,2549448.0,,,,,,,,,,,,,
1346860,Esmir Bajraktarevic,Bosnia and Herzegovina,10106,2005-03-10,right winger,8640.0,PSV Eindhoven,175.0,left,5515112.0,21.0,Esmir Bajraktarevic,,3.0,20,5515112.0,,,,,,,,,,,,,
1415104,Benjamin Tahirovic,Bosnia and Herzegovina,10106,2003-03-03,central midfielder,8595.0,Brøndby IF,191.0,right,3975390.0,23.0,Benjamin Tahirovic,,2.0,6,3975390.0,,,,,,,,,,,,,
1515122,Arjan Malic,Bosnia and Herzegovina,10106,2005-08-28,right back,10014.0,Sturm Graz,186.0,right,1671096.0,20.0,Arjan Malic,,1.0,24,1671096.0,,,,,,,,,,,,,
1528815,Ermin Mahmic,Bosnia and Herzegovina,10106,2005-03-14,attacking midfielder,10245.0,Slovan Liberec,182.0,right,1390706.0,21.0,Ermin Mahmic,,2.0,26,1390706.0,,,,,,,,,,,,,
15403,Edin Dzeko,Bosnia and Herzegovina,10106,1986-03-17,striker,,Unknown,193.0,both,990541.0,40.0,Edin Dzeko,104.0,3.0,11,990541.0,,,,,,,,,,,,,True
1684401,Kerim Alajbegovic,Bosnia and Herzegovina,10106,2007-09-21,left winger,8178.0,Bayer Leverkusen,185.0,left,13792183.0,18.0,Kerim Alajbegovic,77.0,3.0,19,13792183.0,,,,,,,,,,,,,
1726288,Mladen Jurkas,Bosnia and Herzegovina,10106,2007-10-07,keeper,10116.0,Borac Banja Luka,193.0,right,,18.0,Mladen Jurkas,,0.0,12,,,,,,,,,,,,,,
304345,Sead Kolasinac,Bosnia and Herzegovina,10106,1993-06-20,center back,8524.0,Atalanta,183.0,left,2634142.0,33.0,Sead Kolasinac,59.0,1.0,5,2634142.0,,,,,,,,,,,,,
388903,Haris Tabakovic,Bosnia and Herzegovina,10106,1994-06-20,striker,10013.0,Salzburg,196.0,right,2192417.0,32.0,Haris Tabakovic,,3.0,23,2192417.0,,,,,,,,,,,,,
466867,Nikola Vasilj,Bosnia and Herzegovina,10106,1995-12-02,keeper,8152.0,St. Pauli,194.0,right,2276621.0,30.0,Nikola Vasilj,11.0,0.0,1,2276621.0,,,,,,,,,,,,,
541551,Ivan Sunjic,Bosnia and Herzegovina,10106,1996-10-09,defensive midfielder,2137.0,Pafos FC,184.0,right,831449.0,29.0,Ivan Sunjic,75.0,2.0,14,831449.0,,,,,,,,,,,,,
639558,Amir Hadziahmetovic,Bosnia and Herzegovina,10106,1997-03-08,defensive midfielder,10188.0,Beşiktaş,179.0,right,2030424.0,29.0,Amir Hadziahmetovic,,2.0,16,2030424.0,,,,,,,,,,,,,
653982,Stjepan Radeljic,Bosnia and Herzegovina,10106,1997-09-05,center back,10156.0,Dinamo Zagreb,201.0,left,1388098.0,28.0,Stjepan Radeljic,37.0,1.0,21,1388098.0,,,,,,,,,,,,,
660148,Dzenis Burnic,Bosnia and Herzegovina,10106,1998-05-22,central midfielder,8295.0,Karlsruher SC,183.0,left,607801.0,28.0,Dzenis Burnic,,2.0,17,607801.0,,,,,,,,,,,,,
725655,Nikola Katic,Bosnia and Herzegovina,10106,1996-10-10,center back,10189.0,Schalke 04,194.0,right,985683.0,29.0,Nikola Katic,33.0,1.0,18,985683.0,,,,,,,,,,,,,
797797,Dennis Hadzikadunic,Bosnia and Herzegovina,10106,1998-07-09,center back,8705.0,FC Rostov,186.0,right,816156.0,27.0,Dennis Hadzikadunic,,1.0,3,816156.0,,,,,,,,,,,,,
840241,Ermedin Demirovic,Bosnia and Herzegovina,10106,1998-03-25,striker,10269.0,VfB Stuttgart,184.0,right,19671986.0,28.0,Ermedin Demirovic,106.0,3.0,10,19671986.0,,,,,,,,,,,,,
857436,Nihad Mujakic,Bosnia and Herzegovina,10106,1998-04-15,center back,281467.0,Erzurumspor FK,189.0,left,1121576.0,28.0,Nihad Mujakic,,1.0,2,1121576.0,,,,,,,,,,,,,
857661,Martin Zlomislic,Bosnia and Herzegovina,10106,1998-08-16,keeper,7981.0,Qarabag FK,190.0,right,1247096.0,27.0,Martin Zlomislic,,0.0,22,1247096.0,,,,,,,,,,,,,
958010,Amar Dedic,Bosnia and Herzegovina,10106,2002-08-18,right back,9772.0,Benfica,180.0,right,16819758.0,23.0,Amar Dedic,51.0,1.0,7,16819758.0,,,,,,,,,,,,,
1070712,Josko Gvardiol,Croatia,10155,2002-01-23,center back,8456.0,Manchester City,185.0,left,68240274.0,24.0,Josko Gvardiol,,1.0,4,68240274.0,,,,,,,,,,,,,
1077684,Ivor Pandur,Croatia,10155,2000-03-25,keeper,8548.0,Rangers,187.0,right,2390467.0,26.0,Ivor Pandur,,0.0,12,2390467.0,,,,,,,,,,,,,
1186228,Josip Sutalo,Croatia,10155,2000-02-28,center back,8593.0,Ajax,190.0,right,15114820.0,26.0,Josip Sutalo,34.0,1.0,6,15114820.0,,,,,,,,,,,,,
1199714,Marco Pasalic,Croatia,10155,2000-09-14,right midfielder,267810.0,Orlando City,177.0,left,5582824.0,25.0,Marco Pasalic,,2.0,24,5582824.0,,,,,,,,,,,,,
1210893,Igor Matanovic,Croatia,10155,2003-03-31,striker,8358.0,Freiburg,194.0,right,11196113.0,23.0,Igor Matanovic,,3.0,20,11196113.0,,,,,,,,,,,,,
1215064,Martin Baturina,Croatia,10155,2003-02-16,left winger,10171.0,Como,172.0,right,21623619.0,23.0,Martin Baturina,87.0,3.0,16,21623619.0,,,,,,,,,,,,,
1300358,Toni Fruk,Croatia,10155,2001-03-09,attacking midfielder,10162.0,Rijeka,178.0,left,7580516.0,25.0,Toni Fruk,,2.0,19,7580516.0,,,,,,,,,,,,,
1382000,Petar Sucic,Croatia,10155,2003-10-25,central midfielder,8636.0,Inter,183.0,right,31443413.0,22.0,Petar Sucic,85.0,2.0,17,31443413.0,,,,,,,,,,,,,
1413996,Luka Vuskovic,Croatia,10155,2007-02-24,center back,10204.0,Brighton & Hove Albion,193.0,right,35441761.0,19.0,Luka Vuskovic,,1.0,22,35441761.0,,,,,,,,,,,,,
163670,Ivan Perisic,Croatia,10155,1989-02-02,left winger,8640.0,PSV Eindhoven,186.0,both,1024233.0,37.0,Ivan Perisic,38.0,3.0,14,1024233.0,,,,,,,,,1.0,,,,
173461,Andrej Kramaric,Croatia,10155,1991-06-19,attacking midfielder,8226.0,Hoffenheim,177.0,right,2497081.0,35.0,Andrej Kramaric,,2.0,9,2497081.0,,,,,,,,,,,,,
239219,Mateo Kovacic,Croatia,10155,1994-05-06,defensive midfielder,8456.0,Manchester City,178.0,right,10823010.0,32.0,Mateo Kovacic,66.0,2.0,8,10823010.0,,,,,,,,,,,,,
251269,Ante Budimir,Croatia,10155,1991-07-22,striker,8371.0,Osasuna,190.0,left,2344793.0,34.0,Ante Budimir,115.0,3.0,11,2344793.0,,,,,,,,,,,,,
31097,Luka Modric,Croatia,10155,1985-09-09,central midfielder,8564.0,Milan,172.0,right,2192193.0,40.0,Luka Modric,64.0,2.0,10,2192193.0,,,,,,,,,,,,,True
383971,Dominik Livakovic,Croatia,10155,1995-01-09,keeper,8695.0,Fenerbahçe,188.0,right,3113075.0,31.0,Dominik Livakovic,11.0,0.0,1,3113075.0,,,,,,,,,,,,,
446266,Mario Pasalic,Croatia,10155,1995-02-09,defensive midfielder,8524.0,Atalanta,186.0,right,5067337.0,31.0,Mario Pasalic,,2.0,15,5067337.0,,,,,,,,,,,,,
557677,Nikola Vlasic,Croatia,10155,1997-10-04,attacking midfielder,9804.0,Torino,178.0,right,7732113.0,28.0,Nikola Vlasic,83.0,2.0,13,7732113.0,,,,,,,,,,,,,
557799,Duje Caleta-Car,Croatia,10155,1996-09-17,center back,9748.0,Lyon,186.0,right,2057659.0,29.0,Duje Caleta-Car,,1.0,5,2057659.0,,,,,,,,,,,,,
616170,Martin Erlic,Croatia,10155,1998-01-24,center back,8113.0,FC Midtjylland,192.0,right,1940830.0,28.0,Martin Erlic,,1.0,25,1940830.0,,,,,,,,,,,,,
641595,Nikola Moro,Croatia,10155,1998-03-12,defensive midfielder,9857.0,Bologna,183.0,right,5085222.0,28.0,Nikola Moro,,2.0,7,5085222.0,,,,,,,,,,,,,
643448,Kristijan Jakic,Croatia,10155,1997-05-14,defensive midfielder,8406.0,Augsburg,181.0,right,5036733.0,29.0,Kristijan Jakic,,2.0,18,5036733.0,,,,,,,,,,,,,
709796,Petar Musa,Croatia,10155,1998-03-04,striker,6399.0,FC Dallas,190.0,right,6358766.0,28.0,Petar Musa,,3.0,26,6358766.0,,,,,,,,,,,,,
831474,Marin Pongracic,Croatia,10155,1997-09-11,center back,8535.0,Fiorentina,189.0,right,10262311.0,28.0,Marin Pongracic,36.0,1.0,3,10262311.0,,,,,,,,,,,,,
873557,Dominik Kotarski,Croatia,10155,2000-02-10,keeper,8391.0,FC København,186.0,right,6727996.0,26.0,Dominik Kotarski,,0.0,23,6727996.0,,,,,,,,,,,,,
950824,Josip Stanisic,Croatia,10155,2000-04-02,right back,9823.0,Bayern München,186.0,both,35784290.0,26.0,Josip Stanisic,32.0,1.0,2,35784290.0,,,,,,,,,,,,,
959597,Luka Sucic,Croatia,10155,2002-09-08,attacking midfielder,8560.0,Real Sociedad,185.0,left,12302458.0,23.0,Luka Sucic,,2.0,21,12302458.0,,,,,,,,,,,,,
1001335,Nabil Emad Dunga,Egypt,10255,1996-04-06,central midfielder,1523707.0,Al Najma,179.0,right,550618.0,30.0,Nabil Dunga,,2.0,18,550618.0,,,,,,,,,,,,,
1022128,Hamdi Fathy,Egypt,10255,1994-09-29,center back,101901.0,Al-Wakrah,180.0,right,927834.0,31.0,Hamdi Fathi,,2.0,14,927834.0,,,,,,,,,,6.83,,,
1179331,Mohamed Abdelmonem,Egypt,10255,1999-02-01,center back,9831.0,Nice,183.0,right,1880514.0,27.0,Mohamed Abdelmonem,,,,1880514.0,,,,,,,,,,5.75,,,
1228546,Mostafa Ahmed Shobeir,Egypt,10255,2000-03-17,keeper,101745.0,Al Ahly SC,185.0,right,,,Mostafa Ahmed Shobeir,,,,,,,,,,,,,,,,,
1272436,Ibrahim Adel,Egypt,10255,2001-04-23,left winger,10202.0,Nordsjælland,178.0,right,1962650.0,25.0,Ibrahim Adel,,3.0,20,1962650.0,,,,,,,,,,,,,
1291391,Mahmoud Saber,Egypt,10255,2001-07-30,central midfielder,517894.0,Pyramids FC,170.0,right,869864.0,24.0,Mahmoud Saber,,2.0,21,869864.0,,,,,,,,,1.0,7.52,,,
1384425,Hossam Abdelmaguid,Egypt,10255,2001-04-30,center back,80591.0,Zamalek SC,193.0,right,1416047.0,25.0,Hossam Abdelmaguid,,1.0,4,1416047.0,,,,,,,,,,6.28,,,
1418549,Marwan Ateya,Egypt,10255,1998-08-12,defensive midfielder,101745.0,Al Ahly SC,170.0,right,1900212.0,,Marwan Ateya,,,,,,,,,,,,,,,,,
1426403,Mostafa Ziko,Egypt,10255,1997-04-27,left winger,517894.0,Pyramids FC,179.0,right,,,Mostafa Ziko,,,,,,,,,,,,,,,,,
1689101,Tarek Alaa,Egypt,10255,2002-01-05,right back,517894.0,Pyramids FC,178.0,right,403035.0,24.0,Tarek Alaa,,1.0,24,403035.0,,,,,,,,,,,,,
1689371,Mohamed Alaa,Egypt,10255,1999-09-01,keeper,178268.0,El Gouna FC,188.0,right,249585.0,26.0,Mohamed Alaa,,0.0,26,249585.0,,,,,,,,,,,,,
1708842,Hamza Abdelkarim,Egypt,10255,2008-01-01,striker,161774.0,Barca Atletic,182.0,both,,18.0,Hamza Abdelkarim,,3.0,9,,,,,,,,,,,6.01,,,
292462,Mohamed Salah,Egypt,10255,1992-06-15,right winger,,Unknown,175.0,left,35103349.0,,Mohamed Salah,,,,,,,,,,,,,,,,,
505872,Ramy Rabia,Egypt,10255,1993-05-20,center back,102117.0,Al-Ain,183.0,right,488977.0,33.0,Rami Rabia,36.0,1.0,5,488977.0,,,,,,,,,,6.96,,,
513492,Trezeguet,Egypt,10255,1994-10-01,left winger,101745.0,Al Ahly SC,181.0,right,1900324.0,31.0,Trezeguet,,3.0,7,1900324.0,,,,,,,,,1.0,7.03,1.0,,
532766,Zizo,Egypt,10255,1996-01-10,right winger,101745.0,Al Ahly SC,180.0,right,2243623.0,30.0,Zizo,,3.0,25,2243623.0,,,,,,,,,,6.08,,,
533403,Yasser Ibrahim,Egypt,10255,1993-02-10,center back,101745.0,Al Ahly SC,185.0,right,264408.0,33.0,Yasser Ibrahim,34.0,1.0,2,264408.0,,,,,,,,,1.0,6.84,,,
546550,Mohamed El Shenawy,Egypt,10255,1988-12-18,keeper,101745.0,Al Ahly SC,191.0,right,350095.0,37.0,Mohamed El Shenawy,,0.0,1,350095.0,,,,,,,,,,,,,
560416,Karim Hafez,Egypt,10255,1996-03-12,left back,517894.0,Pyramids FC,175.0,left,324191.0,30.0,Karim Hafez,38.0,1.0,15,324191.0,,,,,,,,,,7.8,1.0,,
653688,Al Mahdi Soliman,Egypt,10255,1987-06-08,keeper,80591.0,Zamalek SC,189.0,right,263284.0,39.0,Al Mahdi Soliman,,0.0,16,263284.0,,,,,,,,,,,,,
660213,Mohamed Hany,Egypt,10255,1996-02-02,right back,101745.0,Al Ahly SC,180.0,right,958997.0,,Mohamed Hany,,,,,,,,,,,,,,,,,
839204,Omar Marmoush,Egypt,10255,1999-02-07,striker,8456.0,Manchester City,183.0,right,54951970.0,27.0,Omar Marmoush,,3.0,22,54951970.0,,,,,,,,,,6.88,,,
849334,Ahmed Abou El Fotouh,Egypt,10255,1998-03-22,left back,80591.0,Zamalek SC,175.0,left,672214.0,28.0,Ahmed Abou El Fotouh,1000.0,1.0,13,672214.0,,,,,,,,,,7.3,,,
906944,Mohanad Lasheen,Egypt,10255,1996-05-29,defensive midfielder,517894.0,Pyramids FC,179.0,right,1594194.0,30.0,Mohanad Lasheen,74.0,2.0,17,1594194.0,,,,,,,,,,7.32,,,
971787,Haissem Hassan,Egypt,10255,2002-02-08,right winger,8670.0,Real Oviedo,173.0,left,3400496.0,24.0,Haissem Hassan,72.0,3.0,12,3400496.0,,,,,,,,,,6.45,1.0,,
979376,Emam Ashour,Egypt,10255,1998-02-20,attacking midfielder,101745.0,Al Ahly SC,181.0,right,1935194.0,,Emam Ashour,,,,,,,,,,,,,,,,,
1050160,Sontje Hansen,Curacao,287981,2002-05-18,right winger,8549.0,Middlesbrough,172.0,right,3521355.0,24.0,Sontje Hansen,,3.0,12,4401694.0,,,,,,,,,,,,,
1125997,Shurandy Sambo,Curacao,287981,2001-08-19,right back,8191.0,Burnley,174.0,right,1184484.0,24.0,Shurandy Sambo,,1.0,2,1480605.0,,,,,,,,,,,,,
1180735,Arjany Martha,Curacao,287981,2003-09-04,right winger,8119.0,Rotherham United,180.0,left,616278.0,22.0,Arjany Martha,,3.0,15,673874.0,,,,,,,,,,,,,
1180784,Jearl Margaritha,Curacao,287981,2000-04-10,left winger,8475.0,SK Beveren,181.0,right,645274.0,26.0,Jearl Margaritha,,3.0,16,537729.0,,,,,,,,,,,,,
1210947,Jeremy Antonisse,Curacao,287981,2002-03-29,left winger,488099.0,Kifisia FC,180.0,right,652084.0,24.0,Jeremy Antonisse,,3.0,11,815105.0,,,,,,,,,,,,,
1240833,Tyrick Bodak,Curacao,287981,2002-05-15,keeper,6414.0,Telstar,190.0,right,471386.0,24.0,Tyrick Bodak,,0.0,25,471386.0,,,,,,,,,,,,,
1243246,Livano Comenencia,Curacao,287981,2004-02-03,central midfielder,10243.0,FC Zürich,191.0,right,814218.0,,Livano Comenencia,,,,,,,,,,,,,,,,,
1335315,Deveron Fonville,Curacao,287981,2003-05-16,center back,8464.0,NEC Nijmegen,178.0,left,1069982.0,23.0,Deveron Fonville,37.0,1.0,24,1337478.0,,,,,,,,,,,,,
1439121,Tyrese Noslin,Curacao,287981,2002-09-11,right wing-back,8283.0,Barnsley,182.0,right,974002.0,23.0,Tyrese Noslin,,2.0,13,1217503.0,,,,,,,,,,,,,
150242,Eloy Room,Curacao,287981,1989-02-06,keeper,721896.0,Miami FC,189.0,right,66931.0,37.0,Eloy Room,11.0,0.0,1,83664.0,,,,,,,,,,,,,
183500,Leandro Bacuna,Curacao,287981,1991-08-21,central midfielder,1281818.0,Igdir FK,187.0,right,149924.0,34.0,Leandro Bacuna,76.0,2.0,10,187406.0,,,,,,,,,,,,,True
289441,Jürgen Locadia,Curacao,287981,1993-11-07,striker,721896.0,Miami FC,185.0,right,99318.0,32.0,Jürgen Locadia,115.0,3.0,9,124148.0,,,,,,,,,,,,,
352358,Brandley Kuwas,Curacao,287981,1992-09-19,striker,6601.0,FC Volendam,178.0,left,428769.0,33.0,Brandley Kuwas,,3.0,17,421457.0,,,,,,,,,,,,,
380942,Gervane Kastaneer,Curacao,287981,1996-06-09,striker,165229.0,Terengganu,176.0,right,81869.0,30.0,Gervane Kastaneer,,3.0,19,102336.0,,,,,,,,,,,,,
389845,Joshua Brenet,Curacao,287981,1994-03-20,right back,10182.0,Kayserispor,181.0,right,626642.0,32.0,Joshua Brenet,51.0,1.0,20,678550.0,,,,,,,,,,,,,
467479,Riechedly Bazoer,Curacao,287981,1996-10-12,center back,,Unknown,184.0,right,1152541.0,29.0,Riechedly Bazoer,,1.0,23,1155782.0,,,,,,,,,,,,,
614574,Juninho Bacuna,Curacao,287981,1997-08-07,defensive midfielder,4081.0,Gaziantep FK,178.0,right,1162292.0,28.0,Juninho Bacuna,78.0,2.0,7,1452865.0,,,,,,,,,,,,,
643232,Kenji Gorré,Curacao,287981,1994-09-29,left winger,10185.0,Maccabi Haifa,174.0,right,390897.0,31.0,Kenji Gorré,,3.0,14,488621.0,,,,,,,,,,,,,
671327,Sherel Floranus,Curacao,287981,1998-08-23,left back,6413.0,PEC Zwolle,181.0,right,665131.0,27.0,Sherel Floranus,59.0,1.0,5,831414.0,,,,,,,,,,,,,
708738,Juriën Gaari,Curacao,287981,1993-12-23,center back,150414.0,Abha,183.0,right,205356.0,32.0,Juriën Gaari,33.0,1.0,3,193545.0,,,,,,,,,,,,,
751066,Tahith Chong,Curacao,287981,1999-12-04,right midfielder,8657.0,Sheffield United,185.0,left,2279433.0,26.0,Tahith Chong,72.0,2.0,21,2849292.0,,,,,,,,,,,,,
794244,Armando Obispo,Curacao,287981,1999-03-05,center back,8640.0,PSV Eindhoven,184.0,left,1895338.0,27.0,Armando Obispo,35.0,1.0,18,2250193.0,,,,,,,,,,,,,
873856,Trevor Doornbusch,Curacao,287981,1999-07-06,keeper,9839.0,VVV-Venlo,188.0,right,154603.0,26.0,Trevor Doornbusch,,0.0,26,193253.0,,,,,,,,,,,,,
875845,Kevin Felida,Curacao,287981,1999-11-11,central midfielder,9835.0,FC Den Bosch,174.0,right,195116.0,26.0,Kevin Felida,,2.0,22,243895.0,,,,,,,,,,,,,
924844,Roshon van Eijma,Curacao,287981,1998-06-09,center back,10219.0,RKC Waalwijk,186.0,right,135173.0,28.0,Roshon van Eijma,,1.0,4,119231.0,,,,,,,,,,,,,
938524,Godfried Roemeratoe,Curacao,287981,1999-08-19,central midfielder,10219.0,RKC Waalwijk,180.0,right,160525.0,26.0,Godfried Roemeratoe,,2.0,6,159281.0,,,,,,,,,,,,,
1020026,Sebastián Cáceres,Uruguay,5796,1999-08-18,center back,6576.0,CF America,180.0,right,2493120.0,26.0,Sebastián Cáceres,34.0,1.0,3,3116400.0,,,,,,,,,,,,,
1031656,Maxi Araújo,Uruguay,5796,2000-02-15,left back,9768.0,Sporting CP,180.0,left,22609122.0,,Maxi Araújo,,,,,,,,,,,,,,,,,
1032811,Federico Viñas,Uruguay,5796,1998-06-30,striker,1841.0,Leon,180.0,left,2430811.0,27.0,Federico Viñas,,3.0,21,2736548.0,,,,,,,,,,,,,
1035614,Manuel Ugarte,Uruguay,5796,2001-04-11,defensive midfielder,10260.0,Manchester United,182.0,right,37761001.0,25.0,Manuel Ugarte,66.0,2.0,5,41956668.0,,,,,,,,,,,,,
1053963,Juan Sanabria,Uruguay,5796,2000-03-29,left back,6606.0,Real Salt Lake,172.0,left,2471238.0,26.0,Juan Sanabria,38.0,1.0,25,2984556.0,,,,,,,,,,,,,
1070776,Rodrigo Zalazar,Uruguay,5796,1999-08-12,right winger,9768.0,Sporting CP,178.0,right,20435681.0,26.0,Rodrigo Zalazar,,3.0,26,22706312.0,,,,,,,,,,,,,
1073402,Facundo Pellistri,Uruguay,5796,2001-12-20,right winger,10200.0,Panathinaikos,174.0,right,5768603.0,24.0,Facundo Pellistri,,3.0,11,6786592.0,,,,,,,,,,,,,
1137909,Emiliano Martínez,Uruguay,5796,1999-08-17,defensive midfielder,10283.0,Palmeiras,185.0,right,7632724.0,26.0,Emiliano Martínez,,2.0,15,8979676.0,,,,,,,,,,,,,
401095,Rodrigo Aguirre,Uruguay,5796,1994-10-01,striker,8561.0,Tigres,182.0,left,1662173.0,31.0,Rodrigo Aguirre,,3.0,19,1662173.0,,,,,,,,,,,,,
438647,Giorgian de Arrascaeta,Uruguay,5796,1994-06-01,attacking midfielder,9770.0,Flamengo,173.0,right,12963842.0,32.0,Giorgian De Arrascaeta,,2.0,10,14404269.0,,,,,,,,,,,,,
465614,Guillermo Varela,Uruguay,5796,1993-03-24,right back,9770.0,Flamengo,173.0,right,862229.0,33.0,Guillermo Varela,32.0,1.0,13,1077786.0,,,,,,,,,,,,,
474589,José Giménez,Uruguay,5796,1995-01-20,center back,9906.0,Atletico Madrid,185.0,right,11398208.0,31.0,José Giménez,,1.0,2,12664676.0,,,,,,,,,,,,,
553476,Sergio Rochet,Uruguay,5796,1993-03-23,keeper,8702.0,Internacional,189.0,right,1230105.0,33.0,Sergio Rochet,,0.0,1,1216842.0,,,,,,,,,,,,,
56829,Fernando Muslera,Uruguay,5796,1986-06-16,keeper,10094.0,Estudiantes,190.0,right,692539.0,40.0,Fernando Muslera,11.0,0.0,23,643472.0,,,,,,,,,,,,,
620618,Rodrigo Bentancur,Uruguay,5796,1997-06-25,defensive midfielder,8586.0,Tottenham Hotspur,187.0,right,18974677.0,29.0,Rodrigo Bentancur,64.0,2.0,6,21082975.0,,,,,,,,,,,,,
729093,Mathías Olivera,Uruguay,5796,1997-10-31,center back,9875.0,Napoli,185.0,left,15869654.0,28.0,Mathías Olivera,36.0,1.0,16,17632949.0,,,,,,,,,,,,,
743533,Federico Valverde,Uruguay,5796,1998-07-22,right back,8633.0,Real Madrid,182.0,right,116367199.0,27.0,Federico Valverde,85.0,2.0,8,112969063.0,,,,,,,,,,,,,True
751198,Nicolás de la Cruz,Uruguay,5796,1997-06-01,defensive midfielder,9770.0,Flamengo,167.0,right,9303741.0,29.0,Nicolás de la Cruz,,2.0,7,10337490.0,,,,,,,,,,,,,
840184,Matías Viña,Uruguay,5796,1997-11-09,left back,10076.0,River Plate,180.0,left,2526588.0,28.0,Matías Viña,,1.0,17,3158235.0,,,,,,,,,,,,,
840212,Agustín Canobbio,Uruguay,5796,1998-10-01,right winger,9863.0,Fluminense,175.0,right,3939488.0,,Agustín Canobbio,,,,,,,,,,,,,,,,,
848027,Santiago Mele,Uruguay,5796,1997-09-06,keeper,7849.0,Monterrey,184.0,right,1323246.0,28.0,Santiago Mele,,0.0,12,1654058.0,,,,,,,,,,,,,
848034,Santiago Bueno,Uruguay,5796,1998-11-09,center back,8602.0,Wolverhampton Wanderers,189.0,right,12996933.0,27.0,Santiago Bueno,,1.0,24,14441037.0,,,,,,,,,,,,,
861661,Joaquín Piquerez,Uruguay,5796,1998-08-24,left back,10283.0,Palmeiras,184.0,left,13161262.0,27.0,Joaquín Piquerez,,1.0,22,13161262.0,,,,,,,,,,,,,
921253,Ronald Araujo,Uruguay,5796,1999-03-07,center back,8634.0,Barcelona,192.0,right,28100997.0,27.0,Ronald Araujo,,1.0,4,31223330.0,,,,,,,,,,,,,
941660,Brian Rodríguez,Uruguay,5796,2000-05-20,left winger,6576.0,CF America,174.0,right,7220714.0,26.0,Brian Rodríguez,,3.0,18,8494958.0,,,,,,,,,,,,,
950561,Darwin Núñez,Uruguay,5796,1999-06-24,striker,2529.0,Al Hilal,187.0,right,23994477.0,27.0,Darwin Núñez,115.0,3.0,9,26660531.0,,,,,,,,,,,,,
1023943,Jacob Shaffelburg,Canada,5810,1999-11-26,left winger,867280.0,Los Angeles FC,178.0,left,1611954.0,26.0,Jacob Shaffelburg,,3.0,14,1611954.0,,,,,,,,,,6.29,,,
1026105,Dayne St. Clair,Canada,5810,1997-05-09,keeper,960720.0,Inter Miami CF,191.0,left,1710536.0,29.0,Dayne St. Clair,,0.0,1,1710536.0,,,,,,,,,,,,,
1026135,Tajon Buchanan,Canada,5810,1999-02-08,right midfielder,10205.0,Villarreal,183.0,right,11527839.0,27.0,Tajon Buchanan,72.0,2.0,17,11527839.0,,,,,,,,,,6.65,,,
1055426,Alistair Johnston,Canada,5810,1998-10-08,right back,9925.0,Celtic,180.0,right,7043743.0,,Alistair Johnston,,,,,,,,,,,,,,,,,
1082106,Jayden Nelson,Canada,5810,2002-09-26,left winger,1218886.0,Austin FC,170.0,right,1426915.0,23.0,Jayden Nelson,,3.0,26,1426915.0,,,,,,,,,,,,,
1100258,Joel Waterman,Canada,5810,1996-01-24,center back,6397.0,Chicago Fire FC,188.0,right,1197678.0,30.0,Joel Waterman,,1.0,5,1197678.0,,,,,,,,,,,,,
1216798,Nathan Saliba,Canada,5810,2004-02-07,defensive midfielder,8635.0,Anderlecht,173.0,right,5434016.0,,Nathan Saliba,,,,,,,,,,,,,,,,,
1252132,Promise David,Canada,5810,2001-07-03,striker,7978.0,Union St.Gilloise,196.0,right,15127899.0,,Promise David,,,,,,,,,,,,,,,,,
1288119,Ismaël Koné,Canada,5810,2002-06-16,central midfielder,7943.0,Sassuolo,188.0,right,18781599.0,24.0,Ismaël Koné,1000.0,2.0,8,18781599.0,,,,,,,,,,6.69,,,
1338740,Tani Oluwaseyi,Canada,5810,2000-05-15,striker,10205.0,Villarreal,188.0,left,7451302.0,26.0,Tani Oluwaseyi,106.0,3.0,12,7451302.0,,,,,,,,,,6.36,,,
1359536,Ali Ahmed,Canada,5810,2000-10-10,left winger,9850.0,Norwich City,180.0,right,2450364.0,25.0,Ali Ahmed,78.0,3.0,20,2450364.0,,,,,,,,,,6.5,,,
1399943,Luc De Fougerolles,Canada,5810,2005-10-12,center back,860801.0,Fulham U21,183.0,right,1369153.0,20.0,Luc De Fougerolles,36.0,1.0,4,1369153.0,,,,,,,,,,6.91,,,
1415372,Owen Goodman,Canada,5810,2003-11-27,keeper,1183385.0,Crystal Palace U18,193.0,left,666172.0,22.0,Owen Goodman,,0.0,18,666172.0,,,,,,,,,,,,,
1440009,Moïse Bombito,Canada,5810,2000-03-30,center back,9831.0,Nice,191.0,right,1385265.0,26.0,Moïse Bombito,34.0,1.0,15,1385265.0,,,,,,,,,,6.58,,,
1494508,Niko Sigur,Canada,5810,2003-09-09,right back,10154.0,Hajduk Split,180.0,right,2504943.0,22.0,Niko Sigur,74.0,1.0,23,2504943.0,,,,,,,,,,6.35,,,
432605,Jonathan Osorio,Canada,5810,1992-06-12,defensive midfielder,56453.0,Toronto FC,175.0,both,507678.0,34.0,Jonathan Osorio,,2.0,21,507678.0,,,,,,,,,,,,,
464919,Maxime Crépeau,Canada,5810,1994-05-11,keeper,267810.0,Orlando City,185.0,right,1005643.0,32.0,Maxime Crépeau,11.0,0.0,16,1005643.0,,,,,,,,,,6.78,,,
544312,Cyle Larin,Canada,5810,1995-04-17,striker,8466.0,Southampton,187.0,right,2034632.0,,Cyle Larin,,,,,,,,,,,,,,,,,
729506,Richie Laryea,Canada,5810,1995-01-07,left back,56453.0,Toronto FC,175.0,right,484011.0,,Richie Laryea,,,,,,,,,,,,,,,,,
751202,Alphonso Davies,Canada,5810,2000-11-02,left back,9823.0,Bayern München,183.0,left,40740500.0,25.0,Alphonso Davies,,1.0,19,40740500.0,,,,,,,,,,6.35,,,
789598,Alfie Jones,Canada,5810,1997-10-07,center back,8549.0,Middlesbrough,191.0,right,4238390.0,28.0,Alfie Jones,,1.0,3,4238390.0,,,,,,,,,,,,,
816223,Stephen Eustaquio,Canada,5810,1996-12-21,central midfielder,9773.0,FC Porto,178.0,right,4566598.0,,Stephen Eustaquio,,,,,,,,,,,,,,,,,
847629,Derek Cornelius,Canada,5810,1997-11-25,center back,8592.0,Marseille,187.0,left,2300363.0,28.0,Derek Cornelius,,1.0,13,2300363.0,,,,,,,,,,6.67,,,
932308,Liam Millar,Canada,5810,1999-09-27,left winger,8667.0,Hull City,185.0,right,1657933.0,26.0,Liam Millar,,3.0,11,1657933.0,,,,,,,,,,6.49,,,
939569,Jonathan David,Canada,5810,2000-01-14,striker,9885.0,Juventus,175.0,both,32860763.0,,Jonathan David,,,,,,,,,,,,,,,,,
943428,Mathieu Choinière,Canada,5810,1999-02-07,central midfielder,867280.0,Los Angeles FC,175.0,right,414779.0,27.0,Mathieu Choinière,,2.0,6,414779.0,,,,,,,,,,6.68,,,
1028896,Ali Olwan,Jordan,5816,2000-03-26,striker,101905.0,Al-Sailiya,182.0,right,412812.0,26.0,Ali Iyad Olwan,86.0,3.0,9,344010.0,,,,,,,,,,,,,
1033300,Mo Abualnadi,Jordan,5816,2001-02-08,center back,1515102.0,Corvinul Hunedoara,185.0,left,110239.0,25.0,Mo Abualnadi,,1.0,16,103503.0,,,,,,,,,,,,,
1036253,Noor Al Rawabdeh,Jordan,5816,1997-02-24,central midfielder,165223.0,Selangor,182.0,right,,29.0,Noor Al-Rawabdeh,66.0,2.0,8,,,,,,,,,,,,,,
1059129,Mohammad Abuzraiq,Jordan,5816,1997-12-30,right winger,102049.0,Raja Casablanca,169.0,left,,28.0,Mohammad Abuzraiq,,3.0,7,,,,,,,,,,,,,,
1179369,Saed Al-Rosan,Jordan,5816,1997-02-01,center back,101684.0,Ethad All Ramtha,186.0,right,,29.0,Saed Al-Rosan,,1.0,19,,,,,,,,,,,,,,
1195369,Nizar Al Rashdan,Jordan,5816,1999-03-23,central midfielder,101900.0,Qatar SC,183.0,right,218352.0,27.0,Nizar Al Rashdan,64.0,2.0,21,181960.0,,,,,,,,,,,,,
1202924,Ibrahim Saadeh,Jordan,5816,2000-04-27,central midfielder,101686.0,Al-Jazeera,182.0,right,200023.0,26.0,Ibrahim Saadeh,,2.0,15,200023.0,,,,,,,,,,,,,
1213678,Amer Jamous,Jordan,5816,2002-07-03,central midfielder,101659.0,Al Zawraa,177.0,right,,23.0,Amer Jamous,,2.0,6,,,,,,,,,,,,,,
1247001,Mohannad Abu Taha,Jordan,5816,2003-02-02,left wing-back,101656.0,Al Quwa Al Jawiya,173.0,left,193226.0,23.0,Mohannad Abu Taha,68.0,2.0,20,385919.0,,,,,,,,,,,,,
1312681,Abdallah Nasib,Jordan,5816,1994-02-25,center back,101688.0,Al-Hussein SC,185.0,right,,32.0,Abdallah Nasib,33.0,1.0,3,,,,,,,,,,,,,,
1350517,Mohammad Abu Hasheesh,Jordan,5816,1995-05-09,left midfielder,191814.0,Zakho,177.0,left,111363.0,31.0,Mohammad Abu Hasheesh,,2.0,2,111363.0,,,,,,,,,,,,,
1554109,Husam Abu Dahab,Jordan,5816,2000-05-13,center back,101665.0,Al-Faisaly,186.0,left,,26.0,Husam Abu Dahab,37.0,1.0,4,,,,,,,,,,,,,,
1554110,Nour Bani Attiah,Jordan,5816,1993-01-25,keeper,101665.0,Al-Faisaly,179.0,right,,33.0,Nour Bani Attiah,,0.0,12,,,,,,,,,,,,,,
1642793,Ali Al-Azaizeh,Jordan,5816,2004-04-13,right midfielder,101718.0,Kazma,178.0,left,307980.0,22.0,Ali Al-Azaizeh,84.0,2.0,24,307980.0,,,,,,,,,,,,,
1823348,Odeh Fakhouri,Jordan,5816,2005-11-20,left midfielder,517894.0,Pyramids FC,180.0,right,,20.0,Odeh Fakhouri,105.0,3.0,11,,,,,,,,,,,,,,
1902793,Mohammad Abu Ghoush,Jordan,5816,2005-07-13,defender,0.0,Shabab Al Ordon Al Quadisiya,183.0,left,,20.0,Mohammad Abu Ghoush,,1.0,18,,,,,,,,,,,,,,
546201,Ehsan Haddad,Jordan,5816,1994-02-05,right wing-back,101688.0,Al-Hussein SC,185.0,right,,32.0,Ehsan Haddad,62.0,2.0,23,,,,,,,,,,,,,,True
546203,Rajaei Ayed,Jordan,5816,1993-07-25,central midfielder,101688.0,Al-Hussein SC,179.0,right,,32.0,Rajaei Ayed,,2.0,14,,,,,,,,,,,,,,
600844,Mohammad Al-Daoud,Jordan,5816,1992-04-12,midfielder,134185.0,Al-Salt,177.0,right,,34.0,Mohammad Al-Daoud,,2.0,25,,,,,,,,,,,,,,
674520,Mahmoud Al Mardi,Jordan,5816,1993-10-06,left winger,101688.0,Al-Hussein SC,179.0,right,,32.0,Mahmoud Al Mardi,,2.0,13,,,,,,,,,,,,,,
734654,Yazeed Abulaila,Jordan,5816,1993-01-08,keeper,101688.0,Al-Hussein SC,188.0,right,,33.0,Yazeed Yazeed Abulaila,11.0,0.0,1,,,,,,,,,,,,,,
813055,Mousa Tamari,Jordan,5816,1997-06-10,left midfielder,9851.0,Rennes,178.0,left,4653544.0,29.0,Mousa Tamari,,2.0,10,5340000.0,,,,,,,,,,,,,
847766,Saleem Obaid,Jordan,5816,1992-01-17,center back,101688.0,Al-Hussein SC,187.0,left,,34.0,Saleem Obaid,,1.0,17,,,,,,,,,,,,,,
852168,Yazan Al Arab,Jordan,5816,1996-01-31,center back,92630.0,FC Seoul,185.0,left,654245.0,30.0,Yazan Abu Al-Arab,35.0,1.0,5,636491.0,,,,,,,,,,,,,
915790,Abdullah Al Fakhouri,Jordan,5816,2000-01-22,keeper,101690.0,Al-Wehdat,188.0,right,,26.0,Abdullah Al Fakhouri,,0.0,22,,,,,,,,,,,,,,
1042511,Aimar Sher,Iraq,5819,2002-12-20,defensive midfielder,8509.0,Sarpsborg 08,175.0,right,1046801.0,23.0,Aimar Sher,,2.0,20,1308501.0,,,,,,,,,,,,,
1092563,Hussein Ali,Iraq,5819,2002-03-01,right back,8023.0,Pogoń Szczecin,180.0,right,307485.0,24.0,Hussein Ali,,1.0,3,384357.0,,,,,,,,,,,,,
1113688,Ali Al Hamadi,Iraq,5819,2002-03-01,striker,9902.0,Ipswich Town,187.0,right,1357832.0,24.0,Ali Al Hamadi,115.0,3.0,9,1612081.0,,,,,,,,,,,,,
1132570,Ahmed Basil Fadhil,Iraq,5819,1996-08-19,keeper,101655.0,Al Shorta,186.0,both,,29.0,Ahmed Basil Fadhil,11.0,0.0,22,,,,,,,,,,,,,,
1132572,Ali Yousif,Iraq,5819,1996-01-19,forward,101660.0,Al Talaba,180.0,right,,30.0,Ali Yousif,,3.0,13,,,,,,,,,,,,,,
1138592,Zidane Iqbal,Iraq,5819,2003-04-27,defensive midfielder,278960.0,Jong FC Utrecht,181.0,right,1264124.0,23.0,Zidane Iqbal,64.0,2.0,14,1580155.0,,,,,,,,,,,,,
1162514,Marko Lawk Farji,Iraq,5819,2004-03-16,left winger,7881.0,Venezia,184.0,right,1294373.0,22.0,Marko Lawk Farji,,3.0,21,1617967.0,,,,,,,,,,,,,
1199113,Merchas Doski,Iraq,5819,1999-12-07,left back,6033.0,Viktoria Plzen,173.0,left,1006854.0,26.0,Merchas Doski,38.0,1.0,23,875700.0,,,,,,,,,,,,,
1224691,Ahmed Qasem,Iraq,5819,2003-07-12,left midfielder,915807.0,Nashville SC,183.0,left,2787348.0,22.0,Ahmed Qasem,83.0,3.0,11,3484185.0,,,,,,,,,,,,,
1235623,Youssef Amyn,Iraq,5819,2003-08-21,right midfielder,7797.0,AEK Larnaca,175.0,right,324616.0,22.0,Youssef Amyn,,3.0,7,405770.0,,,,,,,,,,,,,
1333336,Manaf Younis,Iraq,5819,1996-11-16,center back,101655.0,Al Shorta,190.0,right,,29.0,Manaf Younis,,1.0,6,,,,,,,,,,,,,,
1420369,Zaid Tahseen,Iraq,5819,2001-01-29,center back,101656.0,Al Quwa Al Jawiya,193.0,right,186354.0,25.0,Zaid Tahseen,,1.0,4,197397.0,,,,,,,,,,,,,
1478238,Ali Jasim,Iraq,5819,2004-01-20,left winger,10171.0,Como,178.0,right,445355.0,22.0,Ali Jasim,85.0,3.0,17,556694.0,,,,,,,,,,,,,
1554123,Mustafa Saadoun,Iraq,5819,2001-05-25,right back,101655.0,Al Shorta,182.0,right,,25.0,Mustafa Saadoun,,1.0,25,,,,,,,,,,,,,,
1606279,Akam Hashem,Iraq,5819,1998-08-16,center back,101659.0,Al Zawraa,184.0,left,,27.0,Akam Hashem,36.0,1.0,5,,,,,,,,,,,,,,
1642810,Ahmed Maknzi,Iraq,5819,2001-09-24,left back,1680577.0,Al-Karma,183.0,left,,24.0,Ahmed Maknzi,,1.0,15,,,,,,,,,,,,,,
1642820,Zaid Ismael,Iraq,5819,2002-01-03,central midfielder,101660.0,Al Talaba,185.0,right,,24.0,Zaid Ismael,,2.0,24,,,,,,,,,,,,,,
320139,Frans Putros,Iraq,5819,1993-07-14,central midfielder,165196.0,Persib Bandung,181.0,right,59148.0,32.0,Frans Putros,32.0,2.0,26,70191.0,,,,,,,,,,,,,
502481,Rebin Sulaka,Iraq,5819,1992-04-12,center back,165255.0,Port FC,192.0,right,71318.0,34.0,Rebin Sulaka,34.0,1.0,2,71318.0,,,,,,,,,,,,,
533495,Fahad Talib,Iraq,5819,1994-10-21,keeper,101660.0,Al Talaba,193.0,right,,31.0,Fahad Talib,,0.0,1,,,,,,,,,,,,,,
578761,Jalal Hassan,Iraq,5819,1991-05-18,keeper,101659.0,Al Zawraa,185.0,right,,35.0,Jalal Hassan,,0.0,12,,,,,,,,,,,,,,
674332,Ayman Hussein,Iraq,5819,1996-03-22,striker,1680577.0,Al-Karma,189.0,right,192052.0,30.0,Ayman Hussein,,3.0,18,164465.0,,,,,,,,,,,,,
858340,Amir Al-Ammari,Iraq,5819,1997-07-27,central midfielder,2186.0,Cracovia,180.0,left,625761.0,28.0,Amir Al-Ammari,66.0,2.0,16,782202.0,,,,,,,,,,,,,
926484,Mohanad Ali,Iraq,5819,2000-06-20,striker,391664.0,Dibba Al Fujairah,183.0,right,1040176.0,26.0,Mohanad Ali,,3.0,10,1051835.0,,,,,,,,,,,,,
941579,Kevin Yakob,Iraq,5819,2000-10-10,central midfielder,8071.0,AGF,184.0,right,481491.0,25.0,Kevin Yakob,,2.0,19,601864.0,,,,,,,,,,,,,
942834,Ibrahim Bayesh,Iraq,5819,2000-05-01,right midfielder,102118.0,Al-Dhafra,183.0,right,,26.0,Ibrahim Bayesh,87.0,2.0,8,,,,,,,,,,,,,,True
1013276,Callan Elliot,New Zealand,5820,1999-07-07,right back,1642068.0,Auckland FC,177.0,right,227223.0,26.0,Callan Elliot,,1.0,24,284029.0,,,,,,,,,,,,,
1034995,Ben Waine,New Zealand,5820,2001-06-11,striker,9799.0,Port Vale,179.0,right,463227.0,25.0,Ben Waine,,3.0,18,575090.0,,,,,,,,,,,,,
1053731,Nando Pijnaker,New Zealand,5820,1999-02-25,center back,1642068.0,Auckland FC,191.0,left,197573.0,27.0,Nando Pijnaker,,1.0,15,246967.0,,,,,,,,,,,,,
1053736,Elijah Just,New Zealand,5820,2000-05-01,attacking midfielder,9927.0,Motherwell,174.0,left,970248.0,,Elijah Just,,,,,,,,,,,,,,,,,
115025,Tommy Smith,New Zealand,5820,1990-03-31,center back,5763.0,Braintree Town,185.0,left,50000.0,36.0,Tommy Smith,,1.0,26,50000.0,,,,,,,,,,,,,
1209597,Marko Stamenic,New Zealand,5820,2002-02-19,defensive midfielder,10003.0,Swansea City,188.0,right,2939396.0,24.0,Marko Stamenic,66.0,2.0,8,3674246.0,,,,,,,,,,,,,
1257745,Benjamin Old,New Zealand,5820,2002-08-13,left back,9853.0,Saint-Etienne,173.0,left,874403.0,23.0,Benjamin Old,,1.0,19,987990.0,,,,,,,,,,,,,
1272118,Alex Paulsen,New Zealand,5820,2002-07-04,keeper,9927.0,Motherwell,183.0,right,1004887.0,23.0,Alex Paulsen,,0.0,12,837406.0,,,,,,,,,,,,,
128949,Michael Boxall,New Zealand,5820,1988-08-18,center back,207242.0,Minnesota United,188.0,right,104588.0,37.0,Michael Boxall,,1.0,5,103344.0,,,,,,,,,,,,,
1325761,Finn Surman,New Zealand,5820,2003-09-23,center back,307690.0,Portland Timbers,190.0,right,1360702.0,,Finn Surman,,,,,,,,,,,,,,,,,
1460327,Jesse Randall,New Zealand,5820,2002-08-19,left midfielder,1642068.0,Auckland FC,176.0,right,520609.0,23.0,Jesse Randall,,3.0,21,485085.0,,,,,,,,,,,,,
1565865,Lachlan Bayliss,New Zealand,5820,2002-07-24,attacking midfielder,1642068.0,Auckland FC,178.0,right,316287.0,23.0,Lachlan Bayliss,,2.0,25,263573.0,,,,,,,,,,,,,
169719,Chris Wood,New Zealand,5820,1991-12-07,striker,10203.0,Nottingham Forest,191.0,right,5447184.0,,Chris Wood,,,,,,,,,,,,,,,,,
315201,Max Crocombe,New Zealand,5820,1993-08-12,keeper,10004.0,Millwall,194.0,right,652638.0,32.0,Max Crocombe,11.0,0.0,1,557499.0,,,,,,,,,,,,,
324305,Tim Payne,New Zealand,5820,1994-01-10,right back,6619.0,Olimpia,179.0,right,163817.0,,Tim Payne,,,,,,,,,,,,,,,,,
496356,Ryan Thomas,New Zealand,5820,1994-12-20,defensive midfielder,6413.0,PEC Zwolle,174.0,right,510759.0,31.0,Ryan Thomas,85.0,2.0,23,638449.0,,,,,,,,,,,,,
519240,Alex Rufer,New Zealand,5820,1996-06-12,central midfielder,78785.0,Wellington Phoenix,184.0,right,219025.0,30.0,Alex Rufer,,2.0,14,201686.0,,,,,,,,,,,,,
676431,Logan Rogerson,New Zealand,5820,1998-05-28,right midfielder,1642068.0,Auckland FC,182.0,right,211639.0,28.0,Logan Rogerson,,3.0,7,264549.0,,,,,,,,,,,,,
724531,Sarpreet Singh,New Zealand,5820,1999-02-20,attacking midfielder,676140.0,TSC Backa Topola,180.0,left,179554.0,27.0,Sarpreet Singh,83.0,2.0,10,224443.0,,,,,,,,,,,,,
825593,Francis de Vries,New Zealand,5820,1994-11-28,left back,1642068.0,Auckland FC,188.0,left,229464.0,31.0,Francis De Vries,,1.0,3,286830.0,,,,,,,,,,,,,
848317,Michael Woud,New Zealand,5820,1999-01-16,keeper,1642068.0,Auckland FC,196.0,left,233750.0,27.0,Michael Woud,,0.0,22,234307.0,,,,,,,,,,,,,
848345,Joe Bell,New Zealand,5820,1999-04-27,defensive midfielder,8478.0,Viking,182.0,right,1631846.0,27.0,Joe Bell,64.0,2.0,6,1944686.0,,,,,,,,,,,,,
848352,Callum McCowatt,New Zealand,5820,1999-04-30,attacking midfielder,8415.0,Silkeborg,179.0,right,1473464.0,27.0,Callum McCowatt,,2.0,20,1680602.0,,,,,,,,,,,,,
919671,Liberato Cacace,New Zealand,5820,2000-09-27,left wing-back,9841.0,Wrexham,184.0,left,1993062.0,25.0,Liberato Cacace,38.0,2.0,13,2409430.0,,,,,,,,,,,,,
96488,Kosta Barbarouses,New Zealand,5820,1990-02-19,striker,323834.0,Western Sydney Wanderers FC,171.0,both,176121.0,36.0,Kosta Barbarouses,,3.0,17,161932.0,,,,,,,,,,,,,
1054027,Carlos Dos Santos,Cape Verde,5888,2000-08-24,keeper,1701119.0,San Diego FC,194.0,right,652094.0,25.0,Carlos Dos Santos,,0.0,23,652094.0,,,,,,,,,,,,,
1165477,Telmo Arcanjo,Cape Verde,5888,2001-06-21,right winger,7844.0,Vitoria de Guimaraes,180.0,left,1896676.0,25.0,Telmo Arcanjo,,3.0,18,1896676.0,,,,,,,,,,6.29,,,
1175733,Kelvin Pires,Cape Verde,5888,2000-06-05,center back,162162.0,SJK,193.0,right,166193.0,26.0,Kelvin Pires,,1.0,25,166193.0,,,,,,,,,,,,,
1205410,Yannick Semedo,Cape Verde,5888,1995-12-29,central midfielder,6004.0,Farense,171.0,right,,,Yannick Semedo,,,,,,,,,,,,,,,,,
1241301,João Paulo,Cape Verde,5888,1998-05-26,left back,9723.0,FCSB,180.0,left,400485.0,28.0,João Paulo,,2.0,8,400485.0,,,,,,,,,,7.11,,,
1241302,Gilson Benchimol,Cape Verde,5888,2001-12-29,striker,1068364.0,Akron Togliatti,177.0,right,814117.0,24.0,Gilson Benchimol,,3.0,9,814117.0,,,,,,,,,,6.32,,,
1309634,Dailon Livramento,Cape Verde,5888,2001-05-04,striker,9876.0,Hellas Verona,185.0,right,798402.0,25.0,Dailon Livramento,,3.0,19,798402.0,,,,,,,,,,5.79,,,
1441786,Sidny Lopes Cabral,Cape Verde,5888,2002-09-18,left back,9752.0,Trabzonspor,170.0,both,1614076.0,,Sidny Lopes Cabral,,,,,,,,,,,,,,,,,
1460591,Wagner Pina,Cape Verde,5888,2002-11-03,right back,9752.0,Trabzonspor,180.0,right,9371528.0,23.0,Wagner Pina,,1.0,24,9371528.0,,,,,,,,,,7.39,,,
1524518,Hélio Varela,Cape Verde,5888,2002-05-03,left winger,7855.0,Maccabi Tel Aviv,176.0,right,1053773.0,,Hélio Varela,,,,,,,,,,,,,,,,,
164062,Stopira,Cape Verde,5888,1988-05-20,center back,212820.0,Torreense,180.0,left,216742.0,38.0,Stopira,,1.0,2,216742.0,,,,,,,,,,,,,
172615,Ryan Mendes,Cape Verde,5888,1990-01-08,right winger,1281818.0,Igdir FK,178.0,right,142222.0,,Ryan Mendes,,,,,,,,,,,,,,,,,
230134,Roberto Lopes,Cape Verde,5888,1992-06-17,center back,4131.0,Shamrock Rovers,174.0,right,50000.0,34.0,Roberto Lopes,34.0,1.0,4,50000.0,,,,,,,,,,7.24,,,
302912,Garry Rodrigues,Cape Verde,5888,1990-11-27,right winger,8003.0,Apollon Limassol,173.0,right,208696.0,35.0,Garry Rodrigues,,3.0,11,208696.0,,,,,,,,,,6.44,,,
422149,Vozinha,Cape Verde,5888,1986-06-03,keeper,9774.0,Chaves,188.0,right,179753.0,,Vozinha,,,,,,,,,,,,,,,,,
444000,Steven Moreira,Cape Verde,5888,1994-08-13,center back,6001.0,Columbus Crew,178.0,right,722005.0,31.0,Steven Moreira,32.0,1.0,22,722005.0,,,,,,,,,,6.56,,,
496648,Diney Borges,Cape Verde,5888,1995-01-17,center back,102124.0,Sharjah Cultural Club,185.0,right,691510.0,,Diney Borges,,,,,,,,,,,,,,,,,
665167,Laros Duarte,Cape Verde,5888,1997-02-28,defensive midfielder,355346.0,Puskas FC Academy,180.0,right,654439.0,29.0,Laros Duarte,84.0,2.0,15,654439.0,,,,,,,,,,6.66,,,
671326,Nuno da Costa,Cape Verde,5888,1991-02-10,striker,1933.0,Başakşehir,184.0,right,415170.0,35.0,Nuno da Costa,115.0,3.0,21,415170.0,,,,,,,,,,6.38,,,
680905,Jamiro Monteiro,Cape Verde,5888,1993-11-23,central midfielder,8464.0,NEC Nijmegen,175.0,right,418882.0,32.0,Jamiro Monteiro,,2.0,10,418882.0,,,,,,,,,,6.54,,,
785716,Jovane Cabral,Cape Verde,5888,1998-06-14,left winger,9769.0,Gremio,174.0,right,484392.0,28.0,Jovane Cabral,88.0,3.0,7,484392.0,,,,,,,,,,7.04,,,
798069,Deroy Duarte,Cape Verde,5888,1999-07-04,defensive midfielder,210173.0,Ludogorets Razgrad,184.0,right,911965.0,,Deroy Duarte,,,,,,,,,,,,,,,,,
865144,Márcio Rosa,Cape Verde,5888,1997-02-23,keeper,46475.0,Montana,186.0,right,100181.0,29.0,Márcio Rosa,,0.0,12,100181.0,,,,,,,,,,,,,
873832,Willy Semedo,Cape Verde,5888,1994-04-27,left winger,8044.0,Omonia Nicosia,185.0,right,578270.0,32.0,Willy Semedo,,3.0,17,578270.0,,,,,,,,,,6.22,,,
890503,Kevin Pina,Cape Verde,5888,1997-01-27,defensive midfielder,168719.0,FC Krasnodar,190.0,both,2177020.0,,Kevin Pina,,,,,,,,,,,,,,,,,
922877,Logan Costa,Cape Verde,5888,2001-04-01,defender,10205.0,Villarreal,188.0,right,19435661.0,25.0,Logan Costa,,1.0,5,19435661.0,,,,,,,,,,,,,
1053982,Salah Zakaria,Qatar,5902,1999-04-24,keeper,203826.0,Al-Duhail SC,189.0,right,254525.0,27.0,Salah Zakaria,,0.0,21,259062.0,,,,,,,,,,,,,
1053987,Yusuf Abdurisag,Qatar,5902,1999-08-06,right winger,101895.0,Al-Sadd,175.0,right,296713.0,26.0,Yusuf Abdurisag,,3.0,15,277536.0,,,,,,,,,,,,,
117539,Hassan Al Haydos,Qatar,5902,1990-12-11,right winger,101895.0,Al-Sadd,174.0,right,206771.0,35.0,Hassan Al Haidos,107.0,3.0,10,206771.0,,,,,,,,,,,,,True
1195865,Jassem Gaber,Qatar,5902,2002-02-20,defensive midfielder,101898.0,Al-Rayyan,181.0,right,432496.0,24.0,Jassem Gaber,73.0,2.0,5,540621.0,,,,,,,,,,,,,
1210913,Ahmed Al Ganehi,Qatar,5902,2000-09-22,right winger,101898.0,Al-Rayyan,178.0,right,354876.0,25.0,Ahmed Al Ganehi,,3.0,17,354876.0,,,,,,,,,,,,,
1213141,Mahmoud Abunada,Qatar,5902,2000-02-05,keeper,101898.0,Al-Rayyan,191.0,left,323175.0,26.0,Mahmud Abunada,11.0,0.0,1,403968.0,,,,,,,,,,,,,
1432180,Ayoub Al Oui,Qatar,5902,2005-03-11,right back,101897.0,Al-Gharafa,181.0,right,,21.0,Ayoub Al Oui,,1.0,13,,,,,,,,,,,,,,
149583,Lucas Mendes,Qatar,5902,1990-07-03,center back,101901.0,Al-Wakrah,184.0,left,251242.0,35.0,Lucas Mendes,,1.0,3,314052.0,,,,,,,,,,,,,
1553870,Mohammad Al Manai,Qatar,5902,2002-10-25,attacking midfielder,101904.0,Al-Shamal,180.0,right,515927.0,22.0,Mohamed Al Mannai,,2.0,26,516724.0,,,,,,,,,,,,,
1642780,Al Hashmi Al Hussain,Qatar,5902,2003-08-15,center back,101899.0,Al-Arabi,184.0,right,319029.0,22.0,Hashmi Al Hussain,,1.0,25,342853.0,,,,,,,,,,,,,
1648351,Tahsin Mohammed,Qatar,5902,2006-06-16,right winger,203826.0,Al-Duhail SC,166.0,right,,20.0,Tahsin Jamshid,,3.0,24,,,,,,,,,,,,,,
1839745,Issa Laye,Qatar,5902,1997-12-22,center back,101899.0,Al-Arabi,188.0,right,262639.0,28.0,Issa Laye,36.0,1.0,4,328299.0,,,,,,,,,,,,,
264096,Ahmed Alaa,Qatar,5902,1993-01-31,striker,101898.0,Al-Rayyan,177.0,right,291553.0,33.0,Ahmed Alaaeldin,,3.0,7,364442.0,,,,,,,,,,,,,
308909,Abdulaziz Hatem,Qatar,5902,1990-10-28,attacking midfielder,101898.0,Al-Rayyan,183.0,left,175234.0,35.0,Abdulaziz Hatem,,2.0,6,175234.0,,,,,,,,,,,,,
308921,Boualem Khoukhi,Qatar,5902,1990-07-09,center back,101895.0,Al-Sadd,180.0,right,307816.0,35.0,Boualem Khoukhi,34.0,1.0,16,384771.0,,,,,,,,,,,,,
309153,Karim Boudiaf,Qatar,5902,1990-09-16,defensive midfielder,203826.0,Al-Duhail SC,190.0,right,175033.0,35.0,Karim Boudiaf,77.0,2.0,12,197278.0,,,,,,,,,,,,,
365245,Edmílson Junior,Qatar,5902,1994-08-19,right winger,203826.0,Al-Duhail SC,181.0,right,1018845.0,31.0,Edmílson Junior,103.0,3.0,8,1024083.0,,,,,,,,,,,,,
431151,Mohammed Muntari,Qatar,5902,1993-12-20,striker,101897.0,Al-Gharafa,194.0,right,199236.0,32.0,Mohammed Muntari,,3.0,9,221879.0,,,,,,,,,,,,,
613792,Akram Afif,Qatar,5902,1996-11-18,left winger,101895.0,Al-Sadd,177.0,right,4110349.0,29.0,Akram Afif,105.0,3.0,11,3987922.0,,,,,,,,,,,,,
615414,Assim Madibo,Qatar,5902,1996-10-22,defensive midfielder,203826.0,Al-Duhail SC,168.0,right,190418.0,29.0,Assim Madibo,1100.0,2.0,23,192857.0,,,,,,,,,,,,,
644014,Sultan Al Brake,Qatar,5902,1996-04-07,left back,203826.0,Al-Duhail SC,175.0,left,245853.0,30.0,Sultan Al Brake,38.0,1.0,18,254130.0,,,,,,,,,,,,,
644017,Almoez Ali,Qatar,5902,1996-08-19,striker,203826.0,Al-Duhail SC,180.0,right,1298327.0,29.0,Almoez Ali,,3.0,19,1439021.0,,,,,,,,,,,,,
734637,Pedro Miguel,Qatar,5902,1990-08-06,center back,101895.0,Al-Sadd,182.0,right,,35.0,Pedro Miguel,32.0,1.0,2,,,,,,,,,,,,,,
898424,Ahmed Fathy,Qatar,5902,1993-01-25,defensive midfielder,101899.0,Al-Arabi,171.0,right,195126.0,33.0,Ahmed Fathi,75.0,2.0,20,208827.0,,,,,,,,,,,,,
922387,Meshaal Barsham,Qatar,5902,1998-02-14,keeper,101895.0,Al-Sadd,180.0,right,650907.0,28.0,Meshaal Barsham,,0.0,22,650907.0,,,,,,,,,,,,,
937414,Homam El Amin,Qatar,5902,1999-08-25,left back,203826.0,Al-Duhail SC,188.0,left,297213.0,26.0,Homam Al-Amin,,,,297213.0,,,,,,,,,,,,,
1017520,Carlos Harvey,Panama,5922,2000-02-03,center back,207242.0,Minnesota United,185.0,right,305483.0,26.0,Carlos Harvey,74.0,1.0,14,381854.0,,,,,,,,,,,,,
1054138,Tomás Rodríguez,Panama,5922,1999-03-09,striker,6453.0,Barcelona SC,183.0,right,579891.0,27.0,Tomás Rodríguez,115.0,3.0,9,632276.0,,,,,,,,,,,,,
1137803,César Yanis,Panama,5922,1996-01-28,central midfielder,4055.0,Cobresal,160.0,left,226895.0,30.0,César Yanis,,2.0,21,189079.0,,,,,,,,,,,,,
1223132,José Córdoba,Panama,5922,2001-06-03,center back,9850.0,Norwich City,187.0,left,3287770.0,25.0,José Córdoba,35.0,1.0,3,4109713.0,,,,,,,,,,,,,
1330683,César Samudio,Panama,5922,1994-02-23,keeper,9932.0,CD Marathon,189.0,left,,32.0,César Samudio,,0.0,12,,,,,,,,,,,,,,
1404414,Azarías Londoño,Panama,5922,2001-06-21,right winger,113053.0,Universidad Catolica,185.0,right,761389.0,25.0,Azarías Londoño,,3.0,24,868215.0,,,,,,,,,,,,,
1454648,Edgardo Fariña,Panama,5922,2001-10-19,center back,657508.0,Nizhny Novgorod,194.0,right,1099045.0,24.0,Edgardo Fariña,,1.0,5,1127127.0,,,,,,,,,,,,,
183088,Alberto Quintero,Panama,5922,1987-12-18,midfielder,165476.0,CD Plaza Amador,165.0,right,181057.0,38.0,Alberto Quintero,,3.0,19,226321.0,,,,,,,,,,,,,
206088,Luis Mejía,Panama,5922,1991-03-16,keeper,8304.0,Nacional,193.0,left,252929.0,35.0,Luis Mejía,,0.0,1,232826.0,,,,,,,,,,,,,
308131,Aníbal Godoy,Panama,5922,1990-02-10,central midfielder,1701119.0,San Diego FC,183.0,left,69173.0,36.0,Aníbal Godoy,,2.0,20,76121.0,,,,,,,,,,,,,
312159,Cecilio Waterman,Panama,5922,1991-04-13,striker,4054.0,Universidad de Concepcion,181.0,right,252396.0,35.0,Cecilio Waterman,,3.0,18,255088.0,,,,,,,,,,,,,
501847,Roderick Miller,Panama,5922,1992-04-03,center back,4674.0,Turan Tovuz,189.0,left,153592.0,34.0,Roderick Miller,,1.0,25,153592.0,,,,,,,,,,,,,
503710,Éric Davis,Panama,5922,1991-03-31,left wing-back,165476.0,CD Plaza Amador,180.0,left,134087.0,35.0,Éric Davis,,2.0,15,132165.0,,,,,,,,,,,,,
526710,Yoel Bárcenas,Panama,5922,1993-10-23,central midfielder,1170234.0,Mazatlan FC,175.0,right,417821.0,32.0,Yoel Bárcenas,76.0,2.0,11,521964.0,,,,,,,,,,,,,True
531913,Orlando Mosquera,Panama,5922,1994-12-25,keeper,582749.0,Al-Fayha,191.0,right,297942.0,31.0,Orlando Mosquera,11.0,0.0,22,289356.0,,,,,,,,,,,,,
574077,Ismael Díaz,Panama,5922,1997-05-12,left winger,1841.0,Leon,182.0,right,1248533.0,29.0,Ismael Díaz,,3.0,10,1560666.0,,,,,,,,,,,,,
643635,Amir Murillo,Panama,5922,1996-02-11,right back,10188.0,Beşiktaş,183.0,right,7111372.0,30.0,Amir Murillo,51.0,1.0,23,8366320.0,,,,,,,,,,,,,
643638,Fidel Escobar,Panama,5922,1995-01-09,center back,6607.0,Deportivo Saprissa,181.0,right,50000.0,31.0,Fidel Escobar,33.0,1.0,4,50000.0,,,,,,,,,,,,,
643682,Adalberto Carrasquilla,Panama,5922,1998-11-28,central midfielder,1946.0,Pumas,170.0,right,2208317.0,27.0,Adalberto Carrasquilla,,2.0,8,2587686.0,,,,,,,,,,,,,
688448,Jiovany Ramos,Panama,5922,1997-01-26,center back,657277.0,Academia Puerto Cabello,189.0,right,145710.0,29.0,Jiovany Ramos,,1.0,13,121444.0,,,,,,,,,,,,,
688449,Andrés Andrade,Panama,5922,1998-10-16,center back,9977.0,LASK,187.0,left,1200417.0,27.0,Andrés Andrade,37.0,1.0,16,1377080.0,,,,,,,,,,,,,
727101,Cristian Martínez,Panama,5922,1997-02-06,defensive midfielder,6019.0,Slovan Bratislava,170.0,right,518871.0,29.0,Cristian Martínez,72.0,2.0,6,648589.0,,,,,,,,,,,,,
888966,César Blackman,Panama,5922,1998-04-02,right back,6019.0,Slovan Bratislava,174.0,right,1309247.0,28.0,César Blackman,,1.0,2,1558623.0,,,,,,,,,,,,,
924235,Jorge Gutiérrez,Panama,5922,1998-09-01,left back,176496.0,Deportivo La Guaira,171.0,left,343158.0,27.0,Jorge Gutiérrez,59.0,1.0,26,343158.0,,,,,,,,,,,,,
940333,José Luis Rodríguez,Panama,5922,1998-06-19,left winger,649424.0,FC Juarez,180.0,left,1688534.0,28.0,José Luis Rodriguez,78.0,3.0,7,2110668.0,,,,,,,,,,,,,
940334,José Fajardo,Panama,5922,1993-08-18,striker,113053.0,Universidad Catolica,181.0,right,325770.0,32.0,José Fajardo,,3.0,17,273292.0,,,,,,,,,,,,,
103468,Johny Placide,Haiti,5934,1988-01-29,keeper,7794.0,SC Bastia,181.0,right,208945.0,38.0,Johny Placide,11.0,0.0,1,197911.0,,,,,,,,,,,,,True
1079194,Don Deedson Louicius,Haiti,5934,2001-02-11,left wing-back,6399.0,FC Dallas,178.0,left,,25.0,Don Deedson Louicius,,2.0,11,,,,,,,,,,,,,,
1107287,Carl Sainté,Haiti,5934,2002-08-09,center back,1003209.0,El Paso Locomotive FC,182.0,right,69402.0,23.0,Carl Sainté,,1.0,6,69402.0,,,,,,,,,,,,,
1181438,Martin Expérience,Haiti,5934,1999-03-09,left wing-back,,Unknown,178.0,left,217557.0,27.0,Martin Expérience,38.0,1.0,8,181297.0,,,,,,,,,,,,,
1199382,Josué Casimir,Haiti,5934,2001-09-24,right midfielder,8583.0,Auxerre,178.0,right,3526640.0,24.0,Josué Casimir,72.0,2.0,21,4408300.0,,,,,,,,,,,,,
1200016,Ruben Providence,Haiti,5934,2001-07-07,left winger,4116.0,Almere City FC,178.0,right,221974.0,24.0,Ruben Providence,78.0,3.0,15,277468.0,,,,,,,,,,,,,
1209244,Alexandre Pierre,Haiti,5934,2001-02-25,keeper,9874.0,Sochaux,190.0,right,271235.0,25.0,Alexandre Pierre,,0.0,12,310653.0,,,,,,,,,,,,,
1242314,Lenny Joseph,Haiti,5934,2000-10-12,striker,8222.0,Ferencvaros,183.0,right,1350126.0,25.0,Lenny Joseph,115.0,3.0,16,1137797.0,,,,,,,,,,,,,
1286428,Garven Metusala,Haiti,5934,1999-12-31,center back,614321.0,Colorado Springs Switchbacks FC,186.0,both,61751.0,26.0,Garven Metusala,,1.0,14,60507.0,,,,,,,,,,,,,
1329461,Danley Jean Jacques,Haiti,5934,2000-05-20,central midfielder,191716.0,Philadelphia Union,180.0,right,1913572.0,26.0,Danley Jean Jacques,74.0,2.0,17,1875338.0,,,,,,,,,,,,,
1356595,Dominique Simon,Haiti,5934,2000-07-29,central midfielder,2406.0,Pardubice,179.0,right,172115.0,25.0,Dominique Simon,,2.0,25,143429.0,,,,,,,,,,,,,
1394254,Wilguens Paugain,Haiti,5934,2001-08-24,right wing-back,10000.0,Zulte Waregem,180.0,right,565288.0,24.0,Wilguens Paugain,,2.0,24,471074.0,,,,,,,,,,,,,
1447452,Olivier Pierre,Haiti,5934,2004-12-30,midfielder,911047.0,Real Hope FA,175.0,right,,21.0,Olivier Pierre,,2.0,26,,,,,,,,,,,,,,
1807873,Keeto Thermoncy,Haiti,5934,2006-03-29,defender,4641.0,Young Boys II,179.0,right,298631.0,20.0,Keeto Thermoncy,,1.0,3,298631.0,,,,,,,,,,,,,
525445,Duckens Nazon,Haiti,5934,1994-04-07,striker,101614.0,Esteghlal,181.0,right,468548.0,32.0,Duckens Nazon,,3.0,9,585685.0,,,,,,,,,,,,,
532700,Ricardo Adé,Haiti,5934,1990-05-21,center back,6721.0,LDU de Quito,190.0,right,274554.0,36.0,Ricardo Adé,34.0,1.0,4,343192.0,,,,,,,,,,,,,
634110,Carlens Arcus,Haiti,5934,1996-06-28,right back,8121.0,Angers,180.0,right,1039378.0,29.0,Carlens Arcus,,1.0,2,1291164.0,,,,,,,,,,,,,
643482,Derrick Etienne,Haiti,5934,1996-11-25,striker,56453.0,Toronto FC,178.0,right,253844.0,29.0,Derrick Etienne,,3.0,7,317306.0,,,,,,,,,,,,,
649744,Duke Lacroix,Haiti,5934,1993-10-14,left back,614321.0,Colorado Springs Switchbacks FC,175.0,left,50000.0,32.0,Duke Lacroix,,1.0,13,50000.0,,,,,,,,,,,,,
759569,Yassin Fortuné,Haiti,5934,1999-01-30,striker,4531.0,Vizela,185.0,right,240664.0,27.0,Yassin Fortuné,,3.0,19,300830.0,,,,,,,,,,,,,
769166,Jean-Ricner Bellegarde,Haiti,5934,1998-06-27,central midfielder,8602.0,Wolverhampton Wanderers,170.0,right,15860619.0,27.0,Jean-Ricner Bellegarde,76.0,2.0,10,17622910.0,,,,,,,,,,,,,
769168,Jean-Kévin Duverne,Haiti,5934,1997-07-12,center back,9830.0,Nantes,184.0,right,1176519.0,,Jean-Kévin Duverne,,,,,,,,,,,,,,,,,
822716,Hannes Delcroix,Haiti,5934,1999-02-28,center back,7896.0,Lugano,185.0,left,1077002.0,27.0,Hannes Delcroix,36.0,1.0,5,1077203.0,,,,,,,,,,,,,
833641,Frantzdy Pierrot,Haiti,5934,1995-03-29,striker,8563.0,AEK Athens,194.0,right,1422568.0,31.0,Frantzdy Pierrot,,3.0,20,1412751.0,,,,,,,,,,,,,
887703,Wilson Isidor,Haiti,5934,2000-08-27,striker,8472.0,Sunderland,180.0,right,19480036.0,,Wilson Isidor,,,,,,,,,,,,,,,,,
899023,Josué Duverger,Haiti,5934,2000-04-27,keeper,0.0,FC Cosmos Koblenz,187.0,left,,26.0,Josué Duverger,,0.0,23,,,,,,,,,,,,,,
1050838,Anass Salah-Eddine,Morocco,6262,2002-01-18,left back,8686.0,Roma,179.0,left,10187905.0,24.0,Anass Salah-Eddine,38.0,1.0,26,10187905.0,,,,,,,,,,6.46,,,
1073143,Azzedine Ounahi,Morocco,6262,2000-04-19,attacking midfielder,7732.0,Girona,182.0,right,9967754.0,,Azzedine Ounahi,,,,,,,,,,,,,,,,,
1180288,Ismael Saibari,Morocco,6262,2001-01-28,attacking midfielder,9823.0,Bayern München,185.0,right,49583828.0,,Ismael Saibari,,,,,,,,,,,,,,,,,
1187506,Chadi Riad,Morocco,6262,2003-06-17,center back,9826.0,Crystal Palace,187.0,left,15125184.0,23.0,Chadi Riad,,1.0,18,15125184.0,,,,,,,,,,7.04,1.0,,
1242587,Amine Sbaï,Morocco,6262,2000-11-05,left winger,8121.0,Angers,175.0,right,1813885.0,25.0,Amine Sbaï,,3.0,17,1813885.0,,,,,,,,,,,,,
1274060,Neil El Aynaoui,Morocco,6262,2001-07-02,defensive midfielder,8686.0,Roma,182.0,right,20071939.0,25.0,Neil El Aynaoui,66.0,2.0,24,20071939.0,,,,,,,,,,7.19,,,
1287871,Zakaria El Ouahdi,Morocco,6262,2001-12-31,right back,9987.0,Genk,175.0,right,16159080.0,24.0,Zakaria El Ouahdi,,1.0,13,16159080.0,,,,,,,,,,,,,
1298186,Redouane Halhal,Morocco,6262,2003-03-05,center back,8203.0,KV Mechelen,185.0,right,2225273.0,23.0,Redouane Halhal,,1.0,25,2225273.0,,,,,,,,,,7.01,,,
1340895,Bilal El Khannouss,Morocco,6262,2004-05-10,attacking midfielder,10269.0,VfB Stuttgart,180.0,right,36014850.0,22.0,Bilal El Khannouss,115.0,2.0,23,36014850.0,,,,,,,,,,7.3,,,
1368654,Chemsdine Talbi,Morocco,6262,2005-05-09,right winger,8472.0,Sunderland,175.0,right,26961307.0,21.0,Chemsdine Talbi,87.0,3.0,7,26961307.0,,,,,,,,,,6.74,1.0,,
1561552,Ayyoub Bouaddi,Morocco,6262,2007-10-02,defensive midfielder,8639.0,Lille,185.0,right,48382644.0,18.0,Ayyoub Bouaddi,64.0,2.0,6,48382644.0,,,,,,,,,,7.05,,,
1598170,Samir El Mourabet,Morocco,6262,2005-10-06,defensive midfielder,9848.0,Strasbourg,187.0,left,4596544.0,20.0,Samir El Mourabet,,2.0,15,4596544.0,,,,,,,,,,6.4,,,
1603755,Gessime Yassine,Morocco,6262,2005-11-22,right winger,9848.0,Strasbourg,172.0,left,8432368.0,20.0,Gessime Yassine,,3.0,16,8432368.0,,,,,,,,,1.0,7.25,,,
1680173,Ayoube Amaimouni-Echghouyab,Morocco,6262,2004-11-30,right winger,9810.0,Eintracht Frankfurt,179.0,left,1269678.0,21.0,Ayoube Amaimouni-Echghouyab,,3.0,21,1269678.0,,,,,,,,,,6.24,,,
340020,Yassine Bounou,Morocco,6262,1991-04-05,keeper,2529.0,Al Hilal,195.0,left,1905419.0,35.0,Yassine Bounou,11.0,0.0,1,1905419.0,,,,,,,,,,6.94,,,
573787,Munir,Morocco,6262,1989-05-10,keeper,316652.0,RSB Berkane,190.0,right,388965.0,37.0,Munir,,0.0,12,388965.0,,,,,,,,,,,,,
593116,Sofyan Amrabat,Morocco,6262,1996-08-21,defensive midfielder,8695.0,Fenerbahçe,185.0,right,11405439.0,29.0,Sofyan Amrabat,,2.0,4,11405439.0,,,,,,,,,,6.35,,,
614912,Marwane Saadane,Morocco,6262,1992-01-17,center back,177356.0,Al Fateh FC,185.0,right,196011.0,34.0,Marwane Saadane,,1.0,5,196011.0,,,,,,,,,,,,,
696443,Issa Diop,Morocco,6262,1997-01-09,center back,9879.0,Fulham,194.0,right,9993650.0,29.0,Issa Diop,34.0,1.0,14,9993650.0,,,,,,,,,1.0,7.18,,,
750027,Brahim Díaz,Morocco,6262,1999-08-03,right winger,8633.0,Real Madrid,170.0,left,31471470.0,,Brahim Díaz,,,,,,,,,,,,,,,,,
770881,Achraf Hakimi,Morocco,6262,1998-11-04,right back,9847.0,Paris Saint-Germain,181.0,right,73036848.0,,Achraf Hakimi,,,,,,,,,,,,,,,,,
775539,Noussair Mazraoui,Morocco,6262,1997-11-14,left back,10260.0,Manchester United,183.0,right,21173600.0,28.0,Noussair Mazraoui,36.0,1.0,3,21173600.0,,,,,,,,,,7.59,,,
884382,Ayoub El Kaabi,Morocco,6262,1993-06-25,striker,8638.0,Olympiacos,182.0,left,2323757.0,33.0,Ayoub El Kaabi,,3.0,20,2323757.0,,,,,,,,,,6.7,,,
885288,Ahmed Tagnaouti,Morocco,6262,1996-04-05,keeper,102035.0,FAR Rabat,186.0,right,478587.0,30.0,Ahmed Tagnaouti,,0.0,22,478587.0,,,,,,,,,,,,,
909908,Youssef Belammari,Morocco,6262,1998-09-20,left back,101745.0,Al Ahly SC,183.0,left,1208587.0,27.0,Youssef Belammari,,1.0,19,1208587.0,,,,,,,,,,,,,
988749,Soufiane Rahimi,Morocco,6262,1996-06-02,striker,102117.0,Al-Ain,180.0,right,3615073.0,,Soufiane Rahimi,,,,,,,,,,,,,,,,,
1054166,Oswin Appollis,South Africa,6316,2001-08-25,left winger,7866.0,Orlando Pirates,171.0,right,820378.0,24.0,Oswin Appollis,87.0,3.0,7,683649.0,,,,,,,,,,,,,
1076668,Iqraam Rayners,South Africa,6316,1995-12-19,striker,4530.0,Mamelodi Sundowns FC,176.0,right,1728893.0,30.0,Iqraam Rayners,,3.0,15,1686937.0,,,,,,,,,,,,,
1107735,Sphephelo Sithole,South Africa,6316,1999-03-03,defensive midfielder,188163.0,Tondela,186.0,right,435110.0,27.0,Sphephelo Sithole,66.0,2.0,13,543888.0,,,,,,,,,,,,,
1124424,Thalente Mbatha,South Africa,6316,2000-03-06,defensive midfielder,7866.0,Orlando Pirates,180.0,right,864734.0,26.0,Thalente Mbatha,,2.0,5,826792.0,,,,,,,,,,,,,
1137059,Evidence Makgopa,South Africa,6316,2000-06-05,striker,7866.0,Orlando Pirates,188.0,right,648428.0,26.0,Evidence Makgopa,115.0,3.0,17,570048.0,,,,,,,,,,,,,
1178629,Jayden Adams,South Africa,6316,2001-05-05,defensive midfielder,,Unknown,175.0,right,316800.0,25.0,Jayden Adams,,2.0,23,264000.0,,,,,,,,,,,,,
1202481,Bradley Cross,South Africa,6316,2001-01-30,left back,6279.0,Kaizer Chiefs,175.0,left,347389.0,25.0,Bradley Cross,,1.0,26,434237.0,,,,,,,,,,,,,
1289611,Tshepang Moremi,South Africa,6316,2000-10-02,left winger,7866.0,Orlando Pirates,168.0,left,614653.0,,Tshepang Moremi,,,,,,,,,,,,,,,,,
1394951,Thapelo Maseko,South Africa,6316,2003-11-11,right winger,4530.0,Mamelodi Sundowns FC,178.0,left,539836.0,,Thapelo Maseko,,,,,,,,,,,,,,,,,
1451566,Kamogelo Sebelebele,South Africa,6316,2002-07-21,right back,7866.0,Orlando Pirates,166.0,right,537448.0,23.0,Kamogelo Sebelebele,,1.0,25,551735.0,,,,,,,,,,,,,
1469826,Olwethu Makhanya,South Africa,6316,2004-04-30,center back,191716.0,Philadelphia Union,185.0,right,1930929.0,22.0,Olwethu Makhanya,,1.0,24,1770272.0,,,,,,,,,,,,,
1471333,Relebohile Mofokeng,South Africa,6316,2004-10-23,attacking midfielder,7978.0,Union St.Gilloise,161.0,right,1744922.0,21.0,Relebohile Mofokeng,85.0,3.0,10,1471376.0,,,,,,,,,,,,,
1579341,Thabang Matuludi,South Africa,6316,1999-01-14,right back,149600.0,Polokwane City,189.0,right,419681.0,27.0,Thabang Matuludi,,1.0,2,388495.0,,,,,,,,,,,,,
1600334,Ime Okon,South Africa,6316,2004-02-20,center back,9904.0,Hannover 96,187.0,right,1770254.0,,Ime Okon,,,,,,,,,,,,,,,,,
1680659,Samukelo Kabini,South Africa,6316,2004-03-15,left back,9917.0,Molde,188.0,left,1911749.0,22.0,Samukelo Kabini,,1.0,18,1911749.0,,,,,,,,,,,,,
1680696,Khulumani Ndamane,South Africa,6316,2004-02-05,center back,4530.0,Mamelodi Sundowns FC,183.0,right,396326.0,22.0,Khulumani Ndamane,,1.0,3,330272.0,,,,,,,,,,,,,
1719066,Mbekezeli Mbokazi,South Africa,6316,2005-09-19,center back,6397.0,Chicago Fire FC,177.0,left,845953.0,20.0,Mbekezeli Mbokazi,36.0,1.0,14,704961.0,,,,,,,,,,,,,
253991,Ronwen Williams,South Africa,6316,1992-01-21,keeper,4530.0,Mamelodi Sundowns FC,184.0,right,485782.0,34.0,Ronwen Williams,11.0,0.0,1,607227.0,,,,,,,,,,,,,True
303609,Themba Zwane,South Africa,6316,1989-08-03,attacking midfielder,4530.0,Mamelodi Sundowns FC,170.0,right,60000.0,36.0,Themba Zwane,1100.0,2.0,11,50000.0,,,,,,,,,,,,,
428006,Ricardo Goss,South Africa,6316,1994-04-02,keeper,4530.0,Mamelodi Sundowns FC,181.0,right,110797.0,32.0,Ricardo Goss,,0.0,22,92330.0,,,,,,,,,,,,,
616179,Aubrey Modiba,South Africa,6316,1995-07-22,left back,4530.0,Mamelodi Sundowns FC,167.0,left,829163.0,,Aubrey Maphosa Modiba,,,,,,,,,,,,,,,,,
716819,Nkosinathi Sibisi,South Africa,6316,1995-09-22,center back,7866.0,Orlando Pirates,177.0,right,765783.0,30.0,Nkosinathi Sibisi,,1.0,19,742924.0,,,,,,,,,,,,,
787099,Sipho Chaine,South Africa,6316,1996-12-14,keeper,7866.0,Orlando Pirates,186.0,right,755548.0,29.0,Sipho Chaine,,0.0,16,738447.0,,,,,,,,,,,,,
848361,Teboho Mokoena,South Africa,6316,1997-01-24,defensive midfielder,4530.0,Mamelodi Sundowns FC,176.0,right,1261702.0,,Teboho Mokoena,,,,,,,,,,,,,,,,,
881500,Lyle Foster,South Africa,6316,2000-09-03,striker,8191.0,Burnley,185.0,right,12005752.0,25.0,Lyle Foster,,3.0,9,13339724.0,,,,,,,,,,,,,
940010,Khuliso Mudau,South Africa,6316,1995-04-26,right back,4530.0,Mamelodi Sundowns FC,181.0,right,513583.0,,Khuliso Mudau,,,,,,,,,,,,,,,,,
1033099,Hicham Boudaoui,Algeria,6317,1999-09-23,central midfielder,9831.0,Nice,173.0,right,10828692.0,26.0,Hicham Boudaoui,,2.0,14,10828692.0,,,,,,,,,,,,,
1039219,Samir Chergui,Algeria,6317,1999-02-06,right back,6379.0,Paris FC,180.0,right,1600467.0,27.0,Samir Chergui,,1.0,26,1600467.0,,,,,,,,,,,,,
1074967,Ramiz Zerrouki,Algeria,6317,1998-05-26,defensive midfielder,10235.0,Feyenoord,183.0,right,5753000.0,28.0,Ramiz Zerrouki,84.0,2.0,6,4371013.0,,,,,,,,,,,,,
1116034,Oussama Benbot,Algeria,6317,1994-10-11,keeper,101628.0,USM Alger,188.0,right,,31.0,Oussama Benbot,,0.0,16,,,,,,,,,,,,,,
1118823,Zineddine Belaïd,Algeria,6317,1999-03-20,center back,101630.0,JS Kabylie,187.0,right,420053.0,27.0,Zineddine Belaïd,,1.0,5,420053.0,,,,,,,,,,,,,
1131925,Mohamed Tougai,Algeria,6317,2000-01-22,center back,8153.0,Espérance,191.0,right,886404.0,26.0,Mohamed Tougai,,1.0,4,886404.0,,,,,,,,,,,,,
1134206,Mohamed Amoura,Algeria,6317,2000-05-09,striker,8721.0,Wolfsburg,168.0,right,26375846.0,26.0,Mohamed Amoura,,,,26375846.0,,,,,,,,,,,,,
1178324,Jaouen Hadjam,Algeria,6317,2003-03-26,left back,10192.0,Young Boys,184.0,left,8388063.0,23.0,Jaouen Hadjam,,1.0,13,8388063.0,,,,,,,,,,,,,
1210929,Nadir Benbouali,Algeria,6317,2000-04-17,striker,5755.0,Györi ETO,187.0,left,868827.0,,Nadir Benbouali,,,,,,,,,,,,,,,,,
1231029,Rafik Belghali,Algeria,6317,2002-06-07,right midfielder,9876.0,Hellas Verona,178.0,right,6045882.0,24.0,Rafik Belghali,32.0,2.0,17,6045882.0,,,,,,,,,,,,,
1285492,Melvin Mastil,Algeria,6317,2000-02-19,keeper,2442.0,Stade Nyonnais,196.0,right,231545.0,26.0,Melvin Mastil,,0.0,1,231545.0,,,,,,,,,,,,,
1288907,Yacine Titraoui,Algeria,6317,2003-07-26,defensive midfielder,9986.0,Sporting Charleroi,170.0,right,6991052.0,22.0,Yacine Titraoui,,2.0,24,6991052.0,,,,,,,,,,,,,
1298669,Adil Boulbina,Algeria,6317,2003-05-02,left winger,203826.0,Al-Duhail SC,183.0,right,2111022.0,23.0,Adil Boulbina,,3.0,20,2111022.0,,,,,,,,,,,,,
1345875,Farès Chaïbi,Algeria,6317,2002-11-28,defensive midfielder,9810.0,Eintracht Frankfurt,183.0,right,17686675.0,,Farès Chaïbi,,,,,,,,,,,,,,,,,
1362385,Achref Abada,Algeria,6317,1999-06-15,center back,101628.0,USM Alger,185.0,right,,27.0,Achref Abada,,1.0,3,,,,,,,,,,,,,,
1457626,Ibrahim Maza,Algeria,6317,2005-11-24,attacking midfielder,8178.0,Bayer Leverkusen,180.0,right,23130811.0,20.0,Ibrahim Maza,105.0,2.0,22,23130811.0,,,,,,,,,,,,,
1523327,Farès Ghedjemis,Algeria,6317,2002-09-06,right winger,9891.0,Frosinone,183.0,left,2617879.0,23.0,Farès Ghedjemis,,3.0,25,2617879.0,,,,,,,,,,,,,
1576876,Anis Hadj Moussa,Algeria,6317,2002-02-11,right winger,10235.0,Feyenoord,176.0,left,20915112.0,24.0,Anis Hadj Moussa,,3.0,11,20915112.0,,,,,,,,,,,,,
210683,Aïssa Mandi,Algeria,6317,1991-10-22,center back,8581.0,Levante,186.0,right,1005703.0,34.0,Aïssa Mandi,34.0,1.0,2,1005703.0,,,,,,,,,,,,,
278343,Riyad Mahrez,Algeria,6317,1991-02-21,right winger,2530.0,Al Ahli,179.0,left,3582585.0,,Riyad Mahrez,,,,,,,,,,,,,,,,,
500520,Nabil Bentaleb,Algeria,6317,1994-11-24,defensive midfielder,8639.0,Lille,187.0,left,931803.0,31.0,Nabil Bentaleb,65.0,2.0,19,931803.0,,,,,,,,,,,,,
559065,Ramy Bensebaini,Algeria,6317,1995-04-16,center back,9789.0,Borussia Dortmund,186.0,left,11871091.0,31.0,Ramy Bensebaini,36.0,1.0,21,11871091.0,,,,,,,,,,,,,
770880,Luca Zidane,Algeria,6317,1998-05-13,keeper,7878.0,Granada,183.0,right,743782.0,28.0,Luca Zidane,11.0,0.0,23,743782.0,,,,,,,,,,,,,
776299,Houssem Aouar,Algeria,6317,1998-06-30,attacking midfielder,8577.0,Al Ittihad,175.0,right,6776326.0,,Houssem Aouar,,,,,,,,,,,,,,,,,
844437,Amine Gouiri,Algeria,6317,2000-02-16,striker,8592.0,Marseille,180.0,right,27813453.0,,Amine Gouiri,,,,,,,,,,,,,,,,,
933845,Rayan Aït-Nouri,Algeria,6317,2001-06-06,left back,8456.0,Manchester City,180.0,left,43141768.0,,Rayan Aït-Nouri,,,,,,,,,,,,,,,,,
1022309,Gédéon Kalulu,DR Congo,6321,1997-08-29,right back,2136.0,Aris Limassol,176.0,right,693845.0,28.0,Gédéon Kalulu,,1.0,24,693845.0,,,,,,,,,,,,,
1049799,Nathanaël Mbuku,DR Congo,6321,2002-03-16,left winger,8406.0,Augsburg,170.0,left,1505904.0,24.0,Nathanaël Mbuku,103.0,3.0,7,1505904.0,,,,,,,,,,,,,
1116042,Fiston Mayele,DR Congo,6321,1994-06-24,striker,517894.0,Pyramids FC,185.0,right,1006694.0,,Fiston Mayele,,,,,,,,,,,,,,,,,
1132814,Steve Kapuadi,DR Congo,6321,1998-04-30,center back,8024.0,Widzew Łódź,196.0,left,1416114.0,28.0,Steve Kapuadi,,1.0,3,1416114.0,,,,,,,,,,,,,
1257080,Matthieu Epolo,DR Congo,6321,2005-01-15,keeper,9985.0,Standard Liege,183.0,right,6537663.0,21.0,Matthieu Epolo,,0.0,21,6537663.0,,,,,,,,,,,,,
1302121,Brian Cipenga,DR Congo,6321,1998-03-11,left winger,9865.0,Almeria,169.0,right,537027.0,,Brian Cipenga,,,,,,,,,,,,,,,,,
1359649,Noah Sadiki,DR Congo,6321,2004-12-17,central midfielder,8472.0,Sunderland,173.0,right,34369014.0,21.0,Noah Sadiki,77.0,2.0,14,34369014.0,,,,,,,,,,,,,
1428153,Ngal Ayel Mukau,DR Congo,6321,2004-11-03,right winger,8639.0,Lille,188.0,left,14410264.0,21.0,Ngal Ayel Mukau,73.0,2.0,6,14410264.0,,,,,,,,,,,,,
163205,Gaël Kakuta,DR Congo,6321,1991-06-21,striker,8120.0,AE Larissa,173.0,left,371433.0,35.0,Gaël Kakuta,,3.0,11,371433.0,,,,,,,,,,,,,
201939,Cédric Bakambu,DR Congo,6321,1991-04-11,striker,8603.0,Real Betis,183.0,right,1086007.0,35.0,Cédric Bakambu,,3.0,17,1086007.0,,,,,,,,,,,,,
277761,Chancel Mbemba,DR Congo,6321,1994-08-08,center back,8639.0,Lille,182.0,right,1463786.0,,Chancel Mbemba,,,,,,,,,,,,,,,,,
418137,Arthur Masuaku,DR Congo,6321,1993-11-07,left back,8472.0,Sunderland,179.0,left,1333736.0,,Arthur Masuaku,,,,,,,,,,,,,,,,,
466132,Théo Bongonda,DR Congo,6321,1995-11-20,right winger,8643.0,Spartak Moscow,177.0,left,1714573.0,30.0,Théo Bongonda,,3.0,10,1714573.0,,,,,,,,,,,,,
490122,Aaron Tshibola,DR Congo,6321,1995-01-02,defensive midfielder,8597.0,Kilmarnock,190.0,right,86400.0,31.0,Aaron Tshibola,,2.0,15,86400.0,,,,,,,,,,,,,
500932,Joris Kayembe Ditu,DR Congo,6321,1994-08-08,left back,9987.0,Genk,180.0,left,1396783.0,31.0,Joris Kayembe Ditu,,1.0,12,1396783.0,,,,,,,,,,,,,
666857,Yoane Wissa,DR Congo,6321,1996-09-03,striker,10261.0,Newcastle United,176.0,right,25272439.0,,Yoane Wissa,,,,,,,,,,,,,,,,,
690149,Axel Tuanzebe,DR Congo,6321,1997-11-14,center back,8191.0,Burnley,183.0,right,2761590.0,28.0,Axel Tuanzebe,36.0,1.0,4,2761590.0,,,,,,,,,,,,,
694060,Meschack Elia,DR Congo,6321,1997-08-06,right winger,4678.0,Alanyaspor,173.0,right,926764.0,,Meschack Elia,,,,,,,,,,,,,,,,,
696932,Simon Banza,DR Congo,6321,1996-08-13,striker,102101.0,Al-Jazira,189.0,right,10582278.0,29.0,Simon Banza,,3.0,23,10582278.0,,,,,,,,,,,,,
743720,Charles Pickel,DR Congo,6321,1997-05-15,central midfielder,102124.0,Sharjah Cultural Club,187.0,right,1347968.0,29.0,Charles Pickel,,2.0,18,1347968.0,,,,,,,,,,,,,
751762,Dylan Batubinsika,DR Congo,6321,1996-02-15,center back,8120.0,AE Larissa,185.0,right,173704.0,30.0,Dylan Batubinsika,,1.0,5,173704.0,,,,,,,,,,,,,
760320,Aaron Wan-Bissaka,DR Congo,6321,1997-11-26,right back,8654.0,West Ham United,183.0,right,22270932.0,,Aaron Wan-Bissaka,,,,,,,,,,,,,,,,,
866108,Samuel Moutoussamy,DR Congo,6321,1996-08-12,defensive midfielder,10187.0,Atromitos,176.0,left,569836.0,29.0,Samuel Moutoussamy,75.0,2.0,8,569836.0,,,,,,,,,,,,,
909803,Edo Kayembe,DR Congo,6321,1998-06-03,central midfielder,9817.0,Watford,183.0,left,2063614.0,28.0,Edo Kayembe,,2.0,25,2063614.0,,,,,,,,,,,,,
912286,Lionel Mpasi-Nzau,DR Congo,6321,1994-08-01,keeper,9746.0,Le Havre,182.0,right,359812.0,31.0,Lionel Mpasi-Nzau,11.0,0.0,1,359812.0,,,,,,,,,,,,,
976996,Timothy Fayulu,DR Congo,6321,1999-07-24,keeper,10179.0,Sion,192.0,right,542306.0,26.0,Timothy Fayulu,,0.0,16,542306.0,,,,,,,,,,,,,
1107280,Pape Sarr,Senegal,6395,2002-09-14,central midfielder,8586.0,Tottenham Hotspur,184.0,right,39271255.0,23.0,Pape Sarr,,2.0,17,39271255.0,,,,,,,,,,,,,
1197347,Nicolas Jackson,Senegal,6395,2001-06-20,striker,8455.0,Chelsea,187.0,right,39658770.0,25.0,Nicolas Jackson,,3.0,11,39658770.0,,,,,,,,,,,,,
1230848,Bamba Dieng,Senegal,6395,2000-03-23,striker,8689.0,Lorient,178.0,right,2415727.0,26.0,Bamba Dieng,,3.0,9,2415727.0,,,,,,,,,,,,,
1254147,Antoine Mendy,Senegal,6395,2004-05-27,center back,9831.0,Nice,187.0,right,7726033.0,22.0,Antoine Mendy,,1.0,24,7726033.0,,,,,,,,,,,,,
1285866,Habib Diarra,Senegal,6395,2004-01-03,central midfielder,8472.0,Sunderland,179.0,right,39176788.0,,Habib Diarra,,,,,,,,,,,,,,,,,
1426170,Mamadou Sarr,Senegal,6395,2005-08-29,center back,8455.0,Chelsea,194.0,right,29125685.0,20.0,Mamadou Sarr,,1.0,2,29125685.0,,,,,,,,,,,,,
1434889,Assane Diao,Senegal,6395,2005-09-07,right winger,10171.0,Como,185.0,right,26816758.0,20.0,Assane Diao,,3.0,7,26816758.0,,,,,,,,,,,,,
1436305,Lamine Camara,Senegal,6395,2004-01-01,defensive midfielder,9829.0,Monaco,173.0,right,36859160.0,,Lamine Camara,,,,,,,,,,,,,,,,,
1451265,Malick Diouf,Senegal,6395,2004-12-28,left back,8654.0,West Ham United,183.0,left,37962523.0,21.0,Malick Diouf,,1.0,25,37962523.0,,,,,,,,,,,,,
1593857,Ibrahim Mbaye,Senegal,6395,2008-01-24,right winger,9847.0,Paris Saint-Germain,175.0,right,32190515.0,18.0,Ibrahim Mbaye,,3.0,20,32190515.0,,,,,,,,,,,,,
179410,Idrissa Gueye,Senegal,6395,1989-09-26,defensive midfielder,8668.0,Everton,174.0,right,1300989.0,36.0,Idrissa Gana Gueye,75.0,2.0,5,1300989.0,,,,,,,,,,,,,True
1798782,Bara Ndiaye,Senegal,6395,2007-12-31,defensive midfielder,1882872.0,Gambinos Stars,180.0,right,1267491.0,18.0,Bara Ndiaye,,2.0,22,1267491.0,,,,,,,,,,,,,
210428,Kalidou Koulibaly,Senegal,6395,1991-06-20,center back,2529.0,Al Hilal,186.0,right,2696583.0,35.0,Kalidou Koulibaly,,1.0,3,2696583.0,,,,,,,,,,,,,
303339,Sadio Mané,Senegal,6395,1992-04-10,left midfielder,101918.0,Al Nassr FC,175.0,right,7888875.0,,Sadio Mané,,,,,,,,,,,,,,,,,
466436,Mory Diaw,Senegal,6395,1993-06-22,keeper,9746.0,Le Havre,197.0,right,928216.0,33.0,Mory Diaw,11.0,0.0,23,928216.0,,,,,,,,,,,,,
588626,Abdoulaye Seck,Senegal,6395,1992-06-04,center back,10185.0,Maccabi Haifa,192.0,right,245903.0,34.0,Abdoulaye Seck,,1.0,4,245903.0,,,,,,,,,,,,,
592102,Moussa Niakhaté,Senegal,6395,1996-03-08,center back,9748.0,Lyon,180.0,left,16769936.0,30.0,Moussa Niakhaté,36.0,1.0,19,16769936.0,,,,,,,,,,,,,
766574,Yehvann Diouf,Senegal,6395,1999-11-16,keeper,9831.0,Nice,190.0,right,7159686.0,26.0,Yehvann Diouf,,0.0,1,7159686.0,,,,,,,,,,,,,
771294,Ismaïla Sarr,Senegal,6395,1998-02-25,attacking midfielder,9826.0,Crystal Palace,185.0,right,37376917.0,,Ismaïla Sarr,,,,,,,,,,,,,,,,,
773229,Édouard Mendy,Senegal,6395,1992-03-01,keeper,2530.0,Al Ahli,197.0,right,1857844.0,34.0,Édouard Mendy,1000.0,0.0,16,1857844.0,,,,,,,,,,,,,
819972,Cherif Ndiaye,Senegal,6395,1996-01-23,striker,9750.0,Samsunspor,190.0,right,3533638.0,30.0,Cherif Ndiaye,,3.0,12,3533638.0,,,,,,,,,,,,,
837061,Krépin Diatta,Senegal,6395,1999-02-25,right back,9829.0,Monaco,173.0,right,3408763.0,,Krépin Diatta,,,,,,,,,,,,,,,,,
844544,Pape Gueye,Senegal,6395,1999-01-24,central midfielder,10205.0,Villarreal,189.0,left,26962003.0,,Pape Gueye,,,,,,,,,,,,,,,,,
872396,Pathé Ciss,Senegal,6395,1994-03-16,center back,8370.0,Rayo Vallecano,183.0,right,1511118.0,32.0,Pathé Ciss,34.0,2.0,6,1511118.0,,,,,,,,,,,,,
906945,Ismail Jakobs,Senegal,6395,1999-08-17,left back,8637.0,Galatasaray,184.0,left,6340004.0,26.0,Ismail Jakobs,38.0,1.0,14,6340004.0,,,,,,,,,,,,,
965764,Iliman Ndiaye,Senegal,6395,2000-03-06,right winger,8668.0,Everton,180.0,right,47014030.0,,Iliman Ndiaye,,,,,,,,,,,,,,,,,
1041660,Eren Elmali,Turkiye,6595,2000-07-07,left back,8637.0,Galatasaray,180.0,left,4302054.0,25.0,Eren Elmali,68.0,1.0,13,5061240.0,,,,,,,,,,,,,
1092015,Oguz Aydin,Turkiye,6595,2000-10-27,left winger,8695.0,Fenerbahçe,183.0,right,7805560.0,25.0,Oguz Aydin,62.0,3.0,24,9183012.0,,,,,,,,,,,,,
1117570,Kerem Aktürkoglu,Turkiye,6595,1998-10-21,left winger,8695.0,Fenerbahçe,173.0,right,20226783.0,27.0,Kerem Aktürkoglu,,3.0,7,22474203.0,,,,,,,,,,,,,
1183589,Ismail Yüksek,Turkiye,6595,1999-01-26,defensive midfielder,8695.0,Fenerbahçe,183.0,right,13382504.0,27.0,Ismail Yüksek,,2.0,16,13374440.0,,,,,,,,,,,,,
1253890,Arda Güler,Turkiye,6595,2005-02-25,attacking midfielder,8633.0,Real Madrid,176.0,left,100256350.0,21.0,Arda Güler,84.0,2.0,8,91142137.0,,,,,,,,,,,,,
1367924,Can Uzun,Turkiye,6595,2005-11-11,attacking midfielder,9810.0,Eintracht Frankfurt,186.0,right,46553419.0,20.0,Can Uzun,,2.0,26,51726022.0,,,,,,,,,,,,,
1406300,Deniz Gül,Turkiye,6595,2004-07-02,striker,9773.0,FC Porto,190.0,right,6214902.0,21.0,Deniz Gül,,3.0,9,7311650.0,,,,,,,,,,,,,
1412132,Kenan Yildiz,Turkiye,6595,2005-05-04,attacking midfielder,9885.0,Juventus,185.0,both,74875120.0,21.0,Kenan Yildiz,86.0,2.0,11,83194578.0,,,,,,,,,,,,,
150372,Mert Günok,Turkiye,6595,1989-03-01,keeper,8695.0,Fenerbahçe,196.0,right,427287.0,37.0,Mert Günok,,0.0,1,534109.0,,,,,,,,,,,,,
291399,Abdülkerim Bardakci,Turkiye,6595,1994-09-07,center back,8637.0,Galatasaray,184.0,left,4134696.0,31.0,Abdülkerim Bardakci,37.0,1.0,14,4877755.0,,,,,,,,,,,,,
304733,Hakan Çalhanoglu,Turkiye,6595,1994-02-08,central midfielder,8636.0,Inter,176.0,right,11038093.0,32.0,Hakan Çalhanoglu,,2.0,10,12264548.0,,,,,,,,,,,,,
316544,Irfan Kahveci,Turkiye,6595,1995-07-15,right winger,8695.0,Fenerbahçe,176.0,left,1878876.0,30.0,Irfan Kahveci,,3.0,17,1893401.0,,,,,,,,,,,,,
424380,Samet Akaydin,Turkiye,6595,1994-03-13,center back,9752.0,Trabzonspor,190.0,right,707563.0,32.0,Samet Akaydin,,1.0,25,707563.0,,,,,,,,,,,,,
441164,Kaan Ayhan,Turkiye,6595,1994-11-10,center back,8637.0,Galatasaray,184.0,right,1156720.0,31.0,Kaan Ayhan,,1.0,22,1445900.0,,,,,,,,,,,,,
602261,Caglar Söyüncü,Turkiye,6595,1996-05-23,center back,8695.0,Fenerbahçe,187.0,both,2940900.0,30.0,Caglar Söyüncü,,1.0,4,3676126.0,,,,,,,,,,,,,
603669,Ugurcan Çakir,Turkiye,6595,1996-04-05,keeper,8637.0,Galatasaray,191.0,right,14730014.0,30.0,Ugurcan Çakir,11.0,0.0,23,16366682.0,,,,,,,,,,,,,
738064,Salih Özcan,Turkiye,6595,1998-01-11,defensive midfielder,10188.0,Beşiktaş,180.0,right,1869708.0,28.0,Salih Özcan,64.0,2.0,5,1875093.0,,,,,,,,,,,,,
774448,Ferdi Kadioglu,Turkiye,6595,1999-10-07,left back,10204.0,Brighton & Hove Albion,173.0,right,33783843.0,26.0,Ferdi Kadioglu,,1.0,20,37537604.0,,,,,,,,,,,,,
823078,Merih Demiral,Turkiye,6595,1998-03-05,center back,2530.0,Al Ahli,192.0,right,12772408.0,28.0,Merih Demiral,,1.0,3,14191565.0,,,,,,,,,,,,,
845990,Ozan Kabak,Turkiye,6595,2000-03-25,center back,8226.0,Hoffenheim,185.0,right,4079119.0,26.0,Ozan Kabak,35.0,1.0,15,3399266.0,,,,,,,,,,,,,
845991,Yunus Akgün,Turkiye,6595,2000-07-07,attacking midfielder,8637.0,Galatasaray,173.0,left,17250152.0,25.0,Yunus Akgün,,2.0,19,19166836.0,,,,,,,,,,,,,
866967,Altay Bayindir,Turkiye,6595,1998-04-14,keeper,10260.0,Manchester United,198.0,right,6777005.0,28.0,Altay Bayindir,,0.0,12,7972947.0,,,,,,,,,,,,,
867225,Zeki Çelik,Turkiye,6595,1997-02-17,right wing-back,9885.0,Juventus,180.0,right,8748384.0,29.0,Zeki Çelik,33.0,2.0,2,7607291.0,,,,,,,,,,,,,True
890232,Baris Alper Yilmaz,Turkiye,6595,2000-05-23,left winger,8637.0,Galatasaray,186.0,right,20767203.0,26.0,Baris Alper Yilmaz,105.0,3.0,21,23074671.0,,,,,,,,,,,,,
904098,Mert Müldür,Turkiye,6595,1999-04-03,right back,8695.0,Fenerbahçe,188.0,right,5331187.0,27.0,Mert Müldür,,1.0,18,6271985.0,,,,,,,,,,,,,
935409,Orkun Kökcü,Turkiye,6595,2000-12-29,defensive midfielder,10188.0,Beşiktaş,175.0,both,23867436.0,25.0,Orkun Kökcü,66.0,2.0,6,26519374.0,,,,,,,,,,,,,
1137705,Enzo Fernández,Argentina,6706,2001-01-17,attacking midfielder,8455.0,Chelsea,178.0,right,102870838.0,,Enzo Fernández,,,,,,,,,,,,,,,,,
1216079,José Manuel López,Argentina,6706,2000-12-06,striker,10283.0,Palmeiras,190.0,left,20539340.0,25.0,José López,,3.0,21,20539340.0,,,,,,,,,,6.85,1.0,,
1226147,Giuliano Simeone,Argentina,6706,2002-12-18,right midfielder,9906.0,Atletico Madrid,173.0,right,40282654.0,23.0,Giuliano Simeone,,2.0,17,40282654.0,,,,,,,,,,6.69,,,
1272440,Valentín Barco,Argentina,6706,2004-07-23,defensive midfielder,9848.0,Strasbourg,170.0,left,27767939.0,21.0,Valentín Barco,,2.0,8,27767939.0,,,,,,,,,,6.55,,,
1347574,Nico Paz,Argentina,6706,2004-09-08,attacking midfielder,10171.0,Como,186.0,left,58121663.0,21.0,Nico Paz,,2.0,18,58121663.0,,,,,,,,,,6.64,,,
174321,Nicolás Otamendi,Argentina,6706,1988-02-12,center back,10076.0,River Plate,183.0,right,934894.0,38.0,Nicolás Otamendi,,1.0,19,934894.0,,,,,,,,,,6.65,,,
195750,Nicolás Tagliafico,Argentina,6706,1992-08-31,left back,9748.0,Lyon,169.0,left,2835710.0,33.0,Nicolás Tagliafico,38.0,1.0,3,2835710.0,,,,,,,,,,6.92,,,
237606,Leandro Paredes,Argentina,6706,1994-06-29,central midfielder,10077.0,Boca Juniors,180.0,right,2731002.0,32.0,Leandro Paredes,,2.0,5,2731002.0,,,,,,,,,,7.48,,,
245555,Gerónimo Rulli,Argentina,6706,1992-05-20,keeper,8592.0,Marseille,189.0,right,4792618.0,34.0,Gerónimo Rulli,,0.0,12,4792618.0,,,,,,,,,,,,,
268375,Emiliano Martínez,Argentina,6706,1992-09-02,keeper,10252.0,Aston Villa,195.0,right,18624999.0,33.0,Emiliano Martínez,11.0,0.0,23,18624999.0,,,,,,,,,,6.76,,True,
30981,Lionel Messi,Argentina,6706,1987-06-24,striker,960720.0,Inter Miami CF,170.0,left,12783392.0,,Lionel Messi,,,,,,,,,,,,,,,,,
324578,Rodrigo De Paul,Argentina,6706,1994-05-24,central midfielder,960720.0,Inter Miami CF,178.0,right,10088005.0,,Rodrigo De Paul,,,,,,,,,,,,,,,,,
389050,Juan Musso,Argentina,6706,1994-05-06,keeper,9906.0,Atletico Madrid,191.0,right,1725822.0,32.0,Juan Musso,,0.0,1,1725822.0,,,,,,,,,,,,,
604126,Giovani Lo Celso,Argentina,6706,1996-04-09,attacking midfielder,8603.0,Real Betis,177.0,left,11068703.0,30.0,Giovani Lo Celso,,2.0,11,11068703.0,,,,,,,,,1.0,7.73,,,
687008,Gonzalo Montiel,Argentina,6706,1997-01-01,right back,10076.0,River Plate,175.0,right,2254445.0,29.0,Gonzalo Montiel,32.0,1.0,4,2254445.0,,,,,,,,,,6.37,1.0,,
690230,Lautaro Martínez,Argentina,6706,1997-08-22,striker,8636.0,Inter,174.0,right,64943907.0,,Lautaro Martínez,,,,,,,,,,,,,,,,,
693599,Exequiel Palacios,Argentina,6706,1998-10-05,defensive midfielder,8178.0,Bayer Leverkusen,177.0,right,29016312.0,27.0,Exequiel Palacios,,2.0,14,29016312.0,,,,,,,,,,7.64,,,
726345,Nahuel Molina,Argentina,6706,1998-04-06,right back,9906.0,Atletico Madrid,175.0,right,12622622.0,28.0,Nahuel Molina,,1.0,26,12622622.0,,,,,,,,,,6.89,,,
785411,Marcos Senesi,Argentina,6706,1997-05-10,center back,8586.0,Tottenham Hotspur,184.0,left,18790262.0,29.0,Marcos Senesi,,1.0,2,18790262.0,,,,,,,,,,7.34,,,
789066,Cristian Romero,Argentina,6706,1998-04-27,center back,8586.0,Tottenham Hotspur,185.0,right,51943783.0,,Cristian Romero,,,,,,,,,,,,,,,,,
812652,Facundo Medina,Argentina,6706,1999-05-28,center back,8592.0,Marseille,184.0,left,18045188.0,27.0,Facundo Medina,,1.0,25,18045188.0,,,,,,,,,,7.47,1.0,,
831489,Alexis Mac Allister,Argentina,6706,1998-12-24,defensive midfielder,8650.0,Liverpool,174.0,right,84925776.0,27.0,Alexis Mac Allister,76.0,2.0,20,84925776.0,,,,,,,,,1.0,7.43,1.0,,
841672,Nicolás González,Argentina,6706,1998-04-06,left midfielder,9885.0,Juventus,180.0,left,20067914.0,,Nicolás González,,,,,,,,,,,,,,,,,
847983,Lisandro Martínez,Argentina,6706,1998-01-18,center back,10260.0,Manchester United,178.0,left,36731175.0,,Lisandro Martínez,,,,,,,,,,,,,,,,,
955271,Thiago Almada,Argentina,6706,2001-04-26,left midfielder,9906.0,Atletico Madrid,171.0,right,19982282.0,25.0,Thiago Almada,,2.0,16,19982282.0,,,,,,,,,,6.95,,,
974753,Julián Álvarez,Argentina,6706,2000-01-31,striker,9906.0,Atletico Madrid,170.0,right,103724288.0,26.0,Julián Álvarez,106.0,3.0,9,103724288.0,,,,,,,,,1.0,6.81,,,
1032039,Jackson Porozo,Ecuador,6707,2000-08-04,center back,162418.0,Tijuana,192.0,right,1777284.0,25.0,Jackson Porozo,,1.0,25,1777284.0,,,,,,,,,,,,,
1108611,Pedro Vite,Ecuador,6707,2002-03-09,central midfielder,1946.0,Pumas,172.0,left,7050369.0,,Pedro Vite,,,,,,,,,,,,,,,,,
1137667,Piero Hincapié,Ecuador,6707,2002-01-09,left back,9825.0,Arsenal,184.0,left,56767496.0,24.0,Piero Hincapié,38.0,1.0,3,56767496.0,,,,,,,,,,,,,
1137668,Moisés Caicedo,Ecuador,6707,2001-11-02,defensive midfielder,8455.0,Chelsea,178.0,right,121001035.0,,Moisés Caicedo,,,,,,,,,,,,,,,,,
1137670,Willian Pacho,Ecuador,6707,2001-10-16,center back,9847.0,Paris Saint-Germain,188.0,left,67849291.0,24.0,Willian Pacho,36.0,1.0,6,67849291.0,,,,,,,,,,,,,
1274400,Alan Minda,Ecuador,6707,2003-05-14,striker,10272.0,Atletico MG,174.0,right,2924948.0,23.0,Alan Minda,,3.0,14,2924948.0,,,,,,,,,,,,,
1287010,Nilson Angulo,Ecuador,6707,2003-06-19,left winger,8472.0,Sunderland,182.0,right,8674415.0,,Nilson Angulo,,,,,,,,,,,,,,,,,
1353364,Anthony Valencia,Ecuador,6707,2003-07-21,attacking midfielder,9988.0,Royal Antwerp,174.0,left,950961.0,22.0,Anthony Valencia,,2.0,8,950961.0,,,,,,,,,,,,,
1354085,Joel Ordóñez,Ecuador,6707,2004-04-21,center back,8342.0,Club Brugge,185.0,right,37004425.0,22.0,Joel Ordóñez,34.0,1.0,4,37004425.0,,,,,,,,,,,,,
1391753,Yaimar Medina,Ecuador,6707,2004-11-05,left back,9987.0,Genk,178.0,left,3966958.0,21.0,Yaimar Medina,,1.0,26,3966958.0,,,,,,,,,,,,,
1418122,Jeremy Arévalo,Ecuador,6707,2005-03-19,striker,8458.0,VfB Stuttgart II,173.0,left,3151435.0,21.0,Jeremy Arévalo,,3.0,24,3151435.0,,,,,,,,,,,,,
1421270,Kevin Rodríguez,Ecuador,6707,2000-03-04,striker,7978.0,Union St.Gilloise,190.0,right,3615436.0,,Kevin Rodríguez,,,,,,,,,,,,,,,,,
1443464,Kendry Páez,Ecuador,6707,2007-05-04,right winger,10076.0,River Plate,178.0,left,11866705.0,19.0,Kendry Páez,,3.0,10,11866705.0,,,,,,,,,,,,,
146801,Hernán Galíndez,Ecuador,6707,1987-03-30,keeper,10081.0,Huracan,189.0,right,819512.0,39.0,Hernán Galindez,11.0,0.0,1,819512.0,,,,,,,,,,,,,
1477417,Denil Castillo,Ecuador,6707,2004-03-24,central midfielder,8113.0,FC Midtjylland,189.0,right,,22.0,Denil Castillo,,2.0,18,,,,,,,,,,,,,,
1614051,Gonzalo Valle,Ecuador,6707,1996-02-28,keeper,6721.0,LDU de Quito,186.0,right,891166.0,30.0,Gonzalo Valle,,0.0,22,891166.0,,,,,,,,,,,,,
195927,Enner Valencia,Ecuador,6707,1989-11-04,striker,,Unknown,177.0,right,1001139.0,36.0,Enner Valencia,106.0,3.0,13,1001139.0,,,,,,,,,,,,,
688278,Pervis Estupinán,Ecuador,6707,1998-01-21,left midfielder,8564.0,Milan,175.0,left,16253460.0,28.0,Pervis Estupinán,,2.0,7,16253460.0,,,,,,,,,,,,,
766159,Jordy Caicedo,Ecuador,6707,1997-11-18,striker,10081.0,Huracan,186.0,right,1041384.0,28.0,Jordy Caicedo,,3.0,16,1041384.0,,,,,,,,,,,,,
825641,Félix Torres,Ecuador,6707,1997-01-11,center back,8702.0,Internacional,187.0,right,1387148.0,29.0,Félix Torres,,1.0,2,1387148.0,,,,,,,,,,,,,
832171,Alan Franco,Ecuador,6707,1998-08-21,defensive midfielder,10272.0,Atletico MG,175.0,right,2234971.0,27.0,Alan Franco,32.0,2.0,21,2234971.0,,,,,,,,,,,,,
845368,John Yeboah,Ecuador,6707,2000-06-23,striker,7881.0,Venezia,170.0,left,3143241.0,,John Yeboah,,,,,,,,,,,,,,,,,
848593,Ángelo Preciado,Ecuador,6707,1998-02-18,right midfielder,10272.0,Atletico MG,174.0,right,1910917.0,28.0,Ángelo Preciado,,2.0,17,1910917.0,,,,,,,,,,,,,
950396,Jordy Alcívar,Ecuador,6707,1999-08-05,defensive midfielder,192875.0,Independiente del Valle,168.0,right,1097328.0,26.0,Jordy Alcívar,,2.0,5,1097328.0,,,,,,,,,,,,,
978290,Moisés Ramirez,Ecuador,6707,2000-09-09,keeper,488099.0,Kifisia FC,185.0,right,702526.0,25.0,Moisés Ramirez,,0.0,12,702526.0,,,,,,,,,,,,,
980311,Gonzalo Plata,Ecuador,6707,2000-11-01,right winger,9770.0,Flamengo,178.0,left,7847282.0,,Gonzalo Plata,,,,,,,,,,,,,,,,,
1097466,Micky van de Ven,Netherlands,6708,2001-04-19,center back,8586.0,Tottenham Hotspur,193.0,left,66132070.0,25.0,Micky van de Ven,68.0,1.0,15,73480078.0,,,,,,,,,,,,,
1125720,Robin Roefs,Netherlands,6708,2003-01-17,keeper,8472.0,Sunderland,193.0,left,27365105.0,23.0,Robin Roefs,,0.0,13,24877369.0,,,,,,,,,,,,,
1131987,Bart Verbruggen,Netherlands,6708,2002-08-18,keeper,10204.0,Brighton & Hove Albion,193.0,right,48262961.0,23.0,Bart Verbruggen,11.0,0.0,1,53625512.0,,,,,,,,,,,,,
1413846,Jorrel Hato,Netherlands,6708,2006-03-07,left back,8455.0,Chelsea,182.0,left,49568373.0,20.0,Jorrel Hato,,1.0,25,55075970.0,,,,,,,,,,,,,
198559,Marten de Roon,Netherlands,6708,1991-03-29,defensive midfielder,8524.0,Atalanta,185.0,right,2176838.0,35.0,Marten de Roon,,2.0,3,2333589.0,,,,,,,,,,,,,
209405,Virgil van Dijk,Netherlands,6708,1991-07-08,center back,8650.0,Liverpool,193.0,right,6830396.0,34.0,Virgil van Dijk,35.0,1.0,4,7784567.0,,,,,,,,,,,,,True
303824,Memphis Depay,Netherlands,6708,1994-02-13,striker,9808.0,Corinthians,178.0,right,4016301.0,32.0,Memphis Depay,,3.0,10,4100118.0,,,,,,,,,,,,,
330643,Mark Flekken,Netherlands,6708,1993-06-13,keeper,8178.0,Bayer Leverkusen,189.0,both,5811877.0,33.0,Mark Flekken,,0.0,23,6837503.0,,,,,,,,,,,,,
351999,Wout Weghorst,Netherlands,6708,1992-08-07,striker,8611.0,FC Twente,197.0,right,1629616.0,33.0,Wout Weghorst,,3.0,9,1624222.0,,,,,,,,,,,,,
417068,Nathan Aké,Netherlands,6708,1995-02-18,center back,8695.0,Fenerbahçe,180.0,left,13408370.0,31.0,Nathan Aké,37.0,1.0,5,14898189.0,,,,,,,,,,,,,
593118,Denzel Dumfries,Netherlands,6708,1996-04-18,right midfielder,8633.0,Real Madrid,189.0,right,19913221.0,30.0,Denzel Dumfries,62.0,2.0,22,22125802.0,,,,,,,,,,,,,
638622,Frenkie de Jong,Netherlands,6708,1997-05-12,defensive midfielder,8634.0,Barcelona,181.0,right,38529774.0,29.0,Frenkie de Jong,66.0,2.0,21,42810860.0,,,,,,,,,,,,,
660301,Donyell Malen,Netherlands,6708,1999-01-19,striker,8686.0,Roma,179.0,right,20979467.0,27.0,Donyell Malen,,3.0,18,19072243.0,,,,,,,,,,,,,
774947,Guus Til,Netherlands,6708,1997-12-22,striker,8640.0,PSV Eindhoven,183.0,right,13641596.0,28.0,Guus Til,,3.0,16,15157329.0,,,,,,,,,,,,,
794253,Justin Kluivert,Netherlands,6708,1999-05-05,attacking midfielder,8678.0,AFC Bournemouth,175.0,both,33580538.0,27.0,Justin Kluivert,,2.0,7,37311709.0,,,,,,,,,,,,,
806552,Cody Gakpo,Netherlands,6708,1999-05-07,left winger,8650.0,Liverpool,193.0,right,62190371.0,27.0,Cody Gakpo,86.0,3.0,11,69100412.0,,,,,,,,,,,,,
837341,Noa Lang,Netherlands,6708,1999-06-17,left winger,9875.0,Napoli,170.0,right,20196214.0,27.0,Noa Lang,,3.0,17,22440238.0,,,,,,,,,,,,,
866516,Teun Koopmeiners,Netherlands,6708,1998-02-28,center back,9885.0,Juventus,186.0,left,23439844.0,28.0,Teun Koopmeiners,,2.0,20,26044272.0,,,,,,,,,,,,,
868344,Tijjani Reijnders,Netherlands,6708,1998-07-29,attacking midfielder,8456.0,Manchester City,185.0,right,55735720.0,27.0,Tijjani Reijnders,,2.0,14,61928578.0,,,,,,,,,,,,,
881640,Lutsharel Geertruida,Netherlands,6708,2000-07-18,right back,178475.0,RB Leipzig,184.0,right,24828837.0,25.0,Lutsharel Geertruida,,1.0,2,24828837.0,,,,,,,,,,,,,
940446,Brian Brobbey,Netherlands,6708,2002-02-01,striker,8472.0,Sunderland,180.0,right,37543000.0,24.0,Brian Brobbey,105.0,3.0,19,27701983.0,,,,,,,,,,,,,
941213,Crysencio Summerville,Netherlands,6708,2001-10-30,left winger,8654.0,West Ham United,174.0,right,32170648.0,24.0,Crysencio Summerville,84.0,3.0,24,30960417.0,,,,,,,,,,,,,
956683,Ryan Gravenberch,Netherlands,6708,2002-05-16,defensive midfielder,8650.0,Liverpool,190.0,right,94765001.0,24.0,Ryan Gravenberch,64.0,2.0,8,103776381.0,,,,,,,,,,,,,
970243,Mats Wieffer,Netherlands,6708,1999-11-16,right back,10204.0,Brighton & Hove Albion,188.0,right,19147075.0,26.0,Mats Wieffer,,1.0,12,19452517.0,,,,,,,,,,,,,
970563,Quinten Timber,Netherlands,6708,2001-06-17,defensive midfielder,8592.0,Marseille,179.0,right,22609122.0,25.0,Quinten Timber,,2.0,26,25121246.0,,,,,,,,,,,,,
974618,Jan Paul van Hecke,Netherlands,6708,2000-06-08,center back,8586.0,Tottenham Hotspur,189.0,right,39830120.0,26.0,Jan Paul van Hecke,33.0,1.0,6,44255689.0,,,,,,,,,,,,,
1014496,Odilon Kossounou,Ivory Coast,6709,2001-01-04,center back,8524.0,Atalanta,188.0,right,18753484.0,25.0,Odilon Kossounou,34.0,1.0,7,18753484.0,,,,,,,,,,,,,
1027472,Wilfried Singo,Ivory Coast,6709,2000-12-25,center back,8637.0,Galatasaray,190.0,right,22374096.0,25.0,Wilfried Singo,,1.0,5,22374096.0,,,,,,,,,,,,,
1070052,Amad Diallo,Ivory Coast,6709,2002-07-11,right winger,10260.0,Manchester United,174.0,left,54153293.0,,Amad Diallo,,,,,,,,,,,,,,,,,
1087966,Evann Guessand,Ivory Coast,6709,2001-07-01,right winger,10252.0,Aston Villa,185.0,right,31733028.0,24.0,Evann Guessand,,3.0,22,31733028.0,,,,,,,,,,,,,
1114979,Emmanuel Agbadou,Ivory Coast,6709,1997-06-17,center back,10188.0,Beşiktaş,192.0,right,17226909.0,29.0,Emmanuel Agbadou,36.0,1.0,20,17226909.0,,,,,,,,,,,,,
1186770,Parfait Guiagon,Ivory Coast,6709,2001-02-22,left winger,9986.0,Sporting Charleroi,169.0,right,2485608.0,25.0,Parfait Guiagon,,3.0,25,2485608.0,,,,,,,,,,,,,
1199383,Ange-Yoan Bonny,Ivory Coast,6709,2003-10-25,striker,8636.0,Inter,189.0,right,26596532.0,22.0,Ange-Yoan Bonny,105.0,3.0,9,26596532.0,,,,,,,,,,,,,
1213430,Elye Wahi,Ivory Coast,6709,2003-01-02,striker,9810.0,Eintracht Frankfurt,184.0,right,15932104.0,23.0,Elye Wahi,,3.0,12,15932104.0,,,,,,,,,,,,,
1227012,Simon Adingra,Ivory Coast,6709,2002-01-01,left winger,8472.0,Sunderland,175.0,right,22694273.0,24.0,Simon Adingra,,3.0,10,22694273.0,,,,,,,,,,,,,
1280201,Mohamed Koné,Ivory Coast,6709,2002-03-07,keeper,9986.0,Sporting Charleroi,186.0,right,855467.0,24.0,Mohamed Koné,,0.0,16,855467.0,,,,,,,,,,,,,
1328540,Oumar Diakité,Ivory Coast,6709,2003-12-20,striker,9837.0,Reims,188.0,right,6004033.0,22.0,Oumar Diakité,,3.0,14,6004033.0,,,,,,,,,,,,,
1395704,Guéla Doué,Ivory Coast,6709,2002-10-17,right back,9848.0,Strasbourg,187.0,right,19413186.0,23.0,Guéla Doué,32.0,1.0,17,19413186.0,,,,,,,,,,,,,
1425182,Ousmane Diomande,Ivory Coast,6709,2003-12-04,center back,9768.0,Sporting CP,190.0,right,42749833.0,22.0,Ousmane Diomande,,1.0,2,42749833.0,,,,,,,,,,,,,
1624586,Bazoumana Touré,Ivory Coast,6709,2006-03-02,left winger,10261.0,Newcastle United,178.0,left,28924204.0,20.0,Bazoumana Touré,,3.0,24,28924204.0,,,,,,,,,,,,,
1666494,Christ Inao Oulaï,Ivory Coast,6709,2006-04-06,defensive midfielder,8535.0,Fiorentina,173.0,right,3169606.0,20.0,Christ Inao Oulaï,77.0,2.0,26,3169606.0,,,,,,,,,,,,,
1735453,Yan Diomande,Ivory Coast,6709,2006-11-14,right winger,178475.0,RB Leipzig,180.0,right,36755009.0,,Yan Diomande,,,,,,,,,,,,,,,,,
470539,Jean Michaël Seri,Ivory Coast,6709,1991-07-19,central midfielder,8340.0,Maribor,169.0,right,105653.0,34.0,Jean Michaël Seri,,2.0,4,105653.0,,,,,,,,,,,,,
575735,Nicolas Pépé,Ivory Coast,6709,1995-05-29,right midfielder,10205.0,Villarreal,178.0,left,3977129.0,,Nicolas Pépé,,,,,,,,,,,,,,,,,
579747,Franck Kessié,Ivory Coast,6709,1996-12-19,defensive midfielder,2530.0,Al Ahli,180.0,right,7179639.0,,Franck Kessié,,,,,,,,,,,,,,,,,
602211,Seko Fofana,Ivory Coast,6709,1995-05-07,central midfielder,9851.0,Rennes,183.0,right,5100308.0,31.0,Seko Fofana,,2.0,6,5100308.0,,,,,,,,,,,,,
698273,Alban Lafont,Ivory Coast,6709,1999-01-23,keeper,9830.0,Nantes,191.0,right,1898007.0,27.0,Alban Lafont,,0.0,23,1898007.0,,,,,,,,,,,,,
740997,Ghislain Konan,Ivory Coast,6709,1995-12-27,left back,9764.0,Gil Vicente,176.0,left,1651820.0,30.0,Ghislain Konan,38.0,1.0,3,1651820.0,,,,,,,,,,,,,
787242,Evan N'Dicka,Ivory Coast,6709,1999-08-20,center back,8686.0,Roma,192.0,left,32396087.0,26.0,Evan N'Dicka,,1.0,21,32396087.0,,,,,,,,,,,,,
795371,Ibrahim Sangaré,Ivory Coast,6709,1997-12-02,defensive midfielder,10203.0,Nottingham Forest,191.0,right,22674546.0,,Ibrahim Sangaré,,,,,,,,,,,,,,,,,
802462,Christopher Opéri,Ivory Coast,6709,1997-04-29,left back,1933.0,Başakşehir,182.0,left,1928474.0,29.0,Christopher Opéri,,1.0,13,1928474.0,,,,,,,,,,,,,
873566,Yahia Fofana,Ivory Coast,6709,2000-08-21,keeper,2166.0,Rizespor,194.0,right,3959632.0,,Yahia Fofana,,,,,,,,,,,,,,,,,
1074586,Israel Reyes,Mexico,6710,2000-05-23,center back,6576.0,CF America,179.0,right,4431225.0,26.0,Israel Reyes,,1.0,15,4431225.0,,,,,,,,,,6.75,,,
1170238,Brian Gutiérrez,Mexico,6710,2003-06-17,central midfielder,7807.0,Chivas,178.0,right,6889241.0,23.0,Brian Gutiérrez,,2.0,26,6889241.0,,,,,,,,,,6.66,,,
1227878,Raúl Rangel,Mexico,6710,2000-02-25,keeper,7807.0,Chivas,191.0,right,6303720.0,26.0,Raúl Rangel,11.0,0.0,1,6303720.0,,,,,,,,,,7.71,,,
1254394,Obed Vargas,Mexico,6710,2005-08-05,defensive midfielder,9906.0,Atletico Madrid,175.0,right,10041466.0,20.0,Obed Vargas,,2.0,18,10041466.0,,,,,,,,,,6.32,,,
1432212,Mateo Chávez,Mexico,6710,2004-05-12,left back,10229.0,AZ Alkmaar,176.0,left,4256758.0,22.0,Mateo Chávez,,1.0,20,4256758.0,,,,,,,,,1.0,8.31,,,
1456983,Armando González,Mexico,6710,2003-04-20,striker,7807.0,Chivas,179.0,right,4187040.0,23.0,Armando González,,3.0,14,4187040.0,,,,,,,,,,5.94,,,
1670377,Gilberto Mora,Mexico,6710,2008-10-14,central midfielder,162418.0,Tijuana,168.0,right,9784114.0,17.0,Gilberto Mora,73.0,2.0,19,9784114.0,,,,,,,,,,6.84,,,
292313,Raul Jiménez,Mexico,6710,1991-05-05,striker,8602.0,Wolverhampton Wanderers,188.0,right,4004220.0,,Raul Jiménez,,,,,,,,,,,,,,,,,
31047,Guillermo Ochoa,Mexico,6710,1985-07-13,keeper,2134.0,AEL Limassol,185.0,right,128224.0,40.0,Guillermo Ochoa,,0.0,13,128224.0,,,,,,,,,,6.04,,,
527616,Luis Chávez,Mexico,6710,1996-01-15,defensive midfielder,9763.0,Dinamo Moscow,178.0,left,3633992.0,30.0,Luis Chávez,,2.0,24,3633992.0,,,,,,,,,,6.53,,,
558539,Guillermo Martínez,Mexico,6710,1995-03-15,striker,1946.0,Pumas,191.0,left,1117487.0,31.0,Guillermo Martínez,,3.0,22,1117487.0,,,,,,,,,,6.25,,,
559986,Orbelín Pineda,Mexico,6710,1996-03-24,central midfielder,7849.0,Monterrey,170.0,right,3749315.0,30.0,Orbelín Pineda,,2.0,17,3749315.0,,,,,,,,,,6.07,,,
597976,Jesús Gallardo,Mexico,6710,1994-08-15,left back,6618.0,Toluca,178.0,left,1699760.0,31.0,Jesús Gallardo,38.0,1.0,23,1699760.0,,,,,,,,,,6.86,,,
664644,César Montes,Mexico,6710,1997-02-24,center back,8710.0,Lokomotiv Moscow,191.0,right,5119879.0,29.0,César Montes,34.0,1.0,3,5119879.0,,,,,,,,,,7.03,,,True
720560,Julián Quiñones,Mexico,6710,1997-03-24,striker,101919.0,Al Qadsiah,176.0,right,10925339.0,,Julián Quiñones,,,,,,,,,,,,,,,,,
720737,Roberto Alvarado,Mexico,6710,1998-09-07,attacking midfielder,7807.0,Chivas,176.0,left,5867557.0,,Roberto Alvarado,,,,,,,,,,,,,,,,,
727586,Jorge Sánchez,Mexico,6710,1997-12-10,right back,6577.0,Atlas,175.0,right,1350069.0,28.0,Jorge Sánchez,32.0,1.0,2,1350069.0,,,,,,,,,,7.48,1.0,,
728365,Alexis Vega,Mexico,6710,1997-11-25,left winger,6618.0,Toluca,174.0,right,4855292.0,28.0,Alexis Vega,,3.0,10,4855292.0,,,,,,,,,,5.99,,,
751164,Carlos Acevedo,Mexico,6710,1996-04-19,keeper,7857.0,Santos Laguna,184.0,right,1573378.0,30.0,Carlos Acevedo,,0.0,12,1573378.0,,,,,,,,,,,,,
783505,Edson Álvarez,Mexico,6710,1997-10-24,defensive midfielder,8654.0,West Ham United,186.0,right,14719031.0,28.0,Edson Álvarez,,2.0,4,14719031.0,,,,,,,,,,7.2,,,
895954,Álvaro Fidalgo,Mexico,6710,1997-04-09,attacking midfielder,8603.0,Real Betis,175.0,right,5684265.0,29.0,Álvaro Fidalgo,,2.0,8,5684265.0,,,,,,,,,1.0,7.31,,,
914103,Johan Vásquez,Mexico,6710,1998-10-22,center back,10233.0,Genoa,185.0,left,13951595.0,27.0,Johan Vásquez,36.0,1.0,5,13951595.0,,,,,,,,,,7.2,,,
921174,Luis Romo,Mexico,6710,1995-06-05,center back,7807.0,Chivas,182.0,right,1934747.0,,Luis Romo,,,,,,,,,,,,,,,,,
954092,Santiago Giménez,Mexico,6710,2001-04-18,striker,8564.0,Milan,183.0,left,20083802.0,25.0,Santiago Giménez,,3.0,11,20083802.0,,,,,,,,,,5.95,,,
971628,Érik Lira,Mexico,6710,2000-05-08,center back,6578.0,Cruz Azul,172.0,right,11603159.0,26.0,Érik Lira,75.0,1.0,6,11603159.0,,,,,,,,,,7.25,1.0,,
977404,César Huerta,Mexico,6710,2000-12-03,right winger,8635.0,Anderlecht,171.0,right,3781331.0,25.0,César Huerta,,3.0,21,3781331.0,,,,,,,,,,,,,
1031319,Amirhossein Hosseinzadeh,Iran,6711,2000-10-30,striker,176352.0,Tractor,178.0,right,966217.0,25.0,Amirhossein Hosseinzadeh,,3.0,18,1207772.0,,,,,,,,,,,,,
1073012,Mohammad Mohebi,Iran,6711,1998-12-20,striker,8705.0,FC Rostov,176.0,left,1756928.0,27.0,Mohammad Mohebi,78.0,3.0,8,1464107.0,,,,,,,,,,,,,
117222,Ehsan Hajisafi,Iran,6711,1990-02-25,left back,101611.0,Sepahan,178.0,left,108209.0,36.0,Ehsan Haji Safi,,1.0,3,97424.0,,,,,,,,,,,,,
1221526,Saleh Hardani,Iran,6711,1998-12-26,right back,101614.0,Esteghlal,176.0,right,372708.0,27.0,Saleh Hardani,,1.0,2,465886.0,,,,,,,,,,,,,
1350138,Arya Yousefi,Iran,6711,2002-04-22,right back,101611.0,Sepahan,181.0,right,1033535.0,24.0,Aria Yousefi,,1.0,17,1291919.0,,,,,,,,,,,,,
1420509,Mohammad Ghorbani,Iran,6711,2001-10-07,central midfielder,102122.0,Al-Wahda,190.0,right,1004410.0,25.0,Mohammad Ghorbani,76.0,2.0,21,992202.0,,,,,,,,,,,,,
1583232,Amir Mohammad Razzaghinia,Iran,6711,2006-04-11,defensive midfielder,101614.0,Esteghlal,187.0,right,1209448.0,20.0,Amirmohammad Razaghinia,,2.0,26,1007874.0,,,,,,,,,,,,,
1729681,Danial Eiri,Iran,6711,2003-10-26,defender,101618.0,Zob Ahan,182.0,right,,22.0,Danial Eiri,,1.0,25,,,,,,,,,,,,,,
431418,Hossein Hosseini,Iran,6711,1992-06-30,keeper,101611.0,Sepahan,189.0,right,230222.0,33.0,Hossein Hosseini,,0.0,22,287777.0,,,,,,,,,,,,,
466890,Alireza Jahanbakhsh,Iran,6711,1993-08-11,right winger,7947.0,FCV Dender EH,183.0,right,243224.0,32.0,Alireza Jahanbakhsh,,3.0,7,243224.0,,,,,,,,,,,,,
500637,Hossein Kanani,Iran,6711,1994-03-23,center back,101610.0,Persepolis,188.0,right,797425.0,32.0,Hossein Kanaani,33.0,1.0,13,996782.0,,,,,,,,,,,,,
505281,Saeid Ezatolahi,Iran,6711,1996-10-01,defensive midfielder,102119.0,Shabab Al-Ahli Dubai FC,189.0,right,928719.0,29.0,Saeid Ezatolahi,74.0,2.0,6,915421.0,,,,,,,,,,,,,
505313,Alireza Beiranvand,Iran,6711,1992-09-21,keeper,176352.0,Tractor,195.0,right,167611.0,33.0,Alireza Beiranvand,11.0,0.0,1,167812.0,,,,,,,,,,,,,
505385,Roozbeh Cheshmi,Iran,6711,1993-07-24,central midfielder,101614.0,Esteghlal,194.0,right,104526.0,32.0,Roozbeh Cheshmi,,2.0,15,104526.0,,,,,,,,,,,,,
505959,Ramin Rezaeian,Iran,6711,1990-03-21,right back,101614.0,Esteghlal,184.0,right,68779.0,36.0,Ramin Rezaeian,51.0,1.0,23,78208.0,,,,,,,,,,,,,
505960,Ali Alipour,Iran,6711,1995-11-11,forward,101610.0,Persepolis,181.0,both,558370.0,30.0,Ali Alipour,,3.0,11,558370.0,,,,,,,,,,,,,
511397,Shoja Khalilzadeh,Iran,6711,1989-05-14,center back,176352.0,Tractor,183.0,right,67977.0,37.0,Shoja Khalilzadeh,35.0,1.0,4,68178.0,,,,,,,,,,,,,
532220,Saman Ghoddos,Iran,6711,1993-09-06,central midfielder,209190.0,Al Ittihad Kalba,176.0,right,770484.0,32.0,Saman Ghoddos,72.0,2.0,14,963106.0,,,,,,,,,,,,,
619506,Mehdi Taremi,Iran,6711,1992-07-18,striker,8638.0,Olympiacos,185.0,right,1468373.0,33.0,Mehdi Taremi,115.0,3.0,9,1730873.0,,,,,,,,,,,,,True
621519,Mehdi Torabi,Iran,6711,1994-09-10,left midfielder,176352.0,Tractor,185.0,right,599613.0,31.0,Mehdi Torabi,,2.0,16,599613.0,,,,,,,,,,,,,
630459,Milad Mohammadi,Iran,6711,1993-09-29,left back,101610.0,Persepolis,178.0,left,386186.0,32.0,Milad Mohammadi,59.0,1.0,5,403276.0,,,,,,,,,,,,,
641121,Shahriyar Moghanloo,Iran,6711,1994-12-21,striker,209190.0,Al Ittihad Kalba,189.0,left,471348.0,31.0,Shahriar Moghanlou,,3.0,20,549743.0,,,,,,,,,,,,,
848314,Mehdi Ghayedi,Iran,6711,1998-12-05,striker,102123.0,Al-Nasr SC,166.0,right,2239106.0,27.0,Mehdi Ghayedi,,3.0,10,2536883.0,,,,,,,,,,,,,
872575,Ali Nemati,Iran,6711,1996-02-08,center back,139914.0,Foolad Khuzestan,182.0,right,154122.0,30.0,Ali Nemati,37.0,1.0,19,162663.0,,,,,,,,,,,,,
872590,Payam Niazmand,Iran,6711,1995-04-06,keeper,101610.0,Persepolis,193.0,right,295764.0,31.0,Payam Niazmand,,0.0,12,369706.0,,,,,,,,,,,,,
892709,Dennis Eckert,Iran,6711,1997-01-09,attacking midfielder,9985.0,Standard Liege,182.0,right,1652456.0,29.0,Dennis Eckert,,2.0,24,1681444.0,,,,,,,,,,,,,
1026065,Matt Freese,USA,6713,1998-09-02,keeper,546238.0,New York City FC,191.0,right,1194912.0,27.0,Matt Freese,11.0,0.0,24,1194912.0,,,,,,,,,,7.35,,,
1036401,Ricardo Pepi,USA,6713,2003-01-09,striker,8640.0,PSV Eindhoven,185.0,right,26200000.0,23.0,Ricardo Pepi,,3.0,9,19870870.0,,,,,,,,,,6.16,,,
1071179,Giovanni Reyna,USA,6713,2002-11-13,attacking midfielder,9788.0,Borussia Mönchengladbach,183.0,right,6761473.0,23.0,Giovanni Reyna,,2.0,7,6761473.0,,,,,,,,,1.0,6.0,,,
1126058,Malik Tillman,USA,6713,2002-05-28,attacking midfielder,8178.0,Bayer Leverkusen,187.0,right,31022777.0,,Malik Tillman,,,,,,,,,,,,,,,,,
1136096,Sebastian Berhalter,USA,6713,2001-05-10,defensive midfielder,307691.0,Vancouver Whitecaps,175.0,right,3359720.0,,Sebastian Berhalter,,,,,,,,,,,,,,,,,
1245998,Chris Brady,USA,6713,2004-03-03,keeper,6397.0,Chicago Fire FC,190.0,right,2222301.0,22.0,Chris Brady,,0.0,25,2222301.0,,,,,,,,,,,,,
1338696,Alex Freeman,USA,6713,2004-08-09,right back,10205.0,Villarreal,188.0,right,3069180.0,,Alex Freeman,,,,,,,,,,,,,,,,,
1348329,Max Arfsten,USA,6713,2001-04-19,left wing-back,6001.0,Columbus Crew,185.0,left,2275491.0,25.0,Max Arfsten,,2.0,18,2275491.0,,,,,,,,,,,,,
198444,Tim Ream,USA,6713,1987-10-05,center back,1323940.0,Charlotte FC,186.0,left,86400.0,38.0,Tim Ream,36.0,1.0,13,86400.0,,,,,,,,,,7.43,,,True
621882,Álex Zendejas,USA,6713,1998-02-07,right winger,6576.0,CF America,167.0,left,8248247.0,28.0,Alex Zendejas,,3.0,26,8248247.0,,,,,,,,,,5.92,,,
621946,Cristian Roldan,USA,6713,1995-06-03,defensive midfielder,130394.0,Seattle Sounders FC,173.0,right,1585002.0,31.0,Cristian Roldan,,,,1585002.0,,,,,,,,,,,,,
662428,Antonee Robinson,USA,6713,1997-08-08,left back,9879.0,Fulham,183.0,left,28951101.0,,Antonee Robinson,,,,,,,,,,,,,,,,,
688271,Auston Trusty,USA,6713,1998-08-12,center back,9925.0,Celtic,188.0,left,4850977.0,27.0,Auston Trusty,,1.0,6,4850977.0,,,,,,,,,1.0,6.77,,,
688295,Christian Pulisic,USA,6713,1998-09-18,striker,8564.0,Milan,178.0,right,40102247.0,,Christian Pulisic,,,,,,,,,,,,,,,,,
729769,Tyler Adams,USA,6713,1999-02-14,defensive midfielder,8678.0,AFC Bournemouth,175.0,right,24269133.0,27.0,Tyler Adams,65.0,2.0,4,24269133.0,,,,,,,,,,7.45,,,
729988,Matt Turner,USA,6713,1994-06-24,keeper,9748.0,Lyon,190.0,right,1227737.0,32.0,Matt Turner,,0.0,1,1227737.0,,,,,,,,,,5.75,,,
825623,Miles Robinson,USA,6713,1997-03-14,center back,722265.0,FC Cincinnati,188.0,right,1627663.0,29.0,Miles Robinson,,1.0,12,1627663.0,,,,,,,,,,6.22,,,
848266,Weston McKennie,USA,6713,1998-08-28,right wing-back,9885.0,Juventus,185.0,right,20998073.0,27.0,Weston McKennie,84.0,2.0,8,20998073.0,,,,,,,,,,7.51,,,
848268,Haji Wright,USA,6713,1998-03-27,striker,8669.0,Coventry City,193.0,right,11821894.0,28.0,Haji Wright,,3.0,19,11821894.0,,,,,,,,,,,,,
889536,Timothy Weah,USA,6713,2000-02-22,right wing-back,8592.0,Marseille,183.0,right,20384000.0,26.0,Timothy Weah,,2.0,21,20384000.0,,,,,,,,,,5.82,,,
892816,Sergiño Dest,USA,6713,2000-11-03,right back,8640.0,PSV Eindhoven,170.0,right,23450403.0,25.0,Sergiño Dest,103.0,1.0,2,17465979.0,,,,,,,,,,6.88,,,
924485,Mark McKenzie,USA,6713,1999-02-25,center back,9941.0,Toulouse,184.0,right,5487971.0,27.0,Mark McKenzie,,1.0,22,5487971.0,,,,,,,,,,5.72,,,
950829,Chris Richards,USA,6713,2000-03-28,center back,9826.0,Crystal Palace,188.0,right,21640235.0,26.0,Chris Richards,34.0,1.0,3,21640235.0,,,,,,,,,,7.41,,,
952322,Brenden Aaronson,USA,6713,2000-10-22,right winger,8463.0,Leeds United,178.0,right,18703691.0,25.0,Brenden Aaronson,,2.0,11,18703691.0,,,,,,,,,,6.01,,,
959696,Joseph Scally,USA,6713,2002-12-31,right wing-back,9788.0,Borussia Mönchengladbach,178.0,right,9669762.0,23.0,Joseph Scally,,1.0,23,9669762.0,,,,,,,,,,6.24,,,
982677,Folarin Balogun,USA,6713,2001-07-03,striker,9829.0,Monaco,179.0,right,25550741.0,,Folarin Balogun,,,,,,,,,,,,,,,,,
1130691,Kamaldeen Sulemana,Ghana,6714,2002-02-15,attacking midfielder,8524.0,Atalanta,175.0,right,18194011.0,24.0,Kamaldeen Sulemana,,2.0,22,18194011.0,,,,,,,,,,6.33,,,
1177779,Alidu Seidu,Ghana,6714,2000-06-04,center back,9851.0,Rennes,173.0,right,6473864.0,26.0,Alidu Seidu,,1.0,2,6473864.0,,,,,,,,,,,,,
1201760,Marvin Senaya,Ghana,6714,2001-01-28,right back,8583.0,Auxerre,179.0,right,2214604.0,,Marvin Senaya,,,,,,,,,,,,,,,,,
1211610,Augustine Boakye,Ghana,6714,2000-11-03,right winger,9853.0,Saint-Etienne,173.0,left,4515715.0,25.0,Augustine Boakye,,3.0,20,4515715.0,,,,,,,,,,,,,
1220633,Prince Adu,Ghana,6714,2003-09-23,striker,6033.0,Viktoria Plzen,179.0,right,2912551.0,22.0,Prince Adu,,3.0,25,2912551.0,,,,,,,,,,6.04,,,
1265626,Abdul Fatawu,Ghana,6714,2004-03-08,right winger,8197.0,Leicester City,177.0,left,21775131.0,,Abdul Fatawu,,,,,,,,,,,,,,,,,
1338390,Ernest Nuamah,Ghana,6714,2003-11-01,forward,9748.0,Lyon,178.0,left,13769819.0,,Ernest Nuamah,,,,,,,,,,,,,,,,,
1429607,Kojo Peprah Oppong,Ghana,6714,2004-06-04,center back,9831.0,Nice,188.0,right,10467733.0,22.0,Kojo Peprah Oppong,,1.0,21,10467733.0,,,,,,,,,,5.98,,,
1432344,Jonas Adjetey,Ghana,6714,2003-12-13,center back,8721.0,Wolfsburg,188.0,right,7922994.0,22.0,Jonas Adjetey,,1.0,4,7922994.0,,,,,,,,,,6.8,,,
1452385,Christopher Bonsu Baah,Ghana,6714,2004-12-14,left midfielder,101919.0,Al Qadsiah,172.0,left,12120359.0,21.0,Christopher Bonsu Baah,,2.0,13,12120359.0,,,,,,,,,,,,,
154280,Jordan Ayew,Ghana,6714,1991-09-11,striker,8197.0,Leicester City,182.0,right,1232388.0,34.0,Jordan Ayew,105.0,3.0,9,1232388.0,,,,,,,,,,6.33,,,True
1615927,Caleb Yirenkyi,Ghana,6714,2006-01-15,central midfielder,10202.0,Nordsjælland,182.0,right,6648250.0,,Caleb Yirenkyi,,,,,,,,,,,,,,,,,
1806615,Benjamin Asare,Ghana,6714,1992-07-13,keeper,,Unknown,188.0,right,,33.0,Benjamin Asare,,0.0,16,,,,,,,,,,,7.01,,,
324910,Abdul Rahman Baba,Ghana,6714,1994-07-02,left back,8619.0,PAOK Thessaloniki,180.0,left,1070630.0,32.0,Abdul Rahman Baba,,1.0,17,1070630.0,,,,,,,,,,,,,
434325,Thomas Partey,Ghana,6714,1993-06-13,central midfielder,10205.0,Villarreal,185.0,right,2116297.0,33.0,Thomas Partey,65.0,2.0,5,2116297.0,,,,,,,,,,6.68,,,
562801,Derrick Luckassen,Ghana,6714,1995-07-03,center back,2137.0,Pafos FC,186.0,right,547980.0,,Derrick Luckassen,,,,,,,,,,,,,,,,,
604105,Iñaki Williams,Ghana,6714,1994-06-15,right winger,8315.0,Athletic Club,186.0,right,15553356.0,32.0,Iñaki Williams,103.0,3.0,19,15553356.0,,,,,,,,,,5.82,,,
615411,Lawrence Ati-Zigi,Ghana,6714,1996-11-29,keeper,10190.0,St. Gallen,188.0,right,888373.0,29.0,Lawrence Ati-Zigi,11.0,0.0,1,888373.0,,,,,,,,,,7.28,,,
771630,Gideon Mensah,Ghana,6714,1998-07-18,left back,8722.0,1. FC Köln,178.0,left,2247783.0,,Gideon Mensah,,,,,,,,,,,,,,,,,
776184,Brandon Thomas-Asante,Ghana,6714,1998-12-29,left winger,8669.0,Coventry City,180.0,right,6469067.0,,Brandon Thomas-Asante,,,,,,,,,,,,,,,,,
776591,Abdul Mumin,Ghana,6714,1998-06-06,defender,,Unknown,188.0,right,2110965.0,28.0,Abdul Mumin,,1.0,6,2110965.0,,,,,,,,,,,,,
873227,Jerome Opoku,Ghana,6714,1998-10-14,center back,1933.0,Başakşehir,195.0,left,3133136.0,27.0,Jerome Opoku,36.0,1.0,18,3133136.0,,,,,,,,,,7.36,,,
883823,Elisha Owusu,Ghana,6714,1997-11-07,central midfielder,8583.0,Auxerre,182.0,right,2252937.0,28.0,Elisha Owusu,,2.0,15,2252937.0,,,,,,,,,,6.29,,,
933576,Antoine Semenyo,Ghana,6714,2000-01-07,right winger,8456.0,Manchester City,185.0,right,63965105.0,26.0,Antoine Semenyo,107.0,3.0,11,63965105.0,,,,,,,,,,6.05,,,
948745,Kwasi Sibo,Ghana,6714,1998-06-24,defensive midfielder,8670.0,Real Oviedo,183.0,right,1119128.0,28.0,Kwasi Sibo,86.0,2.0,8,1119128.0,,,,,,,,,,6.16,,,
963812,Joseph Anang,Ghana,6714,2000-06-08,keeper,1854.0,St. Patrick's Athletic,183.0,right,79064.0,26.0,Joseph Anang,,0.0,12,79064.0,,,,,,,,,,,,,
1023887,Tsuyoshi Watanabe,Japan,6715,1997-02-05,center back,10235.0,Feyenoord,186.0,right,9490272.0,29.0,Tsuyoshi Watanabe,,1.0,16,10544746.0,,,,,,,,,,,,,
1033111,Kaishu Sano,Japan,6715,2000-12-30,central midfielder,9905.0,Mainz 05,176.0,right,26323596.0,25.0,Kaishu Sano,64.0,2.0,24,29248440.0,,,,,,,,,,,,,
1053679,Zion Suzuki,Japan,6715,2002-08-21,keeper,10167.0,Parma,189.0,right,21668407.0,23.0,Zion Suzuki,11.0,0.0,1,24076008.0,,,,,,,,,,,,,
1134467,Yuito Suzuki,Japan,6715,2001-10-25,attacking midfielder,8358.0,Freiburg,175.0,right,15078138.0,24.0,Yuito Suzuki,,2.0,17,13707399.0,,,,,,,,,,,,,
1232143,Tomoki Hayakawa,Japan,6715,1999-03-03,keeper,4397.0,Kashima Antlers,186.0,right,1136329.0,27.0,Tomoki Hayakawa,,0.0,23,1203455.0,,,,,,,,,,,,,
1337765,Junnosuke Suzuki,Japan,6715,2003-07-12,right back,8391.0,FC København,180.0,right,1771547.0,22.0,Junnosuke Suzuki,,1.0,25,2067431.0,,,,,,,,,,,,,
1436730,Keisuke Goto,Japan,6715,2005-06-03,striker,8358.0,Freiburg,191.0,right,3973063.0,21.0,Keisuke Goto,,3.0,9,3310886.0,,,,,,,,,,,,,
1611223,Kento Shiogai,Japan,6715,2005-03-26,striker,8721.0,Wolfsburg,180.0,right,7554337.0,21.0,Kento Shiogai,,3.0,26,6568989.0,,,,,,,,,,,,,
523731,Shogo Taniguchi,Japan,6715,1991-07-15,center back,9997.0,St.Truiden,182.0,right,517741.0,34.0,Shogo Taniguchi,35.0,1.0,3,489195.0,,,,,,,,,,,,,
604044,Junya Ito,Japan,6715,1993-03-09,left winger,9987.0,Genk,176.0,right,1849143.0,33.0,Junya Ito,84.0,3.0,14,2254407.0,,,,,,,,,,,,,
620917,Ko Itakura,Japan,6715,1997-01-27,center back,8593.0,Ajax,185.0,right,9487856.0,29.0,Ko Itakura,,1.0,4,10542063.0,,,,,,,,,,,,,
621515,Daichi Kamada,Japan,6715,1996-08-05,defensive midfielder,9826.0,Crystal Palace,184.0,right,10708722.0,29.0,Daichi Kamada,66.0,2.0,15,10248016.0,,,,,,,,,,,,,
629805,Ritsu Doan,Japan,6715,1998-06-16,right winger,9810.0,Eintracht Frankfurt,172.0,left,19495937.0,28.0,Ritsu Doan,62.0,2.0,10,21662153.0,,,,,,,,,,,,,True
664444,Takehiro Tomiyasu,Japan,6715,1998-11-05,center back,,Unknown,187.0,right,4456133.0,27.0,Takehiro Tomiyasu,33.0,1.0,22,5242510.0,,,,,,,,,,,,,
727837,Koki Ogawa,Japan,6715,1997-08-08,striker,8464.0,NEC Nijmegen,186.0,right,1559788.0,28.0,Koki Ogawa,,3.0,19,1865763.0,,,,,,,,,,,,,
728765,Daizen Maeda,Japan,6715,1997-10-20,striker,9925.0,Celtic,173.0,right,11480177.0,28.0,Daizen Maeda,86.0,3.0,11,12567723.0,,,,,,,,,,,,,
848289,Takefusa Kubo,Japan,6715,2001-06-04,right winger,8560.0,Real Sociedad,174.0,left,29465972.0,25.0,Takefusa Kubo,,3.0,8,32739969.0,,,,,,,,,,,,,
851626,Hiroki Ito,Japan,6715,1999-05-12,center back,9823.0,Bayern München,186.0,left,17447233.0,27.0,Hiroki Ito,37.0,1.0,21,19385815.0,,,,,,,,,,,,,
857120,Ayumu Seko,Japan,6715,2000-06-07,center back,9746.0,Le Havre,183.0,right,3046965.0,26.0,Ayumu Seko,,1.0,20,2539138.0,,,,,,,,,,,,,
887704,Keito Nakamura,Japan,6715,2000-07-28,left winger,9837.0,Reims,180.0,right,8402643.0,25.0,Keito Nakamura,68.0,3.0,13,9885463.0,,,,,,,,,,,,,
915111,Shuto Machino,Japan,6715,1999-09-30,striker,9788.0,Borussia Mönchengladbach,184.0,right,5937194.0,26.0,Shuto Machino,,3.0,6,5938750.0,,,,,,,,,,,,,
922808,Keisuke Osako,Japan,6715,1999-07-28,keeper,6224.0,Sanfrecce Hiroshima,186.0,right,1606500.0,26.0,Keisuke Osako,,0.0,12,1621373.0,,,,,,,,,,,,,
924610,Yukinari Sugawara,Japan,6715,2000-06-28,right back,8466.0,Southampton,179.0,right,6275956.0,26.0,Yukinari Sugawara,,1.0,2,6468523.0,,,,,,,,,,,,,
935728,Ao Tanaka,Japan,6715,1998-09-10,defensive midfielder,8463.0,Leeds United,180.0,right,10882628.0,27.0,Ao Tanaka,,2.0,7,12091809.0,,,,,,,,,,,,,
942393,Ayase Ueda,Japan,6715,1998-08-28,striker,10235.0,Feyenoord,182.0,right,17343060.0,27.0,Ayase Ueda,105.0,3.0,18,17343060.0,,,,,,,,,,,,,
98254,Yuto Nagatomo,Japan,6715,1986-09-12,right back,4399.0,FC Tokyo,170.0,both,163495.0,39.0,Yuto Nagatomo,,1.0,5,163495.0,,,,,,,,,,,,,
1101030,Kai Trewin,Australia,6716,2001-05-18,defensive midfielder,546238.0,New York City FC,179.0,right,816248.0,25.0,Kai Trewin,,2.0,15,816248.0,,,,,,,,,,,,,
1132069,Mohamed Touré,Australia,6716,2004-03-26,striker,9850.0,Norwich City,186.0,right,2472825.0,22.0,Mohamed Touré,,3.0,9,2472825.0,,,,,,,,,,6.21,,,
1220549,Tete Yengi,Australia,6716,2000-11-28,striker,194011.0,Machida Zelvia,197.0,right,475079.0,25.0,Tete Yengi,,3.0,26,475079.0,,,,,,,,,,6.24,,,
1250885,Nishan Velupillay,Australia,6716,2001-05-07,right winger,6230.0,Melbourne Victory,181.0,right,328716.0,25.0,Nishan Velupillay,,3.0,23,328716.0,,,,,,,,,,6.06,,,
1308909,Cristian Volpato,Australia,6716,2003-11-15,right winger,7943.0,Sassuolo,187.0,left,11461964.0,22.0,Cristian Volpato,72.0,3.0,20,11461964.0,,,,,,,,,,6.46,,,
1316930,Jordan Bos,Australia,6716,2002-10-29,left back,10235.0,Feyenoord,180.0,left,7626341.0,23.0,Jordan Bos,51.0,1.0,5,7626341.0,,,,,,,,,,6.92,,,
1318686,Alessandro Circati,Australia,6716,2003-10-10,center back,10167.0,Parma,190.0,right,12507684.0,22.0,Alessandro Circati,33.0,1.0,3,12507684.0,,,,,,,,,,7.18,,,
1327214,Nestory Irankunda,Australia,6716,2006-02-09,striker,9817.0,Watford,175.0,right,9946834.0,20.0,Nestory Irankunda,115.0,2.0,17,9946834.0,,,,,,,,,1.0,6.72,,,
1335765,Patrick Beach,Australia,6716,2003-08-06,keeper,10242.0,Troyes,190.0,left,1030395.0,22.0,Patrick Beach,11.0,0.0,18,1030395.0,,,,,,,,,,7.7,,,
1527363,Paul Okon-Engstler,Australia,6716,2005-01-24,defensive midfielder,10164.0,Sydney FC,186.0,left,945649.0,21.0,Paul Okon-Engstler,,2.0,24,945649.0,,,,,,,,,,7.34,1.0,,
1686118,Lucas Herrington,Australia,6716,2007-09-05,center back,8314.0,Colorado Rapids,192.0,right,1914603.0,18.0,Lucas Herrington,37.0,1.0,25,1914603.0,,,,,,,,,,7.12,,,
185014,Mathew Leckie,Australia,6716,1991-02-04,central midfielder,203576.0,Melbourne City FC,181.0,right,127332.0,35.0,Matthew Leckie,1000.0,2.0,7,127332.0,,,,,,,,,,6.12,,,
185644,Mathew Ryan,Australia,6716,1992-04-08,keeper,,Unknown,184.0,right,1514941.0,34.0,Mathew Ryan,,0.0,1,1514941.0,,,,,,,,,,,,,
192735,Aziz Behich,Australia,6716,1990-12-16,left back,203576.0,Melbourne City FC,170.0,left,229917.0,35.0,Aziz Behich,59.0,1.0,16,229917.0,,,,,,,,,,6.9,,,
302176,Paul Izzo,Australia,6716,1995-01-06,keeper,8410.0,Randers FC,185.0,right,440150.0,31.0,Paul Izzo,,0.0,12,440150.0,,,,,,,,,,,,,
369742,Jackson Irvine,Australia,6716,1993-03-07,defensive midfielder,8152.0,St. Pauli,180.0,right,1063568.0,33.0,Jackson Irvine,74.0,2.0,22,1063568.0,,,,,,,,,,6.48,,,
416124,Milos Degenek,Australia,6716,1994-04-28,center back,8621.0,APOEL Nicosia,187.0,right,192918.0,32.0,Milos Degenek,,1.0,2,192918.0,,,,,,,,,,,,,
418799,Jason Geria,Australia,6716,1993-05-10,center back,4425.0,Albirex Niigata,184.0,right,292346.0,33.0,Jason Geria,,1.0,6,292346.0,,,,,,,,,,6.28,,,
421328,Awer Mabil,Australia,6716,1995-09-15,right winger,10279.0,Castellon,179.0,right,273015.0,30.0,Awer Mabil,,3.0,11,273015.0,,,,,,,,,,,,,
564842,Cameron Burgess,Australia,6716,1995-10-21,center back,10003.0,Swansea City,194.0,left,1124112.0,30.0,Cameron Burgess,,1.0,21,1124112.0,,,,,,,,,,6.02,,,
671518,Harry Souttar,Australia,6716,1998-10-22,center back,8197.0,Leicester City,198.0,right,3030545.0,27.0,Harry Souttar,35.0,1.0,19,3030545.0,,,,,,,,,,6.93,,,True
675762,Ajdin Hrustic,Australia,6716,1996-07-05,central midfielder,9791.0,Heracles,183.0,left,338276.0,29.0,Ajdin Hrustic,,2.0,10,338276.0,,,,,,,,,,6.39,,,
785377,Aiden O'Neill,Australia,6716,1998-07-04,defensive midfielder,546238.0,New York City FC,178.0,right,1576682.0,27.0,Aiden O'Neill,76.0,2.0,13,1576682.0,,,,,,,,,,7.26,,,
885870,Connor Metcalfe,Australia,6716,1999-11-05,attacking midfielder,8152.0,St. Pauli,178.0,left,1250291.0,26.0,Connor Metcalfe,78.0,2.0,8,1250291.0,,,,,,,,,1.0,7.06,,,
889093,Jacob Italiano,Australia,6716,2001-07-30,attacking midfielder,10012.0,Grazer AK,177.0,both,266203.0,24.0,Jacob Italiano,1000.0,2.0,4,266203.0,,,,,,,,,,6.65,,,
970544,Cameron Devlin,Australia,6716,1998-06-07,central midfielder,8548.0,Rangers,170.0,right,1116772.0,28.0,Cameron Devlin,,2.0,14,1116772.0,,,,,,,,,,,,,
1022649,Dan Ndoye,Switzerland,6717,2000-10-25,right winger,10203.0,Nottingham Forest,184.0,right,38981884.0,25.0,Dan Ndoye,87.0,3.0,11,38981884.0,,,,,,,,,2.0,7.35,,,
1067168,Zeki Amdouni,Switzerland,6717,2000-12-04,forward,8191.0,Burnley,185.0,both,10961515.0,25.0,Zeki Amdouni,,3.0,23,10961515.0,,,,,,,,,,6.37,,,
1107298,Marvin Keller,Switzerland,6717,2002-07-03,keeper,10192.0,Young Boys,190.0,right,8364977.0,24.0,Marvin Keller,,0.0,21,8364977.0,,,,,,,,,,,,,
115591,Ricardo Rodríguez,Switzerland,6717,1992-08-25,left back,8603.0,Real Betis,180.0,left,1587551.0,33.0,Ricardo Rodríguez,38.0,1.0,13,1587551.0,,,,,,,,,,7.28,1.0,,
1161211,Fabian Rieder,Switzerland,6717,2002-02-16,attacking midfielder,8406.0,Augsburg,179.0,left,9012468.0,24.0,Fabian Rieder,85.0,2.0,22,9012468.0,,,,,,,,,,6.53,,,
1163219,Ardon Jashari,Switzerland,6717,2002-07-30,central midfielder,8564.0,Milan,181.0,left,30516497.0,23.0,Ardon Jashari,,2.0,14,30516497.0,,,,,,,,,,5.9,,,
1257648,Aurèle Amenda,Switzerland,6717,2003-07-31,center back,8669.0,Coventry City,194.0,right,9212534.0,22.0,Aurèle Amenda,,1.0,24,9212534.0,,,,,,,,,,,,,
1270002,Luca Jaquez,Switzerland,6717,2003-06-02,center back,10269.0,VfB Stuttgart,187.0,right,11652116.0,23.0,Luca Jaquez,,1.0,25,11652116.0,,,,,,,,,,6.99,,,
1520063,Johan Manzambi,Switzerland,6717,2005-10-14,defensive midfielder,10252.0,Aston Villa,182.0,right,31466201.0,20.0,Johan Manzambi,1000.0,2.0,9,31466201.0,,,,,,,,,3.0,7.55,2.0,,
201704,Remo Freuler,Switzerland,6717,1992-04-15,defensive midfielder,9857.0,Bologna,180.0,right,2661166.0,34.0,Remo Freuler,64.0,2.0,8,2661166.0,,,,,,,,,,7.13,,,
207236,Granit Xhaka,Switzerland,6717,1992-09-27,defensive midfielder,8472.0,Sunderland,185.0,left,15412041.0,33.0,Granit Xhaka,66.0,2.0,10,15412041.0,,,,,,,,,1.0,7.58,,,True
274787,Yvon Mvogo,Switzerland,6717,1994-06-06,keeper,8689.0,Lorient,186.0,right,1937070.0,32.0,Yvon Mvogo,,0.0,12,1937070.0,,,,,,,,,,,,,
275034,Silvan Widmer,Switzerland,6717,1993-03-05,right midfielder,9905.0,Mainz 05,182.0,right,754793.0,33.0,Silvan Widmer,,2.0,3,754793.0,,,,,,,,,,6.4,,,
517346,Nico Elvedi,Switzerland,6717,1996-09-30,center back,9788.0,Borussia Mönchengladbach,187.0,right,6229277.0,29.0,Nico Elvedi,34.0,1.0,4,6229277.0,,,,,,,,,,7.35,,,
521318,Manuel Akanji,Switzerland,6717,1995-07-19,center back,8636.0,Inter,188.0,right,16301574.0,30.0,Manuel Akanji,36.0,1.0,5,16301574.0,,,,,,,,,,7.47,,,
527103,Breel Embolo,Switzerland,6717,1997-02-14,striker,9851.0,Rennes,187.0,right,11466711.0,29.0,Breel Embolo,115.0,3.0,7,11466711.0,,,,,,,,,2.0,7.46,2.0,,
598355,Denis Zakaria,Switzerland,6717,1996-11-20,center back,9829.0,Monaco,189.0,right,23737986.0,29.0,Denis Zakaria,32.0,1.0,6,23737986.0,,,,,,,,,,7.43,,,
618774,Christian Fassnacht,Switzerland,6717,1993-11-11,right winger,10192.0,Young Boys,185.0,right,1239429.0,32.0,Christian Fassnacht,,3.0,16,1239429.0,,,,,,,,,,,,,
705484,Eray Cömert,Switzerland,6717,1998-02-04,center back,,Unknown,183.0,right,1520685.0,28.0,Eray Cömert,,1.0,18,1520685.0,,,,,,,,,,,,,
707970,Djibril Sow,Switzerland,6717,1997-02-06,central midfielder,8302.0,Sevilla,184.0,right,6141708.0,29.0,Djibril Sow,83.0,2.0,15,6141708.0,,,,,,,,,,6.64,,,
726956,Cedric Itten,Switzerland,6717,1996-12-27,striker,8697.0,Werder Bremen,189.0,right,1184447.0,29.0,Cedric Itten,,3.0,26,1184447.0,,,,,,,,,,5.89,,,
759817,Miro Muheim,Switzerland,6717,1998-03-24,left midfielder,9790.0,Hamburger SV,182.0,left,3653229.0,28.0,Miro Muheim,,2.0,2,3653229.0,,,,,,,,,,6.72,,,
764018,Gregor Kobel,Switzerland,6717,1997-12-06,keeper,9789.0,Borussia Dortmund,193.0,right,36955304.0,28.0,Gregor Kobel,11.0,0.0,1,36955304.0,,,,,,,,,,7.86,,,
792756,Michel Aebischer,Switzerland,6717,1997-01-06,central midfielder,6479.0,Pisa,185.0,right,3898698.0,29.0,Michel Aebischer,,2.0,20,3898698.0,,,,,,,,,,6.9,,,
860752,Rubén Vargas,Switzerland,6717,1998-08-05,left winger,8302.0,Sevilla,174.0,right,11386934.0,27.0,Rubén Vargas,,3.0,17,11386934.0,,,,,,,,,2.0,7.56,1.0,,
915797,Noah Okafor,Switzerland,6717,2000-05-24,left winger,8463.0,Leeds United,185.0,right,21260660.0,26.0,Noah Okafor,,3.0,19,21260660.0,,,,,,,,,,6.56,,,
1015128,Elias Achouri,Tunisia,6719,1999-02-10,left midfielder,8391.0,FC København,177.0,right,1891963.0,27.0,Elias Achouri,,2.0,7,2277817.0,,,,,,,,,,,,,
1055316,Anis Ben Slimane,Tunisia,6719,2001-03-16,attacking midfielder,9850.0,Norwich City,188.0,both,1864908.0,25.0,Anis Ben Slimane,72.0,2.0,25,2212019.0,,,,,,,,,,,,,
1113785,Hannibal Mejbri,Tunisia,6719,2003-01-21,attacking midfielder,8191.0,Burnley,177.0,right,17758848.0,,Hannibal Mejbri,,,,,,,,,,,,,,,,,
1131896,Hadj Mahmoud,Tunisia,6719,2000-04-24,central midfielder,8153.0,Espérance,179.0,right,1480067.0,26.0,Hadj Mahmoud,,2.0,15,1475359.0,,,,,,,,,,,,,
1131928,Amine Ben Hamida,Tunisia,6719,1995-12-15,left back,8153.0,Espérance,181.0,left,339852.0,30.0,Amine Ben Hamida,37.0,1.0,21,399626.0,,,,,,,,,,,,,
1160097,Omar Rekik,Tunisia,6719,2001-12-20,center back,8340.0,Maribor,186.0,right,312786.0,,Omar Rekik,,,,,,,,,,,,,,,,,
1244924,Ismaël Gharbi,Tunisia,6719,2004-04-10,attacking midfielder,10264.0,Braga,173.0,right,7029177.0,22.0,Ismaël Gharbi,74.0,2.0,11,8269620.0,,,,,,,,,,,,,
1285773,Elias Saad,Tunisia,6719,1999-12-27,left winger,915807.0,Nashville SC,185.0,right,1505143.0,26.0,Elias Saad,,3.0,8,1881429.0,,,,,,,,,,,,,
1311408,Hazem Mastouri,Tunisia,6719,1997-06-18,striker,1068353.0,Dynamo Makhachkala,191.0,right,538042.0,,Hazem Mastouri,,,,,,,,,,,,,,,,,
1413151,Moutaz Neffati,Tunisia,6719,2004-09-04,right back,8449.0,IFK Norrköping,182.0,right,635520.0,21.0,Moutaz Neffati,1.0,,23,,,0.0,0.0,0.0,0.0,182.0,2004-09-04,635520.0,,,,,
1685596,Rayan Elloumi,Tunisia,6719,2007-09-17,striker,307691.0,Vancouver Whitecaps,180.0,right,1241227.0,18.0,Rayan Elloumi,,3.0,18,1480363.0,,,,,,,,,,,,,
1797902,Adem Arous,Tunisia,6719,2004-07-17,center back,4685.0,Kasımpaşa,188.0,right,1889397.0,22.0,Adem Arous,1.0,,24,,,0.0,0.0,0.0,0.0,188.0,2004-07-17,1889397.0,,,,,
304348,Rani Khedira,Tunisia,6719,1994-01-27,defensive midfielder,8149.0,Union Berlin,188.0,right,1544379.0,32.0,Rani Khedira,76.0,2.0,13,1541477.0,,,,,,,,,,,,,
543363,Sabri Ben Hessen,Tunisia,6719,1996-06-13,keeper,102106.0,CS Sfaxien,189.0,right,341867.0,30.0,Sabri Ben Hessen,,0.0,22,341867.0,,,,,,,,,,,,,
566187,Ali Abdi,Tunisia,6719,1993-12-20,left back,9831.0,Nice,177.0,left,1387610.0,32.0,Ali Abdi,59.0,1.0,2,1680233.0,,,,,,,,,,,,,
574642,Ellyes Skhiri,Tunisia,6719,1995-05-10,defensive midfielder,9810.0,Eintracht Frankfurt,185.0,right,3619283.0,31.0,Ellyes Skhiri,35.0,2.0,17,4524103.0,,,,,,,,,,,,,True
712132,Mortadha Ben Ouanes,Tunisia,6719,1994-07-02,left winger,4685.0,Kasımpaşa,182.0,left,1009276.0,31.0,Mortadha Ben Ouanes,,3.0,12,1251141.0,,,,,,,,,,,,,
771686,Dylan Bronn,Tunisia,6719,1995-06-19,center back,9777.0,Servette,186.0,right,433946.0,31.0,Dylan Bronn,,1.0,6,542433.0,,,,,,,,,,,,,
789596,Yan Valery,Tunisia,6719,1999-02-22,right back,10192.0,Young Boys,180.0,right,819011.0,27.0,Yan Valery,51.0,1.0,20,803893.0,,,,,,,,,,,,,
845336,Firas Chaouat,Tunisia,6719,1996-05-08,striker,102102.0,Club Africain,185.0,right,643356.0,30.0,Firas Chaouat,,3.0,19,804195.0,,,,,,,,,,,,,
846392,Montassar Talbi,Tunisia,6719,1998-05-26,center back,8689.0,Lorient,190.0,right,5456416.0,28.0,Montassar Talbi,33.0,1.0,3,6419313.0,,,,,,,,,,,,,
921919,Sebastian Tounekti,Tunisia,6719,2002-07-13,left winger,9925.0,Celtic,183.0,right,4791385.0,23.0,Sebastian Tounekti,,3.0,26,5636924.0,,,,,,,,,,,,,
982855,Aymen Dahmen,Tunisia,6719,1997-01-28,keeper,102106.0,CS Sfaxien,188.0,right,565884.0,29.0,Aymen Dahmen,11.0,0.0,16,707355.0,,,,,,,,,,,,,
1031325,Martín Zubimendi,Spain,6720,1999-02-02,central midfielder,9825.0,Arsenal,180.0,right,69262856.0,27.0,Martín Zubimendi,,2.0,18,69262856.0,,,,,,,,,,,,,
1047676,Yéremi Pino,Spain,6720,2002-10-20,attacking midfielder,9826.0,Crystal Palace,172.0,right,44227398.0,23.0,Yéremi Pino,,2.0,11,44227398.0,,,,,,,,,,5.95,,,
1083323,Pedri,Spain,6720,2002-11-25,defensive midfielder,8634.0,Barcelona,174.0,right,104907986.0,23.0,Pedri,,2.0,20,104907986.0,,,,,,,,,,7.24,,,
1167220,Joan García,Spain,6720,2001-05-04,keeper,8634.0,Barcelona,193.0,right,28742248.0,25.0,Joan García,,0.0,13,28742248.0,,,,,,,,,,,,,
1202110,Nico Williams,Spain,6720,2002-07-12,left winger,8315.0,Athletic Club,181.0,right,52078269.0,24.0,Nico Williams,,3.0,17,52078269.0,,,,,,,,,,6.14,1.0,,
1279040,Gavi,Spain,6720,2004-08-05,defensive midfielder,8634.0,Barcelona,173.0,right,35708659.0,21.0,Gavi,,2.0,9,35708659.0,,,,,,,,,,6.82,,,
1323897,Marc Pubill,Spain,6720,2003-06-20,center back,9906.0,Atletico Madrid,190.0,right,24549110.0,23.0,Marc Pubill,,1.0,2,24549110.0,,,,,,,,,,,,,
1467236,Lamine Yamal,Spain,6720,2007-07-13,right winger,8634.0,Barcelona,180.0,left,190852195.0,19.0,Lamine Yamal,83.0,3.0,19,190852195.0,,,,,,,,,1.0,7.43,,,
1532137,Pau Cubarsí,Spain,6720,2007-01-22,center back,8634.0,Barcelona,184.0,right,120641838.0,,Pau Cubarsí,,,,,,,,,,,,,,,,,
1553105,Víctor Muñoz,Spain,6720,2003-07-13,left winger,8650.0,Liverpool,173.0,right,,23.0,Víctor Muñoz,,3.0,25,,,,,,,,,,,,,,
288406,Alejandro Grimaldo,Spain,6720,1995-09-20,left wing-back,9906.0,Atletico Madrid,171.0,left,23578989.0,30.0,Alejandro Grimaldo,,2.0,3,23578989.0,,,,,,,,,,,,,
411617,Aymeric Laporte,Spain,6720,1994-05-27,center back,8315.0,Athletic Club,191.0,left,5988108.0,32.0,Aymeric Laporte,36.0,1.0,14,5988108.0,,,,,,,,,,7.51,1.0,,
562727,David Raya,Spain,6720,1995-09-15,keeper,9825.0,Arsenal,183.0,right,27458190.0,30.0,David Raya,,0.0,1,27458190.0,,,,,,,,,,,,,
574645,Mikel Merino,Spain,6720,1996-06-22,central midfielder,9825.0,Arsenal,187.0,left,30085413.0,,Mikel Merino,,,,,,,,,,,,,,,,,
602563,Marcos Llorente,Spain,6720,1995-01-30,right back,9906.0,Atletico Madrid,180.0,right,16617444.0,31.0,Marcos Llorente,,1.0,5,16617444.0,,,,,,,,,,8.09,1.0,,
605654,Fabián Ruiz,Spain,6720,1996-04-03,central midfielder,9847.0,Paris Saint-Germain,189.0,left,29969569.0,30.0,Fabián Ruiz,66.0,2.0,8,29969569.0,,,,,,,,,1.0,7.27,,,
609505,Borja Iglesias,Spain,6720,1993-01-17,striker,9910.0,Celta Vigo,187.0,right,2093775.0,33.0,Borja Iglesias,,3.0,26,2093775.0,,,,,,,,,,,,,
614834,Dani Olmo,Spain,6720,1998-05-07,attacking midfielder,8634.0,Barcelona,180.0,right,50114723.0,,Dani Olmo,,,,,,,,,,,,,,,,,
660625,Unai Simón,Spain,6720,1997-06-11,keeper,8315.0,Athletic Club,190.0,right,22984799.0,29.0,Unai Simón,11.0,0.0,23,22984799.0,,,,,,,,,,7.56,,,
675088,Rodri,Spain,6720,1996-06-22,defensive midfielder,8456.0,Manchester City,190.0,right,65807631.0,,Rodri,,,,,,,,,,,,,,,,,
678234,Mikel Oyarzabal,Spain,6720,1997-04-21,striker,8560.0,Real Sociedad,180.0,left,30985239.0,,Mikel Oyarzabal,,,,,,,,,,,,,,,,,
873289,Marc Cucurella,Spain,6720,1998-07-22,left back,8633.0,Real Madrid,177.0,left,41324940.0,,Marc Cucurella,,,,,,,,,,,,,,,,,
881771,Ferran Torres,Spain,6720,2000-02-29,striker,8634.0,Barcelona,184.0,right,42240372.0,26.0,Ferran Torres,,3.0,7,42240372.0,,,,,,,,,1.0,6.35,1.0,,
940573,Eric García,Spain,6720,2001-01-09,center back,8634.0,Barcelona,182.0,right,28525686.0,25.0,Eric García,,1.0,4,28525686.0,,,,,,,,,,,,,
941573,Pedro Porro,Spain,6720,1999-09-13,right back,8586.0,Tottenham Hotspur,176.0,right,44960034.0,,Pedro Porro,,,,,,,,,,,,,,,,,
942372,Álex Baena,Spain,6720,2001-07-20,left winger,9906.0,Atletico Madrid,174.0,right,40994685.0,,Álex Baena,,,,,,,,,,,,,,,,,
1016132,Manu Koné,France,6723,2001-05-17,defensive midfielder,8686.0,Roma,185.0,right,49518614.0,25.0,Manu Koné,,2.0,6,49518614.0,,,,,,,,,,7.15,,,
1029063,Michael Olise,France,6723,2001-12-12,right winger,9823.0,Bayern München,184.0,left,172246935.0,,Michael Olise,,,,,,,,,,,,,,,,,
1104053,Rayan Cherki,France,6723,2003-08-17,attacking midfielder,8456.0,Manchester City,177.0,both,63593257.0,22.0,Rayan Cherki,85.0,2.0,24,63593257.0,,,,,,,,,,6.64,,,
1197250,Malo Gusto,France,6723,2003-05-19,right back,8455.0,Chelsea,179.0,right,41326134.0,23.0,Malo Gusto,32.0,1.0,2,41326134.0,,,,,,,,,,6.25,,,
1297165,Bradley Barcola,France,6723,2002-09-02,left winger,9847.0,Paris Saint-Germain,182.0,right,63596615.0,,Bradley Barcola,,,,,,,,,,,,,,,,,
1305618,Maghnes Akliouche,France,6723,2002-02-25,right winger,9829.0,Monaco,183.0,left,48968741.0,24.0,Maghnes Akliouche,,3.0,25,48968741.0,,,,,,,,,,,,,
1339208,Désiré Doué,France,6723,2005-06-03,right winger,9847.0,Paris Saint-Germain,178.0,right,89748088.0,21.0,Désiré Doué,87.0,3.0,20,89748088.0,,,,,,,,,1.0,7.32,1.0,,
1367615,Warren Zaïre-Emery,France,6723,2006-03-08,central midfielder,9847.0,Paris Saint-Germain,178.0,right,79294458.0,20.0,Warren Zaïre-Emery,64.0,2.0,18,79294458.0,,,,,,,,,,6.19,,,
1390336,Robin Risser,France,6723,2004-12-02,keeper,8588.0,Lens,193.0,right,13743525.0,21.0,Robin Risser,,0.0,23,13743525.0,,,,,,,,,,,,,
210111,Lucas Digne,France,6723,1993-07-20,left back,10252.0,Aston Villa,178.0,left,8439289.0,32.0,Lucas Digne,,1.0,3,8439289.0,,,,,,,,,,7.27,,,
279714,Brice Samba,France,6723,1994-04-25,keeper,9851.0,Rennes,186.0,left,6211237.0,32.0,Brice Samba,,0.0,1,6211237.0,,,,,,,,,,,,,
319300,N'Golo Kanté,France,6723,1991-03-29,defensive midfielder,8695.0,Fenerbahçe,168.0,right,1863806.0,35.0,N'Golo Kanté,,2.0,13,1863806.0,,,,,,,,,,,,,
352879,Adrien Rabiot,France,6723,1995-04-03,central midfielder,8564.0,Milan,191.0,left,17597109.0,31.0,Adrien Rabiot,66.0,2.0,14,17597109.0,,,,,,,,,,7.49,1.0,,
466439,Mike Maignan,France,6723,1995-07-03,keeper,8564.0,Milan,191.0,right,19999181.0,31.0,Mike Maignan,11.0,0.0,16,19999181.0,,,,,,,,,,7.15,,,
504606,Lucas Hernández,France,6723,1996-02-14,left back,9847.0,Paris Saint-Germain,183.0,left,18612889.0,30.0,Lucas Hernández,,1.0,21,18612889.0,,,,,,,,,,,,,
621562,Marcus Thuram,France,6723,1997-08-06,striker,8636.0,Inter,188.0,right,48802217.0,28.0,Marcus Thuram,,3.0,9,48802217.0,,,,,,,,,,,,,
658554,Dayot Upamecano,France,6723,1998-10-27,center back,9823.0,Bayern München,185.0,right,42810112.0,27.0,Dayot Upamecano,,1.0,4,42810112.0,,,,,,,,,,7.53,1.0,,
692984,Ousmane Dembélé,France,6723,1997-05-15,striker,9847.0,Paris Saint-Germain,178.0,both,86227764.0,,Ousmane Dembélé,,,,,,,,,,,,,,,,,
701154,Kylian Mbappé,France,6723,1998-12-20,striker,8633.0,Real Madrid,178.0,right,109605102.0,,Kylian Mbappé,,,,,,,,,,,,,,,,,
705450,Jules Koundé,France,6723,1998-11-12,right back,8634.0,Barcelona,180.0,right,57479286.0,27.0,Jules Koundé,,1.0,5,57479286.0,,,,,,,,,,7.35,,,
706297,Jean-Philippe Mateta,France,6723,1997-06-28,striker,9826.0,Crystal Palace,192.0,right,36030457.0,29.0,Jean-Philippe Mateta,,3.0,22,36030457.0,,,,,,,,,,6.37,,,
724371,Theo Hernández,France,6723,1997-10-06,left back,2529.0,Al Hilal,184.0,left,25549077.0,28.0,Theo Hernández,38.0,1.0,19,25549077.0,,,,,,,,,,6.57,,,
820140,Ibrahima Konaté,France,6723,1999-05-25,center back,8633.0,Real Madrid,192.0,right,31513513.0,27.0,Ibrahima Konaté,34.0,1.0,15,31513513.0,,,,,,,,,,6.45,,,
914458,Aurélien Tchouaméni,France,6723,2000-01-27,central midfielder,8633.0,Real Madrid,185.0,right,63143476.0,26.0,Aurélien Tchouaméni,,2.0,8,63143476.0,,,,,,,,,,7.78,1.0,,
950485,Maxence Lacroix,France,6723,2000-04-06,center back,9826.0,Crystal Palace,190.0,right,46435084.0,26.0,Maxence Lacroix,36.0,1.0,26,46435084.0,,,,,,,,,,6.54,,,
955406,William Saliba,France,6723,2001-03-24,center back,9825.0,Arsenal,193.0,right,101311247.0,25.0,William Saliba,,1.0,17,101311247.0,,,,,,,,,,7.07,,,
1033279,Isidro Pitta,Paraguay,6724,1999-08-14,striker,109705.0,Red Bull Bragantino,183.0,right,9058366.0,26.0,Isidro Pitta,,3.0,25,9058366.0,,,,,,,,,,5.65,,,
1059490,Mauricio,Paraguay,6724,2001-06-22,attacking midfielder,10283.0,Palmeiras,175.0,left,13985222.0,,Mauricio,,,,,,,,,,,,,,,,,
1073742,Julio Enciso,Paraguay,6724,2004-01-23,attacking midfielder,9848.0,Strasbourg,173.0,right,22946236.0,,Julio Enciso,,,,,,,,,,,,,,,,,
1075065,Braian Ojeda,Paraguay,6724,2000-06-27,central midfielder,267810.0,Orlando City,173.0,right,1917837.0,26.0,Braian Ojeda,,2.0,20,1917837.0,,,,,,,,,,6.15,,,
1132960,Ramón Sosa,Paraguay,6724,1999-08-31,left winger,10283.0,Palmeiras,178.0,right,10086771.0,26.0,Ramón Sosa,,3.0,7,10086771.0,,,,,,,,,,6.28,,,
1133495,Juan Cáceres,Paraguay,6724,2000-06-01,right back,9763.0,Dinamo Moscow,173.0,right,3071212.0,,Juan Cáceres,,,,,,,,,,,,,,,,,
1241957,Matías Galarza,Paraguay,6724,2002-02-11,central midfielder,10076.0,River Plate,175.0,left,2011590.0,,Matías Galarza,,,,,,,,,,,,,,,,,
1252913,Damián Bobadilla,Paraguay,6724,2001-07-11,defensive midfielder,10277.0,Sao Paulo,181.0,right,4970331.0,24.0,Damián Bobadilla,,2.0,16,4970331.0,,,,,,,,,,6.29,,,
1320444,Álex Arce,Paraguay,6724,1995-06-16,striker,161729.0,Independiente Rivadavia,188.0,right,1803136.0,31.0,Álex Arce,,3.0,18,1803136.0,,,,,,,,,,5.99,,,
1347933,Gustavo Caballero,Paraguay,6724,2001-09-21,right winger,8514.0,Santos FC,186.0,right,1178336.0,24.0,Gustavo Caballero,,3.0,24,1178336.0,,,,,,,,,,6.67,,,
1354561,Diego Gómez,Paraguay,6724,2003-03-27,attacking midfielder,10204.0,Brighton & Hove Albion,183.0,right,4064256.0,23.0,Diego Gómez,74.0,2.0,8,4064256.0,,,,,,,,,,6.69,,,
1683391,Orlando Gill,Paraguay,6724,2000-06-11,keeper,10083.0,San Lorenzo,198.0,left,4320700.0,,Orlando Gill,,,,,,,,,,,,,,,,,
1736527,Alexandro Maidana,Paraguay,6724,2005-07-26,left back,10101.0,Talleres,173.0,left,1869906.0,20.0,Alexandro Maidana,,1.0,26,1869906.0,,,,,,,,,,6.52,,,
274392,Gustavo Gómez,Paraguay,6724,1993-05-06,center back,10283.0,Palmeiras,185.0,right,2231452.0,33.0,Gustavo Gómez,35.0,1.0,15,2231452.0,,,,,,,,,,6.51,,,True
307438,Fabián Balbuena,Paraguay,6724,1991-08-23,center back,9769.0,Gremio,188.0,right,723712.0,34.0,Fabián Balbuena,,1.0,5,723712.0,,,,,,,,,,,,,
425711,Gabriel Ávalos,Paraguay,6724,1991-07-09,striker,10078.0,Independiente,191.0,right,643789.0,34.0,Gabriel Ávalos,,3.0,21,643789.0,,,,,,,,,,6.35,,,
442277,Miguel Almirón,Paraguay,6724,1994-02-10,left winger,773958.0,Atlanta United,174.0,left,16272300.0,32.0,Miguel Almirón,72.0,3.0,10,16272300.0,,,,,,,,,,6.69,,,
466214,Júnior Alonso,Paraguay,6724,1993-02-09,center back,773958.0,Atlanta United,185.0,left,1315068.0,33.0,Júnior Alonso,59.0,1.0,6,1315068.0,,,,,,,,,,6.39,,,
474448,Antonio Sanabria,Paraguay,6724,1996-03-04,striker,7801.0,Cremonese,180.0,right,2158954.0,30.0,Antonio Sanabria,,3.0,9,2158954.0,,,,,,,,,,6.03,,,
495193,Gastón Olveira,Paraguay,6724,1993-04-21,keeper,6619.0,Olimpia,191.0,right,359251.0,33.0,Gastón Olveira,,0.0,22,359251.0,,,,,,,,,,,,,
497352,Gustavo Velázquez,Paraguay,6724,1991-04-17,center back,6295.0,Cerro Porteno,189.0,right,402114.0,35.0,Gustavo Velázquez,33.0,1.0,2,402114.0,,,,,,,,,,6.35,,,
529625,Andrés Cubas,Paraguay,6724,1996-05-11,defensive midfielder,307691.0,Vancouver Whitecaps,168.0,right,1750670.0,30.0,Andrés Cubas,76.0,2.0,14,1750670.0,,,,,,,,,,7.07,,,
600850,Alejandro Romero,Paraguay,6724,1995-01-11,central midfielder,102117.0,Al-Ain,171.0,left,1902345.0,31.0,Alejandro Romero,,2.0,17,1902345.0,,,,,,,,,,6.14,,,
68422,Roberto Fernández,Paraguay,6724,1988-03-29,keeper,6295.0,Cerro Porteno,191.0,right,207465.0,38.0,Roberto Fernández,,0.0,1,207465.0,,,,,,,,,,,,,
751998,Omar Alderete,Paraguay,6724,1996-12-26,center back,8472.0,Sunderland,188.0,left,16195648.0,29.0,Omar Alderete,37.0,1.0,3,16195648.0,,,,,,,,,,6.75,,,
860890,José Canale,Paraguay,6724,1996-07-20,center back,10082.0,Lanus,187.0,left,1269944.0,29.0,José Canale,,1.0,13,1269944.0,,,,,,,,,,7.94,,,
1002617,Saud Abdulhamid,Saudi Arabia,7795,1999-07-18,right wing-back,8588.0,Lens,171.0,right,3330949.0,26.0,Saud Abdulhamid,32.0,2.0,12,3205482.0,,,,,,,,,,,,True,
1024928,Khalid Al Ghannam,Saudi Arabia,7795,2000-11-07,left winger,101915.0,Al-Ettifaq,171.0,right,561690.0,25.0,Khalid Al Ghannam,,3.0,17,530821.0,,,,,,,,,,,,,
1095207,Ayman Yahya,Saudi Arabia,7795,2001-05-14,left back,101918.0,Al Nassr FC,164.0,both,,25.0,Ayman Yahya,,1.0,8,,,,,,,,,,,,,,
1125083,Nawaf Alaqidi,Saudi Arabia,7795,2000-05-10,keeper,101918.0,Al Nassr FC,186.0,right,443577.0,26.0,Nawaf Alaqidi,,0.0,1,554472.0,,,,,,,,,,,,,
1138003,Moteb Al-Harbi,Saudi Arabia,7795,2000-02-19,right back,2529.0,Al Hilal,173.0,left,717294.0,26.0,Moteb Al-Harbi,,1.0,24,896617.0,,,,,,,,,,,,,
1174962,Ziyad Aljohani,Saudi Arabia,7795,2001-11-11,defensive midfielder,2530.0,Al Ahli,180.0,left,698725.0,24.0,Ziyad Aljohani,,2.0,16,873406.0,,,,,,,,,,,,,
1232530,Jehad Thakri,Saudi Arabia,7795,2001-07-21,center back,101919.0,Al Qadsiah,183.0,right,,24.0,Jehad Thakri,,1.0,25,,,,,,,,,,,,,,
1235341,Musab Al-Juwayr,Saudi Arabia,7795,2003-06-20,central midfielder,101919.0,Al Qadsiah,178.0,right,3884541.0,23.0,Musab Al-Juwayr,,2.0,7,4855676.0,,,,,,,,,,,,,
1401228,Nawaf Al-Boushail,Saudi Arabia,7795,1999-09-16,right back,101918.0,Al Nassr FC,178.0,right,899338.0,26.0,Nawaf Al-Boushail,38.0,1.0,13,1124173.0,,,,,,,,,,,,,
1543647,Mohammed Abu Al Shamat,Saudi Arabia,7795,2002-08-11,right back,101919.0,Al Qadsiah,170.0,right,1244364.0,23.0,Mohammed Abu Al Shamat,,2.0,26,1068869.0,,,,,,,,,,,,,
307753,Salem Al-Dawsari,Saudi Arabia,7795,1991-08-19,left winger,2529.0,Al Hilal,172.0,right,770894.0,34.0,Salem Al-Dawsari,78.0,3.0,10,935851.0,,,,,,,,,,,,,True
384407,Saleh Al-Shehri,Saudi Arabia,7795,1993-11-01,striker,8577.0,Al Ittihad,184.0,right,290727.0,32.0,Saleh Al-Shehri,,3.0,11,363409.0,,,,,,,,,,,,,
431215,Hasan Kadesh,Saudi Arabia,7795,1992-08-01,center back,8577.0,Al Ittihad,179.0,left,262155.0,33.0,Hasan Kadesh,,1.0,14,327694.0,,,,,,,,,,,,,
535669,Mohammed Al Owais,Saudi Arabia,7795,1991-10-10,keeper,1793879.0,Al-Ula FC,185.0,left,169586.0,34.0,Mohammed Al Owais,11.0,0.0,21,141322.0,,,,,,,,,,,,,
544589,Ahmed Ali Al Kassar,Saudi Arabia,7795,1991-05-08,keeper,101919.0,Al Qadsiah,178.0,right,151827.0,35.0,Ahmed Ali Al Kassar,,0.0,22,189784.0,,,,,,,,,,,,,
619824,Sultan Mandash,Saudi Arabia,7795,1994-10-17,right winger,2529.0,Al Hilal,172.0,left,203231.0,31.0,Sultan Mandash,72.0,3.0,20,237358.0,,,,,,,,,,,,,
640284,Ali Lajami,Saudi Arabia,7795,1996-04-24,center back,2529.0,Al Hilal,178.0,right,460813.0,30.0,Ali Lajami,,1.0,3,576017.0,,,,,,,,,,,,,
697618,Alaa Hajji,Saudi Arabia,7795,1995-12-03,central midfielder,1699505.0,Neom SC,173.0,right,,30.0,Alaa Hajji,,2.0,18,,,,,,,,,,,,,,
823457,Abdullah Alkhaibari,Saudi Arabia,7795,1996-08-16,central midfielder,101918.0,Al Nassr FC,175.0,right,460813.0,29.0,Abdullah Alkhaibari,74.0,2.0,15,576017.0,,,,,,,,,,,,,
844226,Firas Al-Buraikan,Saudi Arabia,7795,2000-05-14,striker,2530.0,Al Ahli,181.0,left,3031811.0,26.0,Firas Al-Buraikan,104.0,3.0,9,3789763.0,,,,,,,,,,,,,
848600,Abdulelah Al Amri,Saudi Arabia,7795,1997-01-15,center back,101918.0,Al Nassr FC,185.0,right,647893.0,29.0,Abdulelah Al Amri,34.0,1.0,4,809866.0,,,,,,,,,,,,,
848607,Hassan Al Tambakti,Saudi Arabia,7795,1999-02-09,center back,2529.0,Al Hilal,182.0,right,1040686.0,27.0,Hassan Al Tambakti,36.0,1.0,5,1251573.0,,,,,,,,,,,,,
848612,Nasser Al-Dawsari,Saudi Arabia,7795,1998-12-19,central midfielder,2529.0,Al Hilal,178.0,left,479742.0,27.0,Nasser Al-Dawsari,76.0,2.0,6,599678.0,,,,,,,,,,,,,
866373,Mohamed Kanno,Saudi Arabia,7795,1994-09-22,central midfielder,2529.0,Al Hilal,192.0,right,596127.0,31.0,Mohamed Kanno,106.0,2.0,23,745159.0,,,,,,,,,,,,,
909198,Abdullah Al-Hamdan,Saudi Arabia,7795,1999-09-12,striker,101918.0,Al Nassr FC,179.0,right,196728.0,26.0,Abdullah Al-Hamdan,,3.0,19,191014.0,,,,,,,,,,,,,
910986,Ali Majrashi,Saudi Arabia,7795,1999-10-01,right back,2530.0,Al Ahli,169.0,right,753670.0,26.0,Ali Majrashi,,1.0,2,942088.0,,,,,,,,,,,,,
1026781,Gue-Sung Cho,South Korea,7804,1998-01-25,striker,8113.0,FC Midtjylland,188.0,right,1984902.0,28.0,Gue-Sung Cho,,3.0,9,2312388.0,,,,,,,,,,,,,
1044299,Hyeon-Gyu Oh,South Korea,7804,2001-04-12,striker,10188.0,Beşiktaş,183.0,right,12139868.0,25.0,Hyun-Gyu Oh,105.0,3.0,18,11036244.0,,,,,,,,,,,,,
1053477,Tae-Hyeon Kim,South Korea,7804,2000-09-17,center back,4397.0,Kashima Antlers,186.0,left,,25.0,Tae-Hyeon Kim,,1.0,5,,,,,,,,,,,,,,
1107251,Tae-Seok Lee,South Korea,7804,2002-07-28,left wing-back,10011.0,Austria Wien,174.0,left,1314315.0,23.0,Tae-Seok Lee,68.0,2.0,13,1468856.0,,,,,,,,,,,,,
1107283,Ji-Sung Eom,South Korea,7804,2002-05-09,left winger,10003.0,Swansea City,174.0,right,1529303.0,24.0,Ji-Sung Eom,,3.0,25,1883960.0,,,,,,,,,,,,,
1132818,Seol Young-Woo,South Korea,7804,1998-12-05,right back,8687.0,FK Crvena Zvezda,183.0,right,2998537.0,27.0,Young-Woo Seol,62.0,1.0,22,3748172.0,,,,,,,,,,,,,
1185902,Jens Castrop,South Korea,7804,2003-07-29,left wing-back,9788.0,Borussia Mönchengladbach,177.0,right,6885816.0,22.0,Jens Castrop,,2.0,23,8100960.0,,,,,,,,,,,,,
1232253,Han-Beom Lee,South Korea,7804,2002-06-17,center back,8113.0,FC Midtjylland,188.0,right,1582623.0,24.0,Han-Beom Lee,33.0,1.0,2,1876824.0,,,,,,,,,,,,,
1232264,Lee Gi-Hyuk,South Korea,7804,2000-07-07,center back,164734.0,Gangwon FC,184.0,left,630113.0,25.0,Gi-Hyuk Lee,37.0,1.0,3,587202.0,,,,,,,,,,,,,
1232560,Hyun-Jun Yang,South Korea,7804,2002-05-25,right winger,9925.0,Celtic,179.0,right,3785147.0,24.0,Hyun-Jun Yang,,3.0,20,3177632.0,,,,,,,,,,,,,
1326507,Cho Wi-Je,South Korea,7804,2001-08-25,center back,46038.0,Jeonbuk Hyundai Motors FC,189.0,right,268852.0,24.0,Wi-Je Cho,,1.0,14,224044.0,,,,,,,,,,,,,
1386482,Jun-Ho Bae,South Korea,7804,2003-08-21,attacking midfielder,10194.0,Stoke City,180.0,right,,22.0,Jun-Ho Bae,,2.0,17,,,,,,,,,,,,,,
167247,Seung-Gyu Kim,South Korea,7804,1990-09-30,keeper,4399.0,FC Tokyo,187.0,right,342457.0,35.0,Seung-Gyu Kim,11.0,0.0,1,428072.0,,,,,,,,,,,,,
212867,Heung-Min Son,South Korea,7804,1992-07-08,striker,867280.0,Los Angeles FC,184.0,both,9330272.0,33.0,Heung-Min Son,,3.0,7,10366969.0,,,,,,,,,,,,,
433265,Jo Hyeon-Woo,South Korea,7804,1991-09-25,keeper,133896.0,Ulsan HD FC,189.0,right,349341.0,34.0,Hyeon-Woo Jo,,0.0,21,348096.0,,,,,,,,,,,,,
523749,Jae-Sung Lee,South Korea,7804,1992-08-10,central midfielder,9905.0,Mainz 05,180.0,left,1537636.0,33.0,Jae-Sung Lee,,2.0,10,1546406.0,,,,,,,,,,,,,
620026,Hwang Hee-Chan,South Korea,7804,1996-01-26,striker,8602.0,Wolverhampton Wanderers,177.0,right,8258425.0,30.0,Hee-Chan Hwang,86.0,3.0,11,9715794.0,,,,,,,,,,,,,
622980,Kim Jin-Gyu,South Korea,7804,1997-02-24,attacking midfielder,46038.0,Jeonbuk Hyundai Motors FC,177.0,right,628845.0,29.0,Jin-Gyu Kim,,2.0,24,624363.0,,,,,,,,,,,,,
623698,In-Beom Hwang,South Korea,7804,1996-09-20,defensive midfielder,10235.0,Feyenoord,177.0,both,5708251.0,29.0,In-Beom Hwang,66.0,2.0,6,6715589.0,,,,,,,,,,,,,
828159,Min-Jae Kim,South Korea,7804,1996-11-15,center back,9823.0,Bayern München,188.0,right,25460462.0,29.0,Min-Jae Kim,35.0,1.0,4,28289403.0,,,,,,,,,,,,,True
828273,Kim Moon-Hwan,South Korea,7804,1995-08-01,right back,133900.0,Daejeon Hana Citizen,173.0,right,562840.0,30.0,Moon-Hwan Kim,,1.0,15,703550.0,,,,,,,,,,,,,
848068,Song Bum-Keun,South Korea,7804,1997-10-15,keeper,46038.0,Jeonbuk Hyundai Motors FC,196.0,right,820783.0,28.0,Bum-Keun Song,,0.0,12,802283.0,,,,,,,,,,,,,
848102,Seung-Ho Paik,South Korea,7804,1997-03-17,defensive midfielder,8658.0,Birmingham City,180.0,right,1434769.0,29.0,Seung-Ho Paik,64.0,2.0,8,1729819.0,,,,,,,,,,,,,
925647,Jin-Seob Park,South Korea,7804,1995-10-23,defensive midfielder,51443.0,Zhejiang Professional,184.0,right,677754.0,30.0,Jin-Seob Park,,2.0,16,736091.0,,,,,,,,,,,,,
940976,Kang-In Lee,South Korea,7804,2001-02-19,central midfielder,9847.0,Paris Saint-Germain,173.0,left,27653364.0,25.0,Kang-In Lee,84.0,2.0,19,30725960.0,,,,,,,,,,,,,
954131,Lee Dong-Gyeong,South Korea,7804,1997-09-20,striker,133896.0,Ulsan HD FC,175.0,left,1025041.0,28.0,Dong-Gyeong Lee,,2.0,26,854201.0,,,,,,,,,,,,,
1024672,Nicolas Seiwald,Austria,8255,2001-05-04,central midfielder,178475.0,RB Leipzig,179.0,right,20636087.0,25.0,Nicolas Seiwald,64.0,2.0,6,20636087.0,,,,,,,,,,,,,
1027194,Alexander Prass,Austria,8255,2001-05-26,left midfielder,8226.0,Hoffenheim,180.0,left,6758288.0,25.0,Alexander Prass,,2.0,22,6758288.0,,,,,,,,,,,,,
1073498,Patrick Wimmer,Austria,8255,2001-05-30,left winger,8226.0,Hoffenheim,182.0,right,13345491.0,25.0,Patrick Wimmer,,3.0,21,13345491.0,,,,,,,,,,,,,
1073980,David Affengruber,Austria,8255,2001-03-19,center back,10268.0,Elche,185.0,right,9178066.0,25.0,David Affengruber,,1.0,2,9178066.0,,,,,,,,,,,,,
1089685,Carney Chukwuemeka,Austria,8255,2003-10-20,attacking midfielder,9789.0,Borussia Dortmund,188.0,right,21521274.0,22.0,Carney Chukwuemeka,,2.0,17,21521274.0,,,,,,,,,,,,,
110148,Marko Arnautovic,Austria,8255,1989-04-19,striker,8687.0,FK Crvena Zvezda,192.0,both,1375048.0,37.0,Marko Arnautovic,,3.0,7,1375048.0,,,,,,,,,,,,,
121633,David Alaba,Austria,8255,1992-06-24,center back,,Unknown,180.0,left,1720863.0,34.0,David Alaba,36.0,1.0,8,1720863.0,,,,,,,,,,,,,True
1327149,Paul Wanner,Austria,8255,2005-12-23,defensive midfielder,8640.0,PSV Eindhoven,185.0,left,20232219.0,20.0,Paul Wanner,85.0,2.0,24,20232219.0,,,,,,,,,,,,,
1514693,Florian Wiegele,Austria,8255,2001-03-21,keeper,6033.0,Viktoria Plzen,205.0,left,940315.0,25.0,Florian Wiegele,,0.0,12,940315.0,,,,,,,,,,,,,
198316,Michael Gregoritsch,Austria,8255,1994-04-18,striker,8406.0,Augsburg,190.0,left,1149688.0,32.0,Michael Gregoritsch,115.0,3.0,11,1149688.0,,,,,,,,,,,,,
215151,Marcel Sabitzer,Austria,8255,1994-03-17,defensive midfielder,9789.0,Borussia Dortmund,177.0,right,3976329.0,32.0,Marcel Sabitzer,87.0,2.0,9,3976329.0,,,,,,,,,,,,,
423812,Phillipp Mwene,Austria,8255,1994-01-29,left midfielder,9905.0,Mainz 05,168.0,right,1141898.0,32.0,Phillipp Mwene,,2.0,16,1141898.0,,,,,,,,,,,,,
450739,Alexander Schlager,Austria,8255,1996-02-01,keeper,8697.0,Werder Bremen,184.0,right,1310644.0,30.0,Alexander Schlager,11.0,0.0,1,1310644.0,,,,,,,,,,,,,
461357,Alessandro Schöpf,Austria,8255,1994-02-07,defensive midfielder,1954.0,Wolfsberger AC,178.0,right,397989.0,32.0,Alessandro Schöpf,,2.0,26,397989.0,,,,,,,,,,,,,
526827,Konrad Laimer,Austria,8255,1997-05-27,right back,9823.0,Bayern München,180.0,right,30257135.0,29.0,Konrad Laimer,38.0,1.0,20,30257135.0,,,,,,,,,,,,,
557325,Stefan Posch,Austria,8255,1997-05-14,center back,10171.0,Como,190.0,right,4399087.0,29.0,Stefan Posch,32.0,1.0,5,4399087.0,,,,,,,,,,,,,
617044,Florian Grillitsch,Austria,8255,1995-08-07,central midfielder,,Unknown,187.0,right,1149729.0,30.0,Florian Grillitsch,,2.0,10,1149729.0,,,,,,,,,,,,,
620027,Xaver Schlager,Austria,8255,1997-09-28,central midfielder,,Unknown,174.0,left,6336970.0,28.0,Xaver Schlager,66.0,2.0,4,6336970.0,,,,,,,,,,,,,
630672,Patrick Pentz,Austria,8255,1997-01-02,keeper,8595.0,Brøndby IF,182.0,left,1511255.0,29.0,Patrick Pentz,,0.0,13,1511255.0,,,,,,,,,,,,,
643724,Philipp Lienhart,Austria,8255,1996-07-11,center back,8358.0,Freiburg,185.0,right,6751119.0,29.0,Philipp Lienhart,,1.0,15,6751119.0,,,,,,,,,,,,,
749488,Romano Schmid,Austria,8255,2000-01-27,attacking midfielder,8697.0,Werder Bremen,167.0,right,13886124.0,26.0,Romano Schmid,83.0,2.0,18,13886124.0,,,,,,,,,,,,,
754126,Kevin Danso,Austria,8255,1998-09-19,center back,8586.0,Tottenham Hotspur,190.0,right,21465546.0,27.0,Kevin Danso,34.0,1.0,3,21465546.0,,,,,,,,,,,,,
767789,Marco Friedl,Austria,8255,1998-03-16,center back,8697.0,Werder Bremen,187.0,left,13330440.0,28.0,Marco Friedl,,1.0,23,13330440.0,,,,,,,,,,,,,
858198,Sasa Kalajdzic,Austria,8255,1997-07-07,striker,8602.0,Wolverhampton Wanderers,200.0,right,1338452.0,28.0,Sasa Kalajdzic,,3.0,14,1338452.0,,,,,,,,,,,,,
861668,Dejan Ljubicic,Austria,8255,1997-10-08,right winger,10189.0,Schalke 04,186.0,right,1387529.0,28.0,Dejan Ljubicic,,2.0,19,1387529.0,,,,,,,,,,,,,
951921,Michael Svoboda,Austria,8255,1998-10-15,center back,10204.0,Brighton & Hove Albion,195.0,right,2033745.0,27.0,Michael Svoboda,,1.0,25,2033745.0,,,,,,,,,,,,,
1021586,Gabriel Martinelli,Brazil,8256,2001-06-18,left winger,9825.0,Arsenal,180.0,right,44698697.0,25.0,Gabriel Martinelli,86.0,3.0,22,44698697.0,,,,,,,,,1.0,6.59,,,
1176214,Luiz Henrique,Brazil,8256,2001-01-02,right winger,8698.0,Zenit St. Petersburg,182.0,left,20402350.0,25.0,Luiz Henrique,,3.0,21,20402350.0,,,,,,,,,,6.51,,,
1181700,Danilo Santos,Brazil,8256,2001-04-29,defensive midfielder,8517.0,Botafogo RJ,177.0,left,22223992.0,25.0,Danilo,,2.0,18,22223992.0,,,,,,,,,,6.12,,,
1302005,Igor Thiago,Brazil,8256,2001-06-26,striker,9937.0,Brentford,191.0,right,34801160.0,25.0,Igor Thiago,,3.0,25,34801160.0,,,,,,,,,,6.5,,,
1406729,Endrick,Brazil,8256,2006-07-21,right winger,9748.0,Lyon,173.0,left,35183582.0,19.0,Endrick,,3.0,19,35183582.0,,,,,,,,,,6.05,,,
1478295,Rayan,Brazil,8256,2006-08-03,right winger,8678.0,AFC Bournemouth,186.0,left,47583920.0,19.0,Rayan,103.0,3.0,26,27091521.0,,,,,,,,,,7.52,1.0,,
157865,Alex Sandro,Brazil,8256,1991-01-26,left back,9770.0,Flamengo,180.0,left,1031588.0,35.0,Alex Sandro,,1.0,6,1031588.0,,,,,,,,,,,,,
19533,Neymar,Brazil,8256,1992-02-05,striker,8514.0,Santos FC,175.0,right,4532682.0,,Neymar,,,,,,,,,,,,,,,,,
208077,Danilo,Brazil,8256,1991-07-15,center back,9770.0,Flamengo,184.0,right,1638111.0,34.0,Danilo,32.0,1.0,13,1638111.0,,,,,,,,,,6.81,,,
208494,Casemiro,Brazil,8256,1992-02-23,defensive midfielder,,Unknown,185.0,right,5739627.0,34.0,Casemiro,65.0,2.0,5,5739627.0,,,,,,,,,1.0,7.43,,,
267365,Marquinhos,Brazil,8256,1994-05-14,center back,9847.0,Paris Saint-Germain,183.0,right,25493870.0,32.0,Marquinhos,34.0,1.0,4,25493870.0,,,,,,,,,,7.24,,,True
267826,Weverton,Brazil,8256,1987-12-13,keeper,9769.0,Gremio,189.0,right,716738.0,38.0,Weverton,,0.0,12,716738.0,,,,,,,,,,,,,
319784,Alisson Becker,Brazil,8256,1992-10-02,keeper,8650.0,Liverpool,193.0,right,14795536.0,33.0,Alisson Becker,11.0,0.0,1,14795536.0,,,,,,,,,,7.4,,,
346000,Douglas Santos,Brazil,8256,1994-03-22,left back,8698.0,Zenit St. Petersburg,176.0,left,4654562.0,32.0,Douglas Santos,38.0,1.0,16,4654562.0,,,,,,,,,,7.48,,,
359188,Fabinho,Brazil,8256,1993-10-23,defensive midfielder,8577.0,Al Ittihad,188.0,right,10007582.0,32.0,Fabinho,,2.0,17,10007582.0,,,,,,,,,,6.48,,,
363364,Ederson,Brazil,8256,1993-08-17,keeper,8695.0,Fenerbahçe,188.0,left,12312620.0,32.0,Ederson,,0.0,23,12312620.0,,,,,,,,,,,,,
523801,Léo Pereira,Brazil,8256,1996-01-31,center back,9770.0,Flamengo,189.0,left,7126372.0,30.0,Léo Pereira,,1.0,15,7126372.0,,,,,,,,,,,,,
696679,Raphinha,Brazil,8256,1996-12-14,left winger,8634.0,Barcelona,176.0,left,62633290.0,29.0,Raphinha,,3.0,11,62633290.0,,,,,,,,,,6.41,,,
766435,Lucas Paquetá,Brazil,8256,1997-08-27,attacking midfielder,9770.0,Flamengo,183.0,left,45154263.0,,Lucas Paquetá,,,,,,,,,,,,,,,,,
795179,Gabriel,Brazil,8256,1997-12-19,center back,9825.0,Arsenal,190.0,left,79588929.0,28.0,Gabriel,36.0,1.0,3,49917510.0,,,,,,,,,,7.66,1.0,,
846033,Vinícius Júnior,Brazil,8256,2000-07-12,left winger,8633.0,Real Madrid,177.0,right,106930227.0,,Vinícius Júnior,,,,,,,,,,,,,,,,,
850354,Bruno Guimarães,Brazil,8256,1997-11-16,central midfielder,10261.0,Newcastle United,182.0,right,63058113.0,,Bruno Guimarães,,,,,,,,,,,,,,,,,
857269,Gleison Bremer,Brazil,8256,1997-03-18,center back,9885.0,Juventus,188.0,right,39308957.0,29.0,Gleison Bremer,,1.0,14,39308957.0,,,,,,,,,,,,,
862538,Roger Ibañez,Brazil,8256,1998-11-23,center back,2530.0,Al Ahli,185.0,right,11084415.0,27.0,Roger Ibañez,,1.0,24,11084415.0,,,,,,,,,,6.66,,,
863098,Matheus Cunha,Brazil,8256,1999-05-27,striker,10260.0,Manchester United,184.0,right,64880341.0,,Matheus Cunha,,,,,,,,,,,,,,,,,
957203,Éderson,Brazil,8256,1999-07-07,defensive midfielder,8524.0,Atalanta,183.0,right,33242669.0,26.0,Éderson,,2.0,2,33242669.0,,,,,,,,,,,,,
1023030,Jhon Arias,Colombia,8258,1997-09-21,left winger,10283.0,Palmeiras,168.0,right,14325942.0,,Jhon Arias,,,,,,,,,,,,,,,,,
1174630,Richard Ríos,Colombia,8258,2000-06-02,defensive midfielder,9772.0,Benfica,180.0,right,20252860.0,26.0,Richard Ríos,,2.0,6,20252860.0,,,,,,,,,,6.23,,,
1281230,Juan Portilla,Colombia,8258,1998-09-12,defensive midfielder,10273.0,Athletico Paranaense,183.0,right,3402057.0,27.0,Juan Portilla,,2.0,15,3402057.0,,,,,,,,,,,,,
1331597,Gustavo Puerta,Colombia,8258,2003-07-23,defensive midfielder,8696.0,Racing Santander,173.0,right,4999343.0,,Gustavo Puerta,,,,,,,,,,,,,,,,,
1353421,Andrés Gómez,Colombia,8258,2002-09-12,left winger,10276.0,Vasco da Gama,171.0,right,,23.0,Andrés Gómez,,3.0,26,,,,,,,,,,,,,,
1434853,Kevin Castaño,Colombia,8258,2000-09-29,defensive midfielder,10076.0,River Plate,177.0,right,5943696.0,25.0,Kevin Castaño,,2.0,5,5943696.0,,,,,,,,,,6.11,,,
164684,James Rodríguez,Colombia,8258,1991-07-12,attacking midfielder,207242.0,Minnesota United,180.0,left,970354.0,34.0,James Rodríguez,103.0,3.0,10,970354.0,,,,,,,,,,7.12,,,True
207617,Juan Fernando Quintero,Colombia,8258,1993-01-18,attacking midfielder,10076.0,River Plate,167.0,left,943092.0,,Juan Quintero,,,,,,,,,,,,,,,,,
207642,Santiago Arias,Colombia,8258,1992-01-13,right back,10078.0,Independiente,177.0,right,865614.0,34.0,Santiago Arias,,1.0,4,865614.0,,,,,,,,,,7.86,,,
291425,Jhon Córdoba,Colombia,8258,1993-05-11,striker,168719.0,FC Krasnodar,188.0,right,7696628.0,33.0,Jhon Córdoba,,3.0,9,7696628.0,,,,,,,,,,6.15,,,
466672,Jefferson Lerma,Colombia,8258,1994-10-25,defensive midfielder,9826.0,Crystal Palace,179.0,right,5400278.0,31.0,Jefferson Lerma,75.0,2.0,16,5400278.0,,,,,,,,,,7.06,,,
474673,Johan Mojica,Colombia,8258,1992-08-21,left back,8661.0,Mallorca,185.0,left,1201717.0,33.0,Johan Mojica,38.0,1.0,17,1201717.0,,,,,,,,,,7.37,,,
496042,Yerry Mina,Colombia,8258,1994-09-23,center back,8529.0,Cagliari,195.0,right,2401585.0,31.0,Yerry Mina,,1.0,13,2401585.0,,,,,,,,,,,,,
498457,Álvaro Montero,Colombia,8258,1995-03-29,keeper,10079.0,Velez Sarsfield,201.0,right,1793408.0,31.0,Álvaro Montero,,0.0,24,1793408.0,,,,,,,,,,,,,
50065,David Ospina,Colombia,8258,1988-08-31,keeper,6368.0,Atletico Nacional,183.0,right,380535.0,37.0,David Ospina,,0.0,1,380535.0,,,,,,,,,,,,,
50207,Camilo Vargas,Colombia,8258,1989-03-09,keeper,6577.0,Atlas,183.0,left,470983.0,37.0,Camilo Vargas,11.0,0.0,12,470983.0,,,,,,,,,,7.07,,,
578756,Deiver Machado,Colombia,8258,1993-09-02,left back,9830.0,Nantes,172.0,left,1258001.0,32.0,Deiver Machado,,2.0,22,1258001.0,,,,,,,,,,7.18,,,
643533,Davinson Sánchez,Colombia,8258,1996-06-12,center back,8637.0,Galatasaray,187.0,right,15178456.0,,Davinson Sánchez,,,,,,,,,,,,,,,,,
784834,Jorge Carrascal,Colombia,8258,1998-05-25,right winger,9770.0,Flamengo,180.0,right,7219285.0,28.0,Jorge Carrascal,,3.0,8,7219285.0,,,,,,,,,,,,,
792303,Luis Suárez,Colombia,8258,1997-12-02,striker,9768.0,Sporting CP,185.0,right,24801653.0,28.0,Luis Suárez,105.0,3.0,25,24801653.0,,,,,,,,,,6.58,1.0,,
837870,Jaminton Campaz,Colombia,8258,2000-05-24,left winger,10084.0,Rosario Central,166.0,left,3288425.0,,Jaminton Campaz,,,,,,,,,,,,,,,,,
852071,Juan Hernández,Colombia,8258,1999-04-20,striker,8603.0,Real Betis,176.0,right,17530344.0,27.0,Juan Hernández,,3.0,19,17530344.0,,,,,,,,,,6.68,1.0,,
859282,Daniel Muñoz,Colombia,8258,1996-05-26,right wing-back,9826.0,Crystal Palace,183.0,right,27016263.0,,Daniel Muñoz,,,,,,,,,,,,,,,,,
860913,Jhon Lucumí,Colombia,8258,1998-06-26,center back,9857.0,Bologna,185.0,left,17493961.0,28.0,Jhon Lucumí,36.0,1.0,3,17493961.0,,,,,,,,,,7.23,,,
860914,Luis Díaz,Colombia,8258,1997-01-13,left winger,9823.0,Bayern München,180.0,right,80292049.0,,Luis Díaz,,,,,,,,,,,,,,,,,
965205,Willer Ditta,Colombia,8258,1998-01-23,center back,6578.0,Cruz Azul,180.0,right,4992752.0,28.0,Willer Ditta,,1.0,18,4992752.0,,,,,,,,,,,,,
1095432,Charles De Ketelaere,Belgium,8263,2001-03-10,attacking midfielder,8524.0,Atalanta,192.0,left,39619004.0,25.0,Charles De Ketelaere,115.0,2.0,17,39619004.0,,,,,,,,,3.0,7.54,1.0,,
1134871,Maxim De Cuyper,Belgium,8263,2000-12-22,left back,10204.0,Brighton & Hove Albion,183.0,left,22466254.0,25.0,Maxim De Cuyper,38.0,1.0,5,22466254.0,,,,,,,,,,7.2,,,
1173250,Arthur Theate,Belgium,8263,2000-05-25,center back,9810.0,Eintracht Frankfurt,186.0,left,20472907.0,26.0,Arthur Theate,,1.0,3,20472907.0,,,,,,,,,,6.95,,,
1178602,Senne Lammens,Belgium,8263,2002-07-07,keeper,10260.0,Manchester United,193.0,right,19304486.0,24.0,Senne Lammens,,0.0,12,19304486.0,,,,,,,,,,,,,
1185748,Amadou Onana,Belgium,8263,2001-08-16,defensive midfielder,10252.0,Aston Villa,195.0,right,46621019.0,24.0,Amadou Onana,1000.0,2.0,24,46621019.0,,,,,,,,,,6.51,,,
1200630,Koni De Winter,Belgium,8263,2002-06-12,center back,8564.0,Milan,188.0,right,25769138.0,24.0,Koni De Winter,,1.0,16,25769138.0,,,,,,,,,,,,,
1232172,Zeno Debast,Belgium,8263,2003-10-24,center back,9768.0,Sporting CP,189.0,right,31999170.0,22.0,Zeno Debast,,,,31999170.0,,,,,,,,,,,,,
1252070,Nathan Ngoy,Belgium,8263,2003-06-10,center back,8639.0,Lille,183.0,right,13210184.0,23.0,Nathan Ngoy,34.0,1.0,25,13210184.0,,,,,,,,,,7.02,,,
1319972,Mike Penders,Belgium,8263,2005-07-31,keeper,8455.0,Chelsea,200.0,left,22643511.0,20.0,Mike Penders,,0.0,13,22643511.0,,,,,,,,,,,,,
1342754,Diego Moreira,Belgium,8263,2004-08-06,right winger,9848.0,Strasbourg,179.0,left,19101596.0,21.0,Diego Moreira,,2.0,19,19101596.0,,,,,,,,,,6.58,,,
1444231,Matias Fernandez-Pardo,Belgium,8263,2005-02-03,striker,8639.0,Lille,183.0,right,29026407.0,21.0,Matias Fernandez-Pardo,,3.0,26,29026407.0,,,,,,,,,,6.96,,,
1489449,Joaquin Seys,Belgium,8263,2005-03-28,left back,8342.0,Club Brugge,178.0,left,18308980.0,21.0,Joaquin Seys,,1.0,18,18308980.0,,,,,,,,,,,,,
169200,Kevin De Bruyne,Belgium,8263,1991-06-28,attacking midfielder,9875.0,Napoli,181.0,right,10181555.0,35.0,Kevin De Bruyne,85.0,2.0,7,10181555.0,,,,,,,,,1.0,7.51,,,True
170323,Thibaut Courtois,Belgium,8263,1992-05-11,keeper,8633.0,Real Madrid,199.0,left,10342349.0,34.0,Thibaut Courtois,11.0,0.0,1,10342349.0,,,,,,,,,,7.04,,,
181276,Romelu Lukaku,Belgium,8263,1993-05-13,striker,9875.0,Napoli,190.0,left,9745195.0,33.0,Romelu Lukaku,,3.0,9,9745195.0,,,,,,,,,3.0,6.71,1.0,,
203666,Hans Vanaken,Belgium,8263,1992-08-24,attacking midfielder,8342.0,Club Brugge,194.0,right,3751252.0,33.0,Hans Vanaken,64.0,2.0,20,3751252.0,,,,,,,,,1.0,7.29,2.0,,
277771,Thomas Meunier,Belgium,8263,1991-09-12,right back,8472.0,Sunderland,190.0,right,1289065.0,34.0,Thomas Meunier,,1.0,15,1289065.0,,,,,,,,,,6.87,1.0,,
318615,Leandro Trossard,Belgium,8263,1994-12-04,left winger,10188.0,Beşiktaş,172.0,right,15301964.0,31.0,Leandro Trossard,83.0,3.0,10,15301964.0,,,,,,,,,2.0,7.96,2.0,,
39591,Axel Witsel,Belgium,8263,1989-01-12,defensive midfielder,,Unknown,186.0,right,1154326.0,37.0,Axel Witsel,,2.0,6,1154326.0,,,,,,,,,,,,,
445873,Brandon Mechele,Belgium,8263,1993-01-28,center back,8342.0,Club Brugge,188.0,right,1793816.0,33.0,Brandon Mechele,36.0,1.0,4,1793816.0,,,,,,,,,,7.3,,,
465750,Timothy Castagne,Belgium,8263,1995-12-05,right back,9879.0,Fulham,185.0,right,10373883.0,30.0,Timothy Castagne,32.0,1.0,21,10373883.0,,,,,,,,,,7.23,1.0,,
465960,Youri Tielemans,Belgium,8263,1997-05-07,defensive midfielder,10260.0,Manchester United,177.0,right,35191527.0,29.0,Youri Tielemans,,,,35191527.0,,,,,,,,,2.0,7.67,,,
688876,Dodi Lukébakio,Belgium,8263,1997-09-24,right winger,9772.0,Benfica,187.0,left,19609213.0,28.0,Dodi Lukébakio,,3.0,14,19609213.0,,,,,,,,,,6.79,,,
863869,Nicolas Raskin,Belgium,8263,2001-02-23,defensive midfielder,8548.0,Rangers,179.0,right,11423960.0,25.0,Nicolas Raskin,66.0,2.0,23,11423960.0,,,,,,,,,,7.08,2.0,,
921341,Alexis Saelemaekers,Belgium,8263,1999-06-27,right midfielder,8564.0,Milan,180.0,right,20603179.0,27.0,Alexis Saelemaekers,,2.0,22,20603179.0,,,,,,,,,1.0,7.04,,,
942368,Jérémy Doku,Belgium,8263,2002-05-27,left winger,8456.0,Manchester City,171.0,right,70255873.0,24.0,Jérémy Doku,87.0,3.0,11,70255873.0,,,,,,,,,,6.76,,,
1061249,Vitinha,Portugal,8361,2000-02-13,central midfielder,9847.0,Paris Saint-Germain,172.0,right,123562651.0,26.0,Vitinha,66.0,2.0,23,123562651.0,,,,,,,,,,7.24,,,
1130583,Samú,Portugal,8361,2000-11-27,defensive midfielder,8661.0,Mallorca,183.0,left,15025138.0,25.0,Samú,,2.0,24,15025138.0,,,,,,,,,,6.54,,,
1158945,Nuno Mendes,Portugal,8361,2002-06-19,left back,9847.0,Paris Saint-Germain,184.0,left,66705460.0,24.0,Nuno Mendes,38.0,1.0,25,66705460.0,,,,,,,,,1.0,7.49,,,
1165710,Gonçalo Inácio,Portugal,8361,2001-08-25,center back,9768.0,Sporting CP,186.0,left,37322115.0,24.0,Gonçalo Inácio,,1.0,14,37322115.0,,,,,,,,,,,,,
1185336,Francisco Conceição,Portugal,8361,2002-12-14,right winger,9885.0,Juventus,170.0,left,30420899.0,23.0,Francisco Conceição,,2.0,26,30420899.0,,,,,,,,,,6.6,,,
1187283,Tomás Araújo,Portugal,8361,2002-05-16,center back,9772.0,Benfica,187.0,right,29910620.0,24.0,Tomás Araújo,,1.0,4,29910620.0,,,,,,,,,,7.25,,,
1342757,João Neves,Portugal,8361,2004-09-27,central midfielder,9847.0,Paris Saint-Germain,174.0,right,91477024.0,21.0,João Neves,64.0,2.0,15,91477024.0,,,,,,,,,1.0,7.29,,,
1343750,Renato Veiga,Portugal,8361,2003-07-29,center back,10205.0,Villarreal,190.0,left,24652953.0,22.0,Renato Veiga,36.0,1.0,13,24652953.0,,,,,,,,,,7.32,,,
30893,Cristiano Ronaldo,Portugal,8361,1985-02-05,striker,101918.0,Al Nassr FC,187.0,right,9386067.0,41.0,Cristiano Ronaldo,115.0,3.0,7,9386067.0,,,,,,,,,3.0,7.44,,,True
361717,Rui Silva,Portugal,8361,1994-02-07,keeper,9768.0,Sporting CP,189.0,left,,32.0,Rui Silva,,0.0,22,,,,,,,,,,,,,,
361757,João Cancelo,Portugal,8361,1994-05-27,left back,2529.0,Al Hilal,182.0,right,6808384.0,32.0,João Cancelo,32.0,1.0,20,6808384.0,,,,,,,,,,7.2,1.0,,
416175,José Sá,Portugal,8361,1993-01-17,keeper,8602.0,Wolverhampton Wanderers,192.0,right,4818433.0,33.0,José Sá,,0.0,12,4818433.0,,,,,,,,,,,,,
422685,Bruno Fernandes,Portugal,8361,1994-09-08,attacking midfielder,10260.0,Manchester United,179.0,right,37282215.0,31.0,Bruno Fernandes,85.0,2.0,8,37282215.0,,,,,,,,,,7.28,1.0,,
470834,Nélson Semedo,Portugal,8361,1993-11-16,right back,8695.0,Fenerbahçe,180.0,right,3310209.0,32.0,Nélson Semedo,,1.0,2,3310209.0,,,,,,,,,,6.39,,,
488139,Bernardo Silva,Portugal,8361,1994-08-10,attacking midfielder,8633.0,Real Madrid,173.0,left,21625552.0,31.0,Bernardo Silva,,2.0,10,21625552.0,,,,,,,,,,6.04,,,
534684,Rúben Neves,Portugal,8361,1997-03-13,defensive midfielder,2529.0,Al Hilal,180.0,right,16851839.0,29.0,Rúben Neves,,2.0,21,16851839.0,,,,,,,,,,6.5,,,
536455,Gonçalo Guedes,Portugal,8361,1996-11-29,left winger,8560.0,Real Sociedad,179.0,right,5253030.0,29.0,Gonçalo Guedes,,3.0,19,5253030.0,,,,,,,,,,,,,
614006,Rúben Dias,Portugal,8361,1997-05-14,center back,8456.0,Manchester City,187.0,right,46711978.0,29.0,Rúben Dias,34.0,1.0,3,46711978.0,,,,,,,,,,7.6,,,
732282,Trincão,Portugal,8361,1999-12-29,attacking midfielder,2530.0,Al Ahli,183.0,left,36075508.0,26.0,Trincão,,2.0,16,36075508.0,,,,,,,,,,6.31,,,
751550,Diogo Dalot,Portugal,8361,1999-03-18,right back,10260.0,Manchester United,183.0,right,33853397.0,27.0,Diogo Dalot,,1.0,5,33853397.0,,,,,,,,,,6.89,,,
794427,Joao Félix,Portugal,8361,1999-11-10,attacking midfielder,101918.0,Al Nassr FC,181.0,right,16726642.0,26.0,Joao Félix,87.0,3.0,11,16726642.0,,,,,,,,,,6.8,,,
795630,Diogo Costa,Portugal,8361,1999-09-19,keeper,9773.0,FC Porto,186.0,right,37125407.0,26.0,Diogo Costa,11.0,0.0,1,37125407.0,,,,,,,,,,7.71,,,
843040,Pedro Neto,Portugal,8361,2000-03-09,right winger,8455.0,Chelsea,172.0,left,57446657.0,26.0,Pedro Neto,83.0,3.0,18,57446657.0,,,,,,,,,,6.81,1.0,,
848844,Rafael Leão,Portugal,8361,1999-06-10,striker,8564.0,Milan,188.0,right,59850181.0,27.0,Rafael Leão,,3.0,17,59850181.0,,,,,,,,,1.0,6.99,1.0,,
940087,Gonçalo Ramos,Portugal,8361,2001-06-20,striker,8564.0,Milan,185.0,right,35358103.0,25.0,Gonçalo Ramos,,3.0,9,35358103.0,,,,,,,,,1.0,7.42,,,
955529,Matheus Nunes,Portugal,8361,1998-08-27,right back,8456.0,Manchester City,183.0,right,47244538.0,27.0,Matheus Nunes,,1.0,6,47244538.0,,,,,,,,,,,,,
1077894,Jude Bellingham,England,8491,2003-06-29,attacking midfielder,8633.0,Real Madrid,186.0,right,134530005.0,,Jude Bellingham,,,,,,,,,,,,,,,,,
1084981,Noni Madueke,England,8491,2002-03-10,right winger,9825.0,Arsenal,182.0,left,61396675.0,24.0,Noni Madueke,,3.0,20,61396675.0,,,,,,,,,,7.0,,,
1089691,Elliot Anderson,England,8491,2002-11-06,defensive midfielder,8456.0,Manchester City,179.0,right,57084237.0,23.0,Elliot Anderson,,2.0,8,57084237.0,,,,,,,,,,7.57,1.0,,
1107620,Jarell Quansah,England,8491,2003-01-29,center back,8178.0,Bayer Leverkusen,190.0,right,42211937.0,23.0,Jarell Quansah,32.0,1.0,26,42211937.0,,,,,,,,,,6.51,,,
1187213,James Trafford,England,8491,2002-10-10,keeper,8456.0,Manchester City,197.0,right,29469247.0,23.0,James Trafford,,0.0,23,29469247.0,,,,,,,,,,,,,
1292810,Kobbie Mainoo,England,8491,2005-04-19,defensive midfielder,10260.0,Manchester United,184.0,right,65300865.0,21.0,Kobbie Mainoo,1000.0,2.0,16,65300865.0,,,,,,,,,,,,,
1300526,Nico O'Reilly,England,8491,2005-03-21,left back,8456.0,Manchester City,193.0,left,51728410.0,21.0,Nico O'Reilly,,1.0,3,51728410.0,,,,,,,,,,7.02,,,
156008,Jordan Henderson,England,8491,1990-06-17,defensive midfielder,9937.0,Brentford,182.0,right,2003046.0,36.0,Jordan Henderson,,2.0,14,2003046.0,,,,,,,,,,,,,
188058,Daniel Burn,England,8491,1992-05-09,center back,10261.0,Newcastle United,201.0,left,6107550.0,34.0,Daniel Burn,,1.0,15,6107550.0,,,,,,,,,,6.41,,,
194165,Harry Kane,England,8491,1993-07-28,striker,9823.0,Bayern München,188.0,right,96019445.0,,Harry Kane,,,,,,,,,,,,,,,,,
263653,John Stones,England,8491,1994-05-28,center back,,Unknown,188.0,right,11804553.0,32.0,John Stones,,1.0,5,11804553.0,,,,,,,,,,6.59,,,
303919,Jordan Pickford,England,8491,1994-03-07,keeper,8668.0,Everton,185.0,left,17788492.0,32.0,Jordan Pickford,,0.0,1,17788492.0,,,,,,,,,,6.67,,,
408987,Ivan Toney,England,8491,1996-03-16,striker,2530.0,Al Ahli,185.0,right,16440776.0,30.0,Ivan Toney,115.0,3.0,22,16440776.0,,,,,,,,,,,,,
540088,Ollie Watkins,England,8491,1995-12-30,striker,10252.0,Aston Villa,180.0,right,44382434.0,30.0,Ollie Watkins,,3.0,19,44382434.0,,,,,,,,,,,,,
654096,Declan Rice,England,8491,1999-01-14,defensive midfielder,9825.0,Arsenal,185.0,right,114854202.0,,Declan Rice,,,,,,,,,,,,,,,,,
696365,Marcus Rashford,England,8491,1997-10-31,left winger,10260.0,Manchester United,185.0,right,34737853.0,28.0,Marcus Rashford,88.0,3.0,11,34737853.0,,,,,,,,,1.0,7.21,1.0,,
710159,Ezri Konsa,England,8491,1997-10-23,center back,10252.0,Aston Villa,183.0,right,39690016.0,28.0,Ezri Konsa,34.0,1.0,2,39690016.0,,,,,,,,,1.0,6.76,,,
719330,Dean Henderson,England,8491,1997-03-12,keeper,9826.0,Crystal Palace,188.0,right,29883059.0,29.0,Dean Henderson,11.0,0.0,13,29883059.0,,,,,,,,,,,,,
793907,Trevoh Chalobah,England,8491,1999-07-05,center back,8455.0,Chelsea,190.0,right,46461311.0,27.0,Trevoh Chalobah,,1.0,12,46461311.0,,,,,,,,,,,,,
807729,Reece James,England,8491,1999-12-08,right back,8455.0,Chelsea,182.0,right,49414100.0,26.0,Reece James,,1.0,24,49414100.0,,,,,,,,,,6.83,,,
818975,Eberechi Eze,England,8491,1998-06-29,attacking midfielder,9825.0,Arsenal,178.0,right,55042332.0,28.0,Eberechi Eze,86.0,2.0,21,55042332.0,,,,,,,,,,6.4,1.0,,
844425,Marc Guéhi,England,8491,2000-07-13,center back,8456.0,Manchester City,182.0,right,63133452.0,26.0,Marc Guéhi,36.0,1.0,6,63133452.0,,,,,,,,,,7.21,,,
883080,Morgan Rogers,England,8491,2002-07-26,attacking midfielder,10252.0,Aston Villa,187.0,right,65148225.0,23.0,Morgan Rogers,84.0,2.0,17,65148225.0,,,,,,,,,,6.72,1.0,,
894803,Djed Spence,England,8491,2000-08-09,left back,8586.0,Tottenham Hotspur,184.0,right,34527553.0,25.0,Djed Spence,38.0,1.0,25,34527553.0,,,,,,,,,,6.68,,,
906937,Anthony Gordon,England,8491,2001-02-24,left winger,8634.0,Barcelona,182.0,right,56486076.0,,Anthony Gordon,,,,,,,,,,,,,,,,,
961995,Bukayo Saka,England,8491,2001-09-05,right winger,9825.0,Arsenal,178.0,left,104728142.0,,Bukayo Saka,,,,,,,,,,,,,,,,,
1049679,David Møller Wolfe,Norway,8492,2002-04-23,left back,8602.0,Wolverhampton Wanderers,185.0,left,11028398.0,24.0,David Møller Wolfe,38.0,1.0,5,11028398.0,,,,,,,,,,6.95,1.0,,
1110550,Henrik Falchener,Norway,8492,2003-05-08,center back,8478.0,Viking,194.0,right,3367589.0,23.0,Henrik Falchener,,1.0,25,3367589.0,,,,,,,,,,5.37,,,
1113790,Oscar Bobb,Norway,8492,2003-07-12,right winger,9879.0,Fulham,174.0,left,33223348.0,22.0,Oscar Bobb,,3.0,22,33223348.0,,,,,,,,,,6.67,,,
1127585,Sondre Klingen Langås,Norway,8492,2001-02-02,center back,10170.0,Derby County,190.0,right,2130937.0,25.0,Sondre Klingen Langås,,1.0,24,2130937.0,,,,,,,,,,5.99,,,
1145714,Sander Tangvik,Norway,8492,2002-11-29,keeper,9790.0,Hamburger SV,193.0,right,3591816.0,23.0,Sander Tangvik,,0.0,12,3591816.0,,,,,,,,,,,,,
1184468,Thelo Aasgaard,Norway,8492,2002-05-02,attacking midfielder,8548.0,Rangers,188.0,right,1851083.0,24.0,Thelo Aasgaard,,2.0,19,1851083.0,,,,,,,,,1.0,7.53,,,
1228558,Andreas Schjelderup,Norway,8492,2004-06-01,left winger,9772.0,Benfica,176.0,right,19753515.0,22.0,Andreas Schjelderup,107.0,3.0,21,19753515.0,,,,,,,,,1.0,6.95,3.0,,
1248482,Antonio Nusa,Norway,8492,2005-04-17,left winger,178475.0,RB Leipzig,180.0,right,39916935.0,21.0,Antonio Nusa,,3.0,20,39916935.0,,,,,,,,,1.0,6.86,,,
310768,Fredrik Aursnes,Norway,8492,1995-12-10,defensive midfielder,9772.0,Benfica,179.0,right,14783214.0,30.0,Fredrik Aursnes,,2.0,14,14783214.0,,,,,,,,,,6.47,,,
439148,Morten Thorsby,Norway,8492,1996-05-05,central midfielder,7801.0,Cremonese,186.0,right,1897346.0,30.0,Morten Thorsby,,2.0,2,1897346.0,,,,,,,,,,5.99,,,
440330,Alexander Sørloth,Norway,8492,1995-12-05,striker,9906.0,Atletico Madrid,193.0,left,20140489.0,30.0,Alexander Sørloth,103.0,3.0,7,20140489.0,,,,,,,,,,6.29,,,
530635,Patrick Berg,Norway,8492,1997-11-24,central midfielder,8402.0,Bodø/Glimt,178.0,right,4178409.0,28.0,Patrick Berg,77.0,2.0,6,4178409.0,,,,,,,,,,7.32,2.0,,
534670,Martin Ødegaard,Norway,8492,1998-12-17,central midfielder,9825.0,Arsenal,176.0,left,58819224.0,27.0,Martin Ødegaard,73.0,2.0,10,58819224.0,,,,,,,,,,7.55,4.0,,True
540963,Sander Berge,Norway,8492,1998-02-14,defensive midfielder,9879.0,Fulham,193.0,right,24405026.0,28.0,Sander Berge,75.0,2.0,8,24405026.0,,,,,,,,,,7.43,,,
552718,Kristoffer Ajer,Norway,8492,1998-04-17,center back,9937.0,Brentford,196.0,right,20688191.0,28.0,Kristoffer Ajer,34.0,1.0,3,20688191.0,,,,,,,,,,7.4,,,
630228,Fredrik André Bjørkan,Norway,8492,1998-08-21,left back,8402.0,Bodø/Glimt,180.0,left,1975744.0,27.0,Fredrik André Bjørkan,,1.0,15,1975744.0,,,,,,,,,,5.85,,,
631757,Egil Selvik,Norway,8492,1997-07-30,keeper,9817.0,Watford,192.0,left,972612.0,28.0,Egil Selvik,,0.0,13,972612.0,,,,,,,,,,5.76,,,
659272,Julian Ryerson,Norway,8492,1997-11-17,right wing-back,9789.0,Borussia Dortmund,183.0,right,21712887.0,28.0,Julian Ryerson,32.0,2.0,26,21712887.0,,,,,,,,,,6.95,,,
73409,Ørjan Nyland,Norway,8492,1990-09-10,keeper,,Unknown,192.0,right,482586.0,35.0,Ørjan Håskjold Nyland,11.0,0.0,1,482586.0,,,,,,,,,,7.14,,,
737066,Erling Haaland,Norway,8492,2000-07-21,striker,8456.0,Manchester City,194.0,left,154349200.0,25.0,Erling Haaland,105.0,3.0,9,154349200.0,,,,,,,,,7.0,8.71,,,
740944,Leo Østigard,Norway,8492,1999-11-28,center back,10233.0,Genoa,182.0,right,7530522.0,26.0,Leo Østigard,,1.0,4,7530522.0,,,,,,,,,1.0,6.15,,,
741397,Jens Petter Hauge,Norway,8492,1999-10-12,left winger,8402.0,Bodø/Glimt,184.0,right,5045412.0,26.0,Jens Petter Hauge,,3.0,23,5045412.0,,,,,,,,,,,,,
821100,Jørgen Strand Larsen,Norway,8492,2000-02-06,striker,9826.0,Crystal Palace,193.0,right,44728605.0,26.0,Jørgen Strand Larsen,,3.0,11,44728605.0,,,,,,,,,,5.88,,,
921921,Kristian Thorstvedt,Norway,8492,1999-03-13,central midfielder,7943.0,Sassuolo,189.0,left,9739194.0,27.0,Kristian Thorstvedt,,2.0,18,9739194.0,,,,,,,,,,6.27,,,
935550,Torbjørn Heggem,Norway,8492,1999-01-12,center back,9857.0,Bologna,192.0,left,13262921.0,27.0,Torbjørn Heggem,36.0,1.0,17,13262921.0,,,,,,,,,,7.22,,,
935622,Marcus Holmgren Pedersen,Norway,8492,2000-07-16,right midfielder,9804.0,Torino,183.0,right,2465031.0,25.0,Marcus Holmgren Pedersen,,2.0,16,2465031.0,,,,,,,,,1.0,6.72,,,
1037539,Pavel Sulc,Czechia,8496,2000-12-29,attacking midfielder,9748.0,Lyon,177.0,right,15141960.0,25.0,Pavel Sulc,84.0,2.0,15,13765419.0,,,,,,,,,,,,,
1077903,Matej Kovár,Czechia,8496,2000-05-17,keeper,8640.0,PSV Eindhoven,196.0,right,5804452.0,26.0,Matej Kovár,11.0,0.0,1,6828768.0,,,,,,,,,,,,,
1085401,David Zima,Czechia,8496,2000-11-08,center back,7787.0,Slavia Prague,190.0,right,5890099.0,25.0,David Zima,,1.0,2,6929529.0,,,,,,,,,,,,,
1151313,Lukás Cerv,Czechia,8496,2001-04-10,defensive midfielder,6033.0,Viktoria Plzen,179.0,right,5505739.0,25.0,Lukás Cerv,64.0,2.0,12,6477340.0,,,,,,,,,,,,,
1186978,Lukás Hornícek,Czechia,8496,2002-07-13,keeper,10264.0,Braga,197.0,right,13524966.0,23.0,Lukás Hornícek,,0.0,23,12295424.0,,,,,,,,,,,,,
1202885,Denis Visinsky,Czechia,8496,2003-03-21,left winger,6033.0,Viktoria Plzen,177.0,right,2080594.0,23.0,Denis Visinsky,86.0,3.0,26,1826366.0,,,,,,,,,,,,,
1225995,Robin Hranác,Czechia,8496,2000-01-29,center back,8226.0,Hoffenheim,190.0,right,2395845.0,26.0,Robin Hranác,35.0,1.0,4,1996538.0,,,,,,,,,,,,,
1247323,David Jurásek,Czechia,8496,2000-08-07,left wing-back,7787.0,Slavia Prague,183.0,left,2828424.0,25.0,David Jurásek,1000.0,2.0,14,3535530.0,,,,,,,,,,,,,
1288146,Stepán Chaloupek,Czechia,8496,2003-03-08,center back,7787.0,Slavia Prague,188.0,right,4898832.0,23.0,Stepán Chaloupek,,1.0,6,4082360.0,,,,,,,,,,,,,
1478281,Alexandr Sojka,Czechia,8496,2003-04-02,left midfielder,6033.0,Viktoria Plzen,188.0,left,894820.0,23.0,Alexandr Sojka,,2.0,24,990684.0,,,,,,,,,,,,,
1764021,Hugo Sochurek,Czechia,8496,2008-06-07,central midfielder,10247.0,Sparta Prague,184.0,right,,18.0,Hugo Sochurek,,2.0,25,,,,,,,,,,,,,,
196311,Vladimír Darida,Czechia,8496,1990-08-08,central midfielder,1712.0,Hradec Kralove,171.0,right,148645.0,35.0,Vladimír Darida,,2.0,8,164259.0,,,,,,,,,,,,,
249063,Jaroslav Zeleny,Czechia,8496,1992-08-20,center back,10247.0,Sparta Prague,189.0,left,275200.0,33.0,Jaroslav Zeleny,,1.0,20,344000.0,,,,,,,,,,,,,
306168,Tomás Holes,Czechia,8496,1993-03-31,center back,7787.0,Slavia Prague,180.0,right,729595.0,33.0,Tomás Holes,33.0,1.0,3,911994.0,,,,,,,,,,,,,
307317,Vladimír Coufal,Czechia,8496,1992-08-22,right back,8226.0,Hoffenheim,176.0,right,1676087.0,33.0,Vladimír Coufal,62.0,1.0,5,1978041.0,,,,,,,,,,,,,
463967,Jindrich Stanek,Czechia,8496,1996-04-27,keeper,7787.0,Slavia Prague,192.0,right,1314225.0,30.0,Jindrich Stanek,,0.0,16,1642782.0,,,,,,,,,,,,,
523217,Tomás Chory,Czechia,8496,1995-01-26,striker,7787.0,Slavia Prague,198.0,right,1495266.0,31.0,Tomás Chory,,3.0,19,1741483.0,,,,,,,,,,,,,
524437,Tomás Soucek,Czechia,8496,1995-02-27,defensive midfielder,8654.0,West Ham United,190.0,right,11929160.0,31.0,Tomás Soucek,,2.0,22,13254623.0,,,,,,,,,,,,,
540097,Patrik Schick,Czechia,8496,1996-01-24,striker,8178.0,Bayer Leverkusen,191.0,left,18242727.0,30.0,Patrik Schick,,3.0,10,20269697.0,,,,,,,,,,,,,
690332,Jan Kuchta,Czechia,8496,1997-01-08,striker,10247.0,Sparta Prague,184.0,right,1446643.0,29.0,Jan Kuchta,,3.0,11,1446643.0,,,,,,,,,,,,,
791682,Lukás Provod,Czechia,8496,1996-10-23,attacking midfielder,7787.0,Slavia Prague,189.0,left,5614453.0,29.0,Lukás Provod,,2.0,17,6605239.0,,,,,,,,,,,,,
798029,Ladislav Krejcí,Czechia,8496,1999-04-20,center back,8602.0,Wolverhampton Wanderers,191.0,left,21661775.0,27.0,Ladislav Krejcí,37.0,1.0,7,24068639.0,,,,,,,,,,,,,True
806551,Michal Sadílek,Czechia,8496,1999-05-31,defensive midfielder,7787.0,Slavia Prague,169.0,left,6387325.0,27.0,Michal Sadílek,66.0,2.0,18,7514500.0,,,,,,,,,,,,,
883759,David Doudera,Czechia,8496,1998-05-31,right midfielder,7787.0,Slavia Prague,175.0,right,1928840.0,28.0,David Doudera,68.0,2.0,21,2411050.0,,,,,,,,,,,,,
969870,Adam Hlozek,Czechia,8496,2002-07-25,attacking midfielder,8226.0,Hoffenheim,185.0,right,14780992.0,23.0,Adam Hlozek,105.0,2.0,9,16423325.0,,,,,,,,,,,,,
988769,Mojmír Chytil,Czechia,8496,1999-04-29,striker,7787.0,Slavia Prague,187.0,right,2199079.0,27.0,Mojmír Chytil,,3.0,13,2589362.0,,,,,,,,,,,,,
1002039,Aaron Hickey,Scotland,8498,2002-06-10,right back,9937.0,Brentford,185.0,both,18073184.0,24.0,Aaron Hickey,,1.0,2,20081316.0,,,,,,,,,,,,,
1112684,Nathan Patterson,Scotland,8498,2001-10-16,right back,8668.0,Everton,189.0,right,11475272.0,24.0,Nathan Patterson,32.0,1.0,22,12588555.0,,,,,,,,,,,,,
1324871,Ben Gannon-Doak,Scotland,8498,2005-11-11,right winger,8678.0,AFC Bournemouth,176.0,right,19372941.0,20.0,Ben Gannon-Doak,83.0,3.0,17,21525490.0,,,,,,,,,,,,,
1558461,Findlay Curtis,Scotland,8498,2006-10-01,left winger,8548.0,Rangers,180.0,right,1635185.0,19.0,Findlay Curtis,,2.0,25,1504006.0,,,,,,,,,,,,,
1676985,Tyler Fletcher,Scotland,8498,2007-03-19,defensive midfielder,1070257.0,Manchester United U21,183.0,right,,19.0,Tyler Fletcher,,2.0,8,,,,,,,,,,,,,,
190851,Kenny McLean,Scotland,8498,1992-01-08,defensive midfielder,9850.0,Norwich City,183.0,left,568860.0,34.0,Kenny McLean,64.0,2.0,23,579476.0,,,,,,,,,,,,,
202180,Grant Hanley,Scotland,8498,1991-11-20,center back,10251.0,Hibernian,188.0,right,300067.0,34.0,Grant Hanley,,1.0,5,333933.0,,,,,,,,,,,,,
317544,Lawrence Shankland,Scotland,8498,1995-08-10,striker,8548.0,Rangers,185.0,right,1865149.0,30.0,Lawrence Shankland,115.0,3.0,20,2184320.0,,,,,,,,,,,,,
32562,Craig Gordon,Scotland,8498,1982-12-31,keeper,,Unknown,193.0,left,254417.0,43.0,Craig Gordon,,0.0,21,254417.0,,,,,,,,,,,,,
356406,John McGinn,Scotland,8498,1994-10-18,right winger,10252.0,Aston Villa,175.0,left,15834666.0,31.0,John McGinn,87.0,3.0,7,17594074.0,,,,,,,,,,,,,
357880,Andrew Robertson,Scotland,8498,1994-03-11,left back,8586.0,Tottenham Hotspur,178.0,left,9234620.0,32.0,Andrew Robertson,38.0,1.0,3,10260689.0,,,,,,,,,,,,,True
419207,John Souttar,Scotland,8498,1996-09-25,center back,8548.0,Rangers,186.0,right,1248604.0,29.0,John Souttar,,1.0,15,1560756.0,,,,,,,,,,,,,
439369,Ryan Christie,Scotland,8498,1995-02-22,defensive midfielder,8678.0,AFC Bournemouth,178.0,left,7952248.0,31.0,Ryan Christie,,2.0,11,9355586.0,,,,,,,,,,,,,
445522,Liam Kelly,Scotland,8498,1996-01-23,keeper,8548.0,Rangers,189.0,right,410713.0,30.0,Liam Kelly,,0.0,12,410713.0,,,,,,,,,,,,,
551805,Scott McKenna,Scotland,8498,1996-11-12,center back,10156.0,Dinamo Zagreb,189.0,left,1959356.0,29.0,Scott McKenna,36.0,1.0,26,2321349.0,,,,,,,,,,,,,
582499,Kieran Tierney,Scotland,8498,1997-06-05,left back,9925.0,Celtic,178.0,left,4702316.0,29.0,Kieran Tierney,,1.0,6,4792817.0,,,,,,,,,,,,,
599353,Ché Adams,Scotland,8498,1996-07-13,striker,9804.0,Torino,178.0,right,7627928.0,29.0,Ché Adams,,3.0,10,8974033.0,,,,,,,,,,,,,
640642,Jack Hendry,Scotland,8498,1995-05-07,center back,101915.0,Al-Ettifaq,192.0,right,1307644.0,31.0,Jack Hendry,34.0,1.0,13,1285866.0,,,,,,,,,,,,,
668422,Anthony Ralston,Scotland,8498,1998-11-16,right back,9925.0,Celtic,178.0,right,863595.0,27.0,Anthony Ralston,,1.0,24,928721.0,,,,,,,,,,,,,
694558,Dominic Hyam,Scotland,8498,1995-12-20,center back,9841.0,Wrexham,188.0,right,1468502.0,30.0,Dominic Hyam,,1.0,16,1774285.0,,,,,,,,,,,,,
750033,George Hirst,Scotland,8498,1999-02-15,striker,9902.0,Ipswich Town,191.0,right,9098259.0,27.0,George Hirst,,3.0,18,8868208.0,,,,,,,,,,,,,
760746,Angus Gunn,Scotland,8498,1996-01-22,keeper,6603.0,San Jose Earthquakes,196.0,right,1150042.0,30.0,Angus Gunn,11.0,0.0,1,1198824.0,,,,,,,,,,,,,
768635,Lyndon Dykes,Scotland,8498,1995-10-07,striker,8451.0,Charlton Athletic,188.0,right,830298.0,30.0,Lyndon Dykes,,3.0,9,831445.0,,,,,,,,,,,,,
776159,Ross Stewart,Scotland,8498,1996-07-11,striker,8466.0,Southampton,188.0,right,1610409.0,29.0,Ross Stewart,,3.0,14,1610409.0,,,,,,,,,,,,,
843099,Scott McTominay,Scotland,8498,1996-12-08,defensive midfielder,9875.0,Napoli,193.0,right,40452350.0,29.0,Scott McTominay,85.0,2.0,4,44947055.0,,,,,,,,,,,,,
888921,Lewis Ferguson,Scotland,8498,1999-08-24,defensive midfielder,9857.0,Bologna,181.0,right,17239078.0,26.0,Lewis Ferguson,66.0,2.0,19,19154531.0,,,,,,,,,,,,,
1014602,Jacob Widell Zetterström,Sweden,8520,1998-07-11,keeper,10170.0,Derby County,195.0,right,1599659.0,27.0,Jacob Widell Zetterström,11.0,0.0,1,1599659.0,,,,,,,,,,,,,
1014688,Alexander Bernhardsson,Sweden,8520,1998-09-08,right wing-back,8150.0,Holstein Kiel,185.0,left,1670037.0,27.0,Alexander Bernhardsson,,2.0,21,1670037.0,,,,,,,,,,,,,
1050166,Anthony Elanga,Sweden,8520,2002-04-27,right winger,10261.0,Newcastle United,178.0,right,44793376.0,24.0,Anthony Elanga,72.0,3.0,11,44793376.0,,,,,,,,,,,,,
1135782,Taha Abdi Ali,Sweden,8520,1998-07-01,right midfielder,8619.0,PAOK Thessaloniki,,right,625013.0,27.0,Taha Abdi Ali,,2.0,26,625013.0,,,,,,,,,,,,,
1168311,Yasin Ayari,Sweden,8520,2003-10-06,defensive midfielder,10204.0,Brighton & Hove Albion,172.0,right,34465083.0,22.0,Yasin Ayari,76.0,2.0,18,34465083.0,,,,,,,,,,,,,
118241,Gustaf Nilsson,Sweden,8520,1997-05-23,forward,8342.0,Club Brugge,197.0,right,1201986.0,29.0,Gustaf Nilsson,,3.0,25,1201986.0,,,,,,,,,,,,,
1209228,Daniel Svensson,Sweden,8520,2002-02-12,left wing-back,9789.0,Borussia Dortmund,183.0,left,24276306.0,24.0,Daniel Svensson,32.0,2.0,8,24276306.0,,,,,,,,,,,,,
1272349,Elliot Stroud,Sweden,8520,2002-06-22,left midfielder,8127.0,Mjällby,,left,2088915.0,24.0,Elliot Stroud,78.0,2.0,24,2088915.0,,,,,,,,,,,,,
1338361,Besfort Zeneli,Sweden,8520,2002-11-21,central midfielder,7978.0,Union St.Gilloise,187.0,right,3397364.0,23.0,Besfort Zeneli,,2.0,22,3397364.0,,,,,,,,,,,,,
1386775,Lucas Bergvall,Sweden,8520,2006-02-02,central midfielder,8586.0,Tottenham Hotspur,186.0,right,51316098.0,20.0,Lucas Bergvall,74.0,2.0,7,51316098.0,,,,,,,,,,,,,
258269,Victor Nilsson Lindelöf,Sweden,8520,1994-07-17,center back,10252.0,Aston Villa,187.0,right,4653955.0,31.0,Victor Nilsson Lindelöf,36.0,1.0,3,4653955.0,,,,,,,,,,,,,True
322003,Jesper Karlström,Sweden,8520,1995-06-21,central midfielder,8600.0,Udinese,182.0,right,2657955.0,31.0,Jesper Karlström,,2.0,16,2657955.0,,,,,,,,,,,,,
497662,Carl Starfelt,Sweden,8520,1995-06-01,center back,9910.0,Celta Vigo,185.0,right,3193017.0,31.0,Carl Starfelt,,1.0,15,3193017.0,,,,,,,,,,,,,
520670,Ken Sema,Sweden,8520,1993-09-30,left wing-back,2137.0,Pafos FC,177.0,left,550618.0,32.0,Ken Sema,,2.0,13,550618.0,,,,,,,,,,,,,
531327,Eric Smith,Sweden,8520,1997-01-08,center back,8152.0,St. Pauli,190.0,right,2986546.0,29.0,Eric Smith,,1.0,20,2986546.0,,,,,,,,,,,,,
546252,Viktor Johansson,Sweden,8520,1998-09-14,keeper,10194.0,Stoke City,186.0,right,11367053.0,27.0,Viktor Johansson,,0.0,12,11367053.0,,,,,,,,,,,,,
647900,Mattias Svanberg,Sweden,8520,1999-01-05,defensive midfielder,8721.0,Wolfsburg,178.0,right,8438655.0,27.0,Mattias Svanberg,,2.0,19,8438655.0,,,,,,,,,,,,,
664500,Viktor Gyökeres,Sweden,8520,1998-06-04,striker,9825.0,Arsenal,187.0,right,60767466.0,28.0,Viktor Gyökeres,104.0,3.0,17,60767466.0,,,,,,,,,,,,,
690107,Alexander Isak,Sweden,8520,1999-09-21,striker,8650.0,Liverpool,192.0,right,97224326.0,26.0,Alexander Isak,106.0,3.0,9,97224326.0,,,,,,,,,,,,,
73462,Kristoffer Nordfeldt,Sweden,8520,1989-06-23,keeper,8349.0,AIK,190.0,right,224888.0,37.0,Kristoffer Nordfeldt,,0.0,23,224888.0,,,,,,,,,,,,,
744494,Gabriel Gudmundsson,Sweden,8520,1999-04-29,left wing-back,8463.0,Leeds United,181.0,left,21097365.0,27.0,Gabriel Gudmundsson,38.0,1.0,5,21097365.0,,,,,,,,,,,,,
831044,Hjalmar Ekdal,Sweden,8520,1998-10-21,center back,8191.0,Burnley,187.0,right,5805700.0,27.0,Hjalmar Ekdal,,1.0,14,5805700.0,,,,,,,,,,,,,
919848,Gustaf Lagerbielke,Sweden,8520,2000-04-10,center back,10264.0,Braga,193.0,right,3551714.0,26.0,Gustaf Lagerbielke,34.0,1.0,2,3551714.0,,,,,,,,,,,,,
931605,Benjamin Nygren,Sweden,8520,2001-07-08,attacking midfielder,9925.0,Celtic,184.0,left,7473925.0,24.0,Benjamin Nygren,,2.0,10,7473925.0,,,,,,,,,,,,,
939780,Isak Hien,Sweden,8520,1999-01-13,center back,8524.0,Atalanta,191.0,right,24458283.0,27.0,Isak Hien,1000.0,1.0,4,24458283.0,,,,,,,,,,,,,
946703,Herman Johansson,Sweden,8520,1997-10-16,right midfielder,6399.0,FC Dallas,190.0,right,981595.0,28.0,Herman Johansson,,2.0,6,981595.0,,,,,,,,,,,,,
1002058,Nico Schlotterbeck,Germany,8570,1999-12-01,center back,9789.0,Borussia Dortmund,191.0,left,39025464.0,26.0,Nico Schlotterbeck,1000.0,1.0,15,43361627.0,,,,,,,,,,,,,
1047667,Maximilian Beier,Germany,8570,2002-10-17,attacking midfielder,9789.0,Borussia Dortmund,183.0,right,38049243.0,23.0,Maximilian Beier,,2.0,14,42276937.0,,,,,,,,,,,,,
1071186,Angelo Stiller,Germany,8570,2001-04-04,defensive midfielder,10269.0,VfB Stuttgart,183.0,left,42579454.0,25.0,Angelo Stiller,,2.0,16,47310505.0,,,,,,,,,,,,,
1074968,Jamie Leweling,Germany,8570,2001-02-26,left winger,10269.0,VfB Stuttgart,184.0,both,27505800.0,25.0,Jamie Leweling,,3.0,9,30562001.0,,,,,,,,,,,,,
1106563,Nick Woltemade,Germany,8570,2002-02-14,striker,10261.0,Newcastle United,198.0,right,65049055.0,24.0,Nick Woltemade,,3.0,11,72276727.0,,,,,,,,,,,,,
1137407,Malick Thiaw,Germany,8570,2001-08-08,center back,10261.0,Newcastle United,194.0,right,35027275.0,24.0,Malick Thiaw,,1.0,24,38919195.0,,,,,,,,,,,,,
1152455,Florian Wirtz,Germany,8570,2003-05-03,left winger,8650.0,Liverpool,175.0,right,115559582.0,23.0,Florian Wirtz,87.0,3.0,17,115813660.0,,,,,,,,,,,,,
1156141,Jamal Musiala,Germany,8570,2003-02-26,attacking midfielder,9823.0,Bayern München,180.0,right,126492581.0,23.0,Jamal Musiala,,2.0,10,114993256.0,,,,,,,,,,,,,
1395447,Nathaniel Brown,Germany,8570,2003-06-16,left back,9823.0,Bayern München,180.0,left,41595822.0,23.0,Nathaniel Brown,38.0,1.0,18,46217580.0,,,,,,,,,,,,,
1473580,Aleksandar Pavlovic,Germany,8570,2004-05-03,defensive midfielder,9823.0,Bayern München,188.0,both,56823883.0,22.0,Aleksandar Pavlovic,66.0,2.0,5,51658076.0,,,,,,,,,,,,,
1486541,Assan Ouédraogo,Germany,8570,2006-05-09,central midfielder,178475.0,RB Leipzig,192.0,right,17876810.0,20.0,Assan Ouédraogo,,2.0,25,16251646.0,,,,,,,,,,,,,
167008,Pascal Groß,Germany,8570,1991-06-15,defensive midfielder,10204.0,Brighton & Hove Albion,181.0,right,2950740.0,35.0,Pascal Groß,,2.0,13,3688426.0,,,,,,,,,,,,,
178778,Oliver Baumann,Germany,8570,1990-06-02,keeper,8226.0,Hoffenheim,186.0,right,2032966.0,36.0,Oliver Baumann,,0.0,12,2061954.0,,,,,,,,,,,,,
27299,Manuel Neuer,Germany,8570,1986-03-27,keeper,9823.0,Bayern München,193.0,right,2075973.0,40.0,Manuel Neuer,11.0,0.0,1,2594967.0,,,,,,,,,,,,,
276738,Antonio Rüdiger,Germany,8570,1993-03-03,center back,8633.0,Real Madrid,190.0,right,6901193.0,33.0,Antonio Rüdiger,36.0,1.0,2,8119051.0,,,,,,,,,,,,,
343748,Leon Goretzka,Germany,8570,1995-02-06,defensive midfielder,,Unknown,189.0,right,11719071.0,31.0,Leon Goretzka,,2.0,8,10844143.0,,,,,,,,,,,,,
460632,Joshua Kimmich,Germany,8570,1995-02-08,defensive midfielder,9823.0,Bayern München,176.0,right,38612263.0,31.0,Joshua Kimmich,32.0,2.0,6,42902514.0,,,,,,,,,,,,,True
469700,Jonathan Tah,Germany,8570,1996-02-11,center back,9823.0,Bayern München,194.0,right,28135100.0,30.0,Jonathan Tah,34.0,1.0,4,31261223.0,,,,,,,,,,,,,
530859,Leroy Sané,Germany,8570,1996-01-11,right winger,8637.0,Galatasaray,183.0,left,19604152.0,30.0,Leroy Sané,83.0,3.0,19,21782391.0,,,,,,,,,,,,,
554534,Alexander Nübel,Germany,8570,1996-09-30,keeper,10188.0,Beşiktaş,193.0,right,12990906.0,29.0,Alexander Nübel,,0.0,21,14434340.0,,,,,,,,,,,,,
614449,Nadiem Amiri,Germany,8570,1996-10-27,central midfielder,9905.0,Mainz 05,180.0,right,15393497.0,29.0,Nadiem Amiri,,2.0,20,17103886.0,,,,,,,,,,,,,
661519,Deniz Undav,Germany,8570,1996-07-19,striker,10269.0,VfB Stuttgart,179.0,both,14722898.0,29.0,Deniz Undav,115.0,3.0,26,16358776.0,,,,,,,,,,,,,
664970,Waldemar Anton,Germany,8570,1996-07-20,center back,9789.0,Borussia Dortmund,189.0,right,17453939.0,29.0,Waldemar Anton,,1.0,3,19393266.0,,,,,,,,,,,,,
749736,Kai Havertz,Germany,8570,1999-06-11,striker,9825.0,Arsenal,193.0,left,54639880.0,27.0,Kai Havertz,85.0,3.0,7,60710978.0,,,,,,,,,,,,,
806669,David Raum,Germany,8570,1998-04-22,left back,178475.0,RB Leipzig,180.0,left,15404736.0,28.0,David Raum,,1.0,22,17116374.0,,,,,,,,,,,,,
966019,Felix Nmecha,Germany,8570,2000-10-10,defensive midfielder,9789.0,Borussia Dortmund,190.0,right,50331584.0,25.0,Felix Nmecha,64.0,2.0,23,55923982.0,,,,,,,,,,,,,
1029597,Avazbek Ulasmaliev,Uzbekistan,8700,2000-03-27,defender,115128.0,AGMK,187.0,right,,26.0,Avazbek Ulasmaliev,,1.0,25,,,,,,,,,,,,,,
1057486,Oston Urunov,Uzbekistan,8700,2000-12-19,attacking midfielder,101610.0,Persepolis,181.0,right,1198196.0,25.0,Oston Urunov,,2.0,11,1476986.0,,,,,,,,,,,,,
1249993,Abbosbek Fayzullayev,Uzbekistan,8700,2003-10-03,right winger,1933.0,Başakşehir,167.0,right,7896872.0,22.0,Abbosbek Fayzullayev,78.0,3.0,22,9290438.0,,,,,,,,,,,,,
1258316,Sherzod Nasrulloev,Uzbekistan,8700,1998-07-23,left wing-back,102153.0,Nasaf Qarshi,181.0,left,511316.0,27.0,Sherzod Nasrulloev,59.0,1.0,13,512561.0,,,,,,,,,,,,,
1259187,Abduvohid Nematov,Uzbekistan,8700,2001-03-20,keeper,102153.0,Nasaf Qarshi,182.0,right,835722.0,25.0,Abduvohid Nematov,11.0,0.0,12,835722.0,,,,,,,,,,,,,
1294120,Abdulla Abdullaev,Uzbekistan,8700,1997-09-01,central midfielder,391664.0,Dibba Al Fujairah,181.0,right,,28.0,Abdulla Abdullaev,,2.0,18,,,,,,,,,,,,,,
1362998,Abdukodir Khusanov,Uzbekistan,8700,2004-02-29,center back,8456.0,Manchester City,186.0,right,42319567.0,22.0,Abdukodir Khusanov,35.0,1.0,2,47021741.0,,,,,,,,,,,,,
1421621,Ruslanbek Jiyanov,Uzbekistan,8700,2001-06-05,forward,102155.0,Navbahor Namangan,168.0,right,333151.0,25.0,Ruslanbek Jiyanov,,3.0,10,338535.0,,,,,,,,,,,,,
1477513,Jakhongir Urozov,Uzbekistan,8700,2004-01-18,center back,,Unknown,190.0,left,653889.0,22.0,Jakhongir Urozov,37.0,1.0,26,817362.0,,,,,,,,,,,,,
1477517,Sherzod Esanov,Uzbekistan,8700,2003-02-01,midfielder,102158.0,Buxoro,190.0,right,142187.0,23.0,Sherzod Esanov,,2.0,23,142187.0,,,,,,,,,,,,,
1898281,Bekhruz Karimov,Uzbekistan,8700,2007-08-07,right wing-back,0.0,PFC Surkhon Termez,172.0,right,,18.0,Behruzjon Karimov,,2.0,24,,,,,,,,,,,,,,
251915,Igor Sergeev,Uzbekistan,8700,1993-04-30,forward,101610.0,Persepolis,185.0,left,663116.0,33.0,Igor Sergeev,,3.0,21,828896.0,,,,,,,,,,,,,
431169,Jamshid Iskandarov,Uzbekistan,8700,1993-10-16,midfielder,102145.0,Neftchi Fargona,168.0,left,511633.0,32.0,Jamshid Iskandarov,,3.0,8,475106.0,,,,,,,,,,,,,
589585,Farrukh Sayfiev,Uzbekistan,8700,1991-01-17,right wing-back,102155.0,Navbahor Namangan,180.0,both,56997.0,35.0,Farrukh Sayfiev,,2.0,4,71246.0,,,,,,,,,,,,,
619508,Dostonbek Khamdamov,Uzbekistan,8700,1996-07-24,midfielder,102141.0,Pakhtakor Tashkent,178.0,both,214689.0,29.0,Dostonbek Khamdamov,72.0,2.0,17,178908.0,,,,,,,,,,,,,
619513,Eldor Shomurodov,Uzbekistan,8700,1995-06-29,attacking midfielder,1933.0,Başakşehir,190.0,right,4787843.0,30.0,Eldor Shomurodov,115.0,2.0,14,5632756.0,,,,,,,,,,,,,True
619697,Odiljon Khamrobekov,Uzbekistan,8700,1996-02-13,central midfielder,176352.0,Tractor,180.0,right,616468.0,30.0,Odildzhon Khamrobekov,,2.0,9,770585.0,,,,,,,,,,,,,
619700,Utkir Yusupov,Uzbekistan,8700,1991-01-04,keeper,139914.0,Foolad Khuzestan,185.0,right,100971.0,35.0,Utkir Yusupov,,0.0,1,117550.0,,,,,,,,,,,,,
624405,Otabek Shukurov,Uzbekistan,8700,1996-06-22,defensive midfielder,182933.0,Baniyas,183.0,right,851980.0,30.0,Otabek Shukurov,74.0,2.0,7,851980.0,,,,,,,,,,,,,
629823,Aziz G'aniev,Uzbekistan,8700,1998-02-22,central midfielder,1112866.0,Al Bataeh,180.0,right,1258725.0,28.0,Azizjon Ganiev,,2.0,19,1539756.0,,,,,,,,,,,,,
643624,Rustam Ashurmatov,Uzbekistan,8700,1996-07-07,center back,101614.0,Esteghlal,186.0,right,360296.0,29.0,Rustamjon Ashurmatov,33.0,1.0,5,450370.0,,,,,,,,,,,,,
643639,Botirali Ergashev,Uzbekistan,8700,1995-06-23,keeper,115128.0,AGMK,189.0,right,232824.0,31.0,Botirali Ergashev,,0.0,16,194020.0,,,,,,,,,,,,,
922298,Umar Eshmuradov,Uzbekistan,8700,1992-11-30,center back,102153.0,Nasaf Qarshi,185.0,right,71636.0,33.0,Umar Eshmuradov,,2.0,15,89238.0,,,,,,,,,,,,,
929168,Akmal Mozgovoy,Uzbekistan,8700,1999-04-02,attacking midfielder,102141.0,Pakhtakor Tashkent,180.0,right,745541.0,26.0,Akmal Mozgovoy,76.0,2.0,6,747979.0,,,,,,,,,,,,,
933051,Azizbek Amonov,Uzbekistan,8700,1997-10-30,forward,102149.0,Dinamo Samarkand,183.0,left,110967.0,28.0,Azizbek Amonov,,2.0,20,138709.0,,,,,,,,,,,,,
940778,Khoziakbar Alidzhanov,Uzbekistan,8700,1997-04-19,right wing-back,102141.0,Pakhtakor Tashkent,180.0,right,,29.0,Khoziakbar Alidzhanov,51.0,1.0,3,,,,,,,,,,,,,,
