player_id,player_name,is_captain,gender,birth_date,team_id,team_name,on_loan,position,position_key,height,height_unit,weight,weight_unit,nationality,rating,goals,assists,market_value,contract_end,injury,injury_expected_return,goal_assist_total,goal_assist_ratio,performance_score
1057426,Armin Gigovic,False,male,2002-04-06 00:00:00+00:00,10192,Young Boys,False,Defensive Midfielder,centerdefensivemidfielder,187,cm,78,kg,Bosnia and Herzegovina,5.347368421052632,5.0,6.0,,2029-06-30 00:00:00+00:00,,,11.0,0.8333333333333334,5.373684210526316
1174844,Jovo Lukic,False,male,1998-11-28 00:00:00+00:00,89022,Universitatea Cluj,False,Striker,striker,190,cm,87,kg,Bosnia and Herzegovina,5.639999999999999,18.0,2.0,,2029-06-30 00:00:00+00:00,,,20.0,9.0,8.62
1179875,Ivan Basic,False,male,2002-04-30 00:00:00+00:00,166865,FC Astana,False,Central Midfielder,centermidfielder,178,cm,71,kg,Bosnia and Herzegovina,3.875,2.0,2.0,,2026-12-31 00:00:00+00:00,,,4.0,1.0,2.9375
1250485,Tarik Muharemovic,False,male,2003-02-28 00:00:00+00:00,8463,Leeds United,False,Center Back,centerback,187,cm,79,kg,Bosnia and Herzegovina,6.03265306122449,2.0,2.0,17870981.0,2031-06-30 00:00:00+00:00,,,4.0,1.0,4.016326530612245
1284492,Samed Bazdar,False,male,2004-01-31 00:00:00+00:00,8394,Real Zaragoza,False,Striker,striker,186,cm,76,kg,Bosnia and Herzegovina,2.9224489795918367,5.0,2.0,,2029-06-30 00:00:00+00:00,,,7.0,2.5,3.361224489795918
1300385,Amar Memic,False,male,2001-01-20 00:00:00+00:00,6033,Viktoria Plzen,False,Right Wing-Back,right_wing_back,176,cm,71,kg,Bosnia and Herzegovina,6.491228070175439,4.0,12.0,,2029-06-30 00:00:00+00:00,,,16.0,0.3333333333333333,6.84561403508772
1346860,Esmir Bajraktarevic,False,male,2005-03-10 00:00:00+00:00,8640,PSV Eindhoven,False,Right Winger,rightwinger,175,cm,67,kg,Bosnia and Herzegovina,5.159677419354838,8.0,5.0,,2029-06-30 00:00:00+00:00,,,13.0,1.6,5.979838709677419
1415104,Benjamin Tahirovic,False,male,2003-03-03 00:00:00+00:00,8595,Brøndby IF,False,Central Midfielder,centermidfielder,191,cm,84,kg,Bosnia and Herzegovina,5.8687499999999995,3.0,2.0,,2028-06-30 00:00:00+00:00,,,5.0,1.5,4.234375
1515122,Arjan Malic,False,male,2005-08-28 00:00:00+00:00,10014,Sturm Graz,False,Right Back,rightback,186,cm,79,kg,Bosnia and Herzegovina,4.216666666666666,1.0,0.0,,,,,1.0,,2.4083333333333328
1528815,Ermin Mahmic,False,male,2005-03-14 00:00:00+00:00,10245,Slovan Liberec,False,Attacking Midfielder,centerattackingmidfielder,182,cm,79,kg,Bosnia and Herzegovina,4.575,10.0,3.0,,2029-06-30 00:00:00+00:00,,,13.0,3.3333333333333335,5.887499999999999
15403,Edin Dzeko,False,male,1986-03-17 00:00:00+00:00,,,,Striker,striker,193,cm,80,kg,Bosnia and Herzegovina,5.230188679245283,13.0,3.0,,,,,16.0,4.333333333333333,7.115094339622642
1684401,Kerim Alajbegovic,False,male,2007-09-21 00:00:00+00:00,8178,Bayer Leverkusen,False,Left Winger,leftwinger,185,cm,79,kg,Bosnia and Herzegovina,5.786666666666666,13.0,6.0,,2031-06-30 00:00:00+00:00,,,19.0,2.1666666666666665,7.993333333333333
1726288,Mladen Jurkas,False,male,2007-10-07 00:00:00+00:00,10116,Borac Banja Luka,False,Keeper,keeper_long,193,cm,80,kg,Bosnia and Herzegovina,0.0,0.0,0.0,,2029-06-30 00:00:00+00:00,,,0.0,,0.0
304345,Sead Kolasinac,False,male,1993-06-20 00:00:00+00:00,8524,Atalanta,False,Center Back,centerback,183,cm,82,kg,Bosnia and Herzegovina,4.3,0.0,1.0,,2027-06-30 00:00:00+00:00,,,1.0,0.0,2.35
388903,Haris Tabakovic,False,male,1994-06-20 00:00:00+00:00,10013,Salzburg,False,Striker,striker,196,cm,90,kg,Bosnia and Herzegovina,6.130434782608695,19.0,3.0,2192417.0,2029-06-30 00:00:00+00:00,,,22.0,6.333333333333333,9.365217391304347
466867,Nikola Vasilj,False,male,1995-12-02 00:00:00+00:00,8152,St. Pauli,False,Keeper,keeper_long,194,cm,77,kg,Bosnia and Herzegovina,6.0673076923076925,0.0,0.0,,,,,0.0,,3.0336538461538463
541551,Ivan Sunjic,False,male,1996-10-09 00:00:00+00:00,2137,Pafos FC,False,Defensive Midfielder,centerdefensivemidfielder,184,cm,75,kg,Bosnia and Herzegovina,4.017241379310345,0.0,0.0,,2027-05-31 00:00:00+00:00,,,0.0,,2.0086206896551726
639558,Amir Hadziahmetovic,False,male,1997-03-08 00:00:00+00:00,10188,Beşiktaş,False,Defensive Midfielder,centerdefensivemidfielder,179,cm,71,kg,Bosnia and Herzegovina,4.413793103448276,0.0,2.0,,2027-06-30 00:00:00+00:00,,,2.0,0.0,2.606896551724138
653982,Stjepan Radeljic,False,male,1997-09-05 00:00:00+00:00,10156,Dinamo Zagreb,False,Center Back,centerback,201,cm,88,kg,Bosnia and Herzegovina,4.6909090909090905,2.0,4.0,,2030-06-30 00:00:00+00:00,,,6.0,0.5,3.745454545454545
660148,Dzenis Burnic,False,male,1998-05-22 00:00:00+00:00,8295,Karlsruher SC,False,Central Midfielder,centermidfielder,183,cm,70,kg,Bosnia and Herzegovina,5.228260869565217,1.0,1.0,,,,,2.0,1.0,3.1141304347826084
725655,Nikola Katic,False,male,1996-10-10 00:00:00+00:00,10189,Schalke 04,False,Center Back,centerback,194,cm,80,kg,Bosnia and Herzegovina,6.519512195121951,3.0,2.0,,2028-06-30 00:00:00+00:00,,,5.0,1.5,4.559756097560976
797797,Dennis Hadzikadunic,False,male,1998-07-09 00:00:00+00:00,8705,FC Rostov,False,Center Back,centerback,186,cm,81,kg,Bosnia and Herzegovina,4.873170731707317,0.0,2.0,,,,,2.0,0.0,2.8365853658536584
840241,Ermedin Demirovic,False,male,1998-03-25 00:00:00+00:00,10269,VfB Stuttgart,False,Striker,striker,184,cm,76,kg,Bosnia and Herzegovina,5.991666666666667,15.0,5.0,,2028-06-30 00:00:00+00:00,,,20.0,3.0,8.495833333333334
857436,Nihad Mujakic,False,male,1998-04-15 00:00:00+00:00,281467,Erzurumspor FK,False,Center Back,centerback,189,cm,78,kg,Bosnia and Herzegovina,4.417777777777777,1.0,1.0,1121576.0,,,,2.0,1.0,2.7088888888888887
857661,Martin Zlomislic,False,male,1998-08-16 00:00:00+00:00,7981,Qarabag FK,False,Keeper,keeper_long,190,cm,85,kg,Bosnia and Herzegovina,4.430000000000001,0.0,0.0,,2029-06-30 00:00:00+00:00,,,0.0,,2.2150000000000003
958010,Amar Dedic,False,male,2002-08-18 00:00:00+00:00,9772,Benfica,False,Right Back,rightback,180,cm,73,kg,Bosnia and Herzegovina,6.220338983050848,1.0,5.0,,2030-06-30 00:00:00+00:00,,,6.0,0.2,4.410169491525424
1070712,Josko Gvardiol,False,male,2002-01-23 00:00:00+00:00,8456,Manchester City,False,Center Back,centerback,185,cm,77,kg,Croatia,6.2526315789473665,3.0,4.0,,2028-06-30 00:00:00+00:00,,,7.0,0.75,4.826315789473683
1077684,Ivor Pandur,False,male,2000-03-25 00:00:00+00:00,8548,Rangers,False,Keeper,keeper_long,187,cm,76,kg,Croatia,5.426984126984126,0.0,0.0,,2030-05-31 00:00:00+00:00,,,0.0,,2.713492063492063
1186228,Josip Sutalo,False,male,2000-02-28 00:00:00+00:00,8593,Ajax,False,Center Back,centerback,190,cm,82,kg,Croatia,5.652083333333334,0.0,0.0,,2028-06-30 00:00:00+00:00,,,0.0,,2.826041666666667
1199714,Marco Pasalic,False,male,2000-09-14 00:00:00+00:00,267810,Orlando City,False,Right Midfielder,rightmidfielder,177,cm,69,kg,Croatia,5.640909090909091,6.0,3.0,,2027-12-31 00:00:00+00:00,,,9.0,2.0,5.220454545454546
1210893,Igor Matanovic,False,male,2003-03-31 00:00:00+00:00,8358,Freiburg,False,Striker,striker,194,cm,90,kg,Croatia,5.82295081967213,16.0,4.0,,,,,20.0,4.0,8.511475409836065
1215064,Martin Baturina,False,male,2003-02-16 00:00:00+00:00,10171,Como,False,Left Winger,leftwinger,172,cm,68,kg,Croatia,4.910526315789474,10.0,4.0,,2030-06-30 00:00:00+00:00,,,14.0,2.5,6.255263157894737
1300358,Toni Fruk,False,male,2001-03-09 00:00:00+00:00,10162,Rijeka,False,Attacking Midfielder,centerattackingmidfielder,178,cm,74,kg,Croatia,5.3646153846153855,20.0,4.0,,2027-06-15 00:00:00+00:00,,,24.0,5.0,9.482307692307693
1382000,Petar Sucic,False,male,2003-10-25 00:00:00+00:00,8636,Inter,False,Central Midfielder,centermidfielder,183,cm,75,kg,Croatia,5.605714285714286,5.0,5.0,,2030-06-30 00:00:00+00:00,,,10.0,1.0,5.3028571428571425
1413996,Luka Vuskovic,False,male,2007-02-24 00:00:00+00:00,10204,Brighton & Hove Albion,False,Center Back,centerback,193,cm,85,kg,Croatia,5.307843137254902,7.0,0.0,35441761.0,2031-06-30 00:00:00+00:00,,,7.0,,4.753921568627451
163670,Ivan Perisic,False,male,1989-02-02 00:00:00+00:00,8640,PSV Eindhoven,False,Left Winger,leftwinger,186,cm,81,kg,Croatia,7.15593220338983,13.0,17.0,,2027-06-30 00:00:00+00:00,,,30.0,0.7647058823529411,10.877966101694916
173461,Andrej Kramaric,False,male,1991-06-19 00:00:00+00:00,8226,Hoffenheim,False,Attacking Midfielder,centerattackingmidfielder,177,cm,73,kg,Croatia,6.563461538461538,18.0,8.0,,2028-06-30 00:00:00+00:00,,,26.0,2.25,10.281730769230768
239219,Mateo Kovacic,False,male,1994-05-06 00:00:00+00:00,8456,Manchester City,False,Defensive Midfielder,centerdefensivemidfielder,178,cm,78,kg,Croatia,3.574074074074074,0.0,2.0,,2027-06-30 00:00:00+00:00,,,2.0,0.0,2.187037037037037
251269,Ante Budimir,False,male,1991-07-22 00:00:00+00:00,8371,Osasuna,False,Striker,striker,190,cm,75,kg,Croatia,6.183333333333333,20.0,1.0,,2027-06-30 00:00:00+00:00,,,21.0,20.0,9.291666666666666
31097,Luka Modric,False,male,1985-09-09 00:00:00+00:00,8564,Milan,False,Central Midfielder,centermidfielder,172,cm,66,kg,Croatia,6.589285714285714,3.0,5.0,,,,,8.0,0.6,5.194642857142857
383971,Dominik Livakovic,False,male,1995-01-09 00:00:00+00:00,8695,Fenerbahçe,False,Keeper,keeper_long,188,cm,82,kg,Croatia,3.9362068965517243,0.0,0.0,,2028-06-30 00:00:00+00:00,,,0.0,,1.9681034482758621
446266,Mario Pasalic,False,male,1995-02-09 00:00:00+00:00,8524,Atalanta,False,Defensive Midfielder,centerdefensivemidfielder,186,cm,88,kg,Croatia,5.631428571428572,11.0,6.0,,2028-06-30 00:00:00+00:00,,,17.0,1.8333333333333333,7.315714285714286
557677,Nikola Vlasic,False,male,1997-10-04 00:00:00+00:00,9804,Torino,False,Attacking Midfielder,centerattackingmidfielder,178,cm,72,kg,Croatia,6.5092592592592595,12.0,5.0,,2027-06-30 00:00:00+00:00,,,17.0,2.4,7.854629629629629
557799,Duje Caleta-Car,False,male,1996-09-17 00:00:00+00:00,9748,Lyon,False,Center Back,centerback,186,cm,78,kg,Croatia,4.360714285714286,1.0,0.0,,,,,1.0,,2.4803571428571427
616170,Martin Erlic,False,male,1998-01-24 00:00:00+00:00,8113,FC Midtjylland,False,Center Back,centerback,192,cm,78,kg,Croatia,4.510169491525424,7.0,1.0,,2030-06-30 00:00:00+00:00,,,8.0,7.0,4.555084745762712
641595,Nikola Moro,False,male,1998-03-12 00:00:00+00:00,9857,Bologna,False,Defensive Midfielder,centerdefensivemidfielder,183,cm,77,kg,Croatia,4.668571428571429,2.0,1.0,,2027-06-30 00:00:00+00:00,,,3.0,2.0,3.134285714285715
643448,Kristijan Jakic,False,male,1997-05-14 00:00:00+00:00,8406,Augsburg,False,Defensive Midfielder,centerdefensivemidfielder,181,cm,75,kg,Croatia,5.245652173913044,4.0,1.0,,2028-06-30 00:00:00+00:00,,,5.0,4.0,4.022826086956522
709796,Petar Musa,False,male,1998-03-04 00:00:00+00:00,6399,FC Dallas,False,Striker,striker,190,cm,81,kg,Croatia,6.736111111111111,24.0,4.0,,2027-12-31 00:00:00+00:00,,,28.0,6.0,11.368055555555555
831474,Marin Pongracic,False,male,1997-09-11 00:00:00+00:00,8535,Fiorentina,False,Center Back,centerback,189,cm,95,kg,Croatia,6.023880597014924,1.0,0.0,,2029-06-30 00:00:00+00:00,,,1.0,,3.3119402985074617
873557,Dominik Kotarski,False,male,2000-02-10 00:00:00+00:00,8391,FC København,False,Keeper,keeper_long,186,cm,82,kg,Croatia,5.727419354838709,0.0,1.0,,2030-06-30 00:00:00+00:00,,,1.0,0.0,3.0637096774193546
950824,Josip Stanisic,False,male,2000-04-02 00:00:00+00:00,9823,Bayern München,False,Right Back,rightback,186,cm,79,kg,Croatia,7.0,3.0,9.0,,2029-06-30 00:00:00+00:00,,,12.0,0.3333333333333333,6.2
959597,Luka Sucic,False,male,2002-09-08 00:00:00+00:00,8560,Real Sociedad,False,Attacking Midfielder,centerattackingmidfielder,185,cm,77,kg,Croatia,3.919230769230769,5.0,3.0,,2029-06-30 00:00:00+00:00,,,8.0,1.6666666666666667,4.059615384615384
1001335,Nabil Emad Dunga,False,male,1996-04-06 00:00:00+00:00,1523707,Al Najma,False,Central Midfielder,centermidfielder,179,cm,74,kg,Egypt,4.875675675675676,0.0,1.0,,,,,1.0,0.0,2.637837837837838
1022128,Hamdi Fathy,False,male,1994-09-29 00:00:00+00:00,101901,Al-Wakrah,False,Center Back,centerback,180,cm,80,kg,Egypt,5.389473684210526,2.0,0.0,,2027-06-30 00:00:00+00:00,,,2.0,,3.294736842105263
1179331,Mohamed Abdelmonem,False,male,1999-02-01 00:00:00+00:00,9831,Nice,False,Center Back,centerback,183,cm,75,kg,Egypt,2.375,0.0,0.0,,2028-06-30 00:00:00+00:00,Muscle injury,,0.0,,1.1875
1228546,Mostafa Ahmed Shobeir,False,male,2000-03-17 00:00:00+00:00,101745,Al Ahly SC,False,Keeper,keeper_long,185,cm,77,kg,Egypt,3.8446428571428575,0.0,0.0,,,,,0.0,,1.9223214285714287
1272436,Ibrahim Adel,False,male,2001-04-23 00:00:00+00:00,10202,Nordsjælland,False,Left Winger,leftwinger,178,cm,70,kg,Egypt,3.979545454545455,4.0,1.0,,2029-06-30 00:00:00+00:00,,,5.0,4.0,3.3897727272727276
1291391,Mahmoud Saber,False,male,2001-07-30 00:00:00+00:00,517894,Pyramids FC,False,Central Midfielder,centermidfielder,170,cm,68,kg,Egypt,4.428846153846154,8.0,7.0,,2029-06-30 00:00:00+00:00,,,15.0,1.1428571428571428,6.014423076923077
1384425,Hossam Abdelmaguid,False,male,2001-04-30 00:00:00+00:00,80591,Zamalek SC,False,Center Back,centerback,193,cm,80,kg,Egypt,5.4448275862068956,6.0,0.0,,,,,6.0,,4.522413793103448
1418549,Marwan Ateya,False,male,1998-08-12 00:00:00+00:00,101745,Al Ahly SC,False,Defensive Midfielder,centerdefensivemidfielder,170,cm,77,kg,Egypt,6.5265306122448985,1.0,3.0,,2029-06-30 00:00:00+00:00,,,4.0,0.3333333333333333,4.163265306122449
1426403,Mostafa Ziko,False,male,1997-04-27 00:00:00+00:00,517894,Pyramids FC,False,Left Winger,leftwinger,179,cm,72,kg,Egypt,5.180851063829787,13.0,5.0,,,,,18.0,2.6,7.490425531914894
1689101,Tarek Alaa,False,male,2002-01-05 00:00:00+00:00,517894,Pyramids FC,False,Right Back,rightback,178,cm,72,kg,Egypt,3.7766666666666664,0.0,1.0,,2029-06-30 00:00:00+00:00,,,1.0,0.0,2.0883333333333334
1689371,Mohamed Alaa,False,male,1999-09-01 00:00:00+00:00,178268,El Gouna FC,False,Keeper,keeper_long,188,cm,83,kg,Egypt,5.439473684210527,0.0,0.0,249585.0,2027-06-30 00:00:00+00:00,,,0.0,,2.7197368421052635
1708842,Hamza Abdelkarim,False,male,2008-01-01 00:00:00+00:00,161774,Barca Atletic,False,Striker,striker,182,cm,76,kg,Egypt,1.7142857142857142,2.0,0.0,,,,,2.0,,1.457142857142857
292462,Mohamed Salah,False,male,1992-06-15 00:00:00+00:00,,,,Right Winger,rightwinger,175,cm,79,kg,Egypt,6.275,21.0,13.0,,,,,34.0,1.6153846153846154,12.0375
505872,Ramy Rabia,False,male,1993-05-20 00:00:00+00:00,102117,Al-Ain,False,Center Back,centerback,183,cm,77,kg,Egypt,4.647826086956522,3.0,1.0,,,,,4.0,3.0,3.423913043478261
513492,Trezeguet,False,male,1994-10-01 00:00:00+00:00,101745,Al Ahly SC,False,Left Winger,leftwinger,181,cm,77,kg,Egypt,6.345833333333334,19.0,3.0,,,,,22.0,6.333333333333333,9.472916666666666
532766,Zizo,False,male,1996-01-10 00:00:00+00:00,101745,Al Ahly SC,False,Right Winger,rightwinger,180,cm,67,kg,Egypt,5.277083333333334,6.0,13.0,,2030-06-30 00:00:00+00:00,,,19.0,0.46153846153846156,7.038541666666667
533403,Yasser Ibrahim,False,male,1993-02-10 00:00:00+00:00,101745,Al Ahly SC,False,Center Back,centerback,185,cm,77,kg,Egypt,6.484444444444444,4.0,0.0,,2027-06-30 00:00:00+00:00,,,4.0,,4.442222222222222
546550,Mohamed El Shenawy,False,male,1988-12-18 00:00:00+00:00,101745,Al Ahly SC,False,Keeper,keeper_long,191,cm,86,kg,Egypt,3.1098039215686275,0.0,0.0,,2027-06-30 00:00:00+00:00,,,0.0,,1.5549019607843138
560416,Karim Hafez,False,male,1996-03-12 00:00:00+00:00,517894,Pyramids FC,False,Left Back,leftback,175,cm,52,kg,Egypt,5.1925,3.0,4.0,,2027-06-30 00:00:00+00:00,,,7.0,0.75,4.29625
653688,Al Mahdi Soliman,False,male,1987-06-08 00:00:00+00:00,80591,Zamalek SC,False,Keeper,keeper_long,189,cm,78,kg,Egypt,3.15945945945946,0.0,0.0,,2027-06-30 00:00:00+00:00,,,0.0,,1.57972972972973
660213,Mohamed Hany,False,male,1996-02-02 00:00:00+00:00,101745,Al Ahly SC,False,Right Back,rightback,180,cm,87,kg,Egypt,6.362264150943396,0.0,10.0,,2027-06-30 00:00:00+00:00,,,10.0,0.0,5.181132075471698
839204,Omar Marmoush,False,male,1999-02-07 00:00:00+00:00,8456,Manchester City,False,Striker,striker,183,cm,73,kg,Egypt,4.490625,13.0,3.0,,2029-06-30 00:00:00+00:00,,,16.0,4.333333333333333,6.745312499999999
849334,Ahmed Abou El Fotouh,False,male,1998-03-22 00:00:00+00:00,80591,Zamalek SC,False,Left Back,leftback,175,cm,69,kg,Egypt,5.4750000000000005,1.0,5.0,,2027-06-30 00:00:00+00:00,Hamstring injury,,6.0,0.2,4.0375
906944,Mohanad Lasheen,False,male,1996-05-29 00:00:00+00:00,517894,Pyramids FC,False,Defensive Midfielder,centerdefensivemidfielder,179,cm,73,kg,Egypt,6.2875000000000005,0.0,2.0,,2027-06-30 00:00:00+00:00,,,2.0,0.0,3.54375
971787,Haissem Hassan,False,male,2002-02-08 00:00:00+00:00,8670,Real Oviedo,False,Right Winger,rightwinger,173,cm,69,kg,Egypt,5.883673469387755,0.0,4.0,,2027-06-30 00:00:00+00:00,,,4.0,0.0,3.7418367346938775
979376,Emam Ashour,False,male,1998-02-20 00:00:00+00:00,101745,Al Ahly SC,False,Attacking Midfielder,centerattackingmidfielder,181,cm,74,kg,Egypt,6.611111111111111,4.0,8.0,,2028-06-30 00:00:00+00:00,,,12.0,0.5,6.105555555555556
1050160,Sontje Hansen,False,male,2002-05-18 00:00:00+00:00,8549,Middlesbrough,False,Right Winger,rightwinger,172,cm,65,kg,Curacao,2.4928571428571433,2.0,0.0,,2029-06-30 00:00:00+00:00,,,2.0,,1.8464285714285715
1125997,Shurandy Sambo,False,male,2001-08-19 00:00:00+00:00,8191,Burnley,False,Right Back,rightback,174,cm,70,kg,Curacao,4.982222222222222,0.0,1.0,,2028-06-30 00:00:00+00:00,,,1.0,0.0,2.6911111111111112
1180735,Arjany Martha,False,male,2003-09-04 00:00:00+00:00,8119,Rotherham United,False,Right Winger,rightwinger,180,cm,73,kg,Curacao,5.464406779661017,4.0,3.0,,,,,7.0,1.3333333333333333,4.532203389830508
1180784,Jearl Margaritha,False,male,2000-04-10 00:00:00+00:00,8475,SK Beveren,False,Left Winger,leftwinger,181,cm,73,kg,Curaçao,6.4234042553191495,7.0,14.0,,2028-06-30 00:00:00+00:00,,,21.0,0.5,8.111702127659575
1210947,Jeremy Antonisse,False,male,2002-03-29 00:00:00+00:00,488099,Kifisia FC,False,Left Winger,leftwinger,180,cm,75,kg,Curacao,6.236363636363637,1.0,3.0,,,,,4.0,0.3333333333333333,4.0181818181818185
1240833,Tyrick Bodak,False,male,2002-05-15 00:00:00+00:00,6414,Telstar,False,keeper,,190,cm,83,kg,Curacao,0.0,0.0,0.0,,,,,0.0,,0.0
1243246,Livano Comenencia,False,male,2004-02-03 00:00:00+00:00,10243,FC Zürich,False,Central Midfielder,centermidfielder,191,cm,83,kg,Curacao,5.968421052631579,2.0,0.0,,2029-06-30 00:00:00+00:00,,,2.0,,3.5842105263157897
1335315,Deveron Fonville,False,male,2003-05-16 00:00:00+00:00,8464,NEC Nijmegen,False,Center Back,centerback,178,cm,77,kg,Curacao,5.776744186046511,0.0,4.0,,2029-06-30 00:00:00+00:00,,,4.0,0.0,3.688372093023256
1439121,Tyrese Noslin,False,male,2002-09-11 00:00:00+00:00,8283,Barnsley,False,Right Wing-Back,right_wing_back,182,cm,73,kg,Curacao,6.092156862745098,4.0,4.0,974002.0,2029-06-30 00:00:00+00:00,,,8.0,1.0,5.046078431372549
150242,Eloy Room,False,male,1989-02-06 00:00:00+00:00,721896,Miami FC,False,Keeper,keeper_long,189,cm,79,kg,Curacao,6.7807692307692315,0.0,0.0,,2026-11-30 00:00:00+00:00,,,0.0,,3.3903846153846158
183500,Leandro Bacuna,False,male,1991-08-21 00:00:00+00:00,1281818,Igdir FK,False,Central Midfielder,centermidfielder,187,cm,77,kg,Curacao,6.501999999999999,10.0,5.0,,2027-06-30 00:00:00+00:00,,,15.0,2.0,7.2509999999999994
289441,Jürgen Locadia,False,male,1993-11-07 00:00:00+00:00,721896,Miami FC,False,Striker,striker,185,cm,79,kg,Curacao,6.7,7.0,3.0,,2026-11-30 00:00:00+00:00,,,10.0,2.3333333333333335,6.050000000000001
352358,Brandley Kuwas,False,male,1992-09-19 00:00:00+00:00,6601,FC Volendam,False,Striker,striker,178,cm,65,kg,Curacao,6.03720930232558,7.0,5.0,,,,,12.0,1.4,6.118604651162791
380942,Gervane Kastaneer,False,male,1996-06-09 00:00:00+00:00,165229,Terengganu,False,Striker,striker,176,cm,80,kg,Curacao,1.8652173913043477,4.0,2.0,,2027-05-31 00:00:00+00:00,,,6.0,2.0,2.532608695652174
389845,Joshua Brenet,False,male,1994-03-20 00:00:00+00:00,10182,Kayserispor,False,Right Back,rightback,181,cm,74,kg,Curacao,5.302631578947369,0.0,3.0,,2027-06-30 00:00:00+00:00,,,3.0,0.0,3.2513157894736846
467479,Riechedly Bazoer,False,male,1996-10-12 00:00:00+00:00,,,,Center Back,centerback,184,cm,74,kg,Curaçao,2.7474999999999996,0.0,0.0,,,,,0.0,,1.3737499999999998
614574,Juninho Bacuna,False,male,1997-08-07 00:00:00+00:00,4081,Gaziantep FK,False,Defensive Midfielder,centerdefensivemidfielder,178,cm,74,kg,Curacao,4.585106382978723,2.0,5.0,,2027-06-30 00:00:00+00:00,,,7.0,0.4,3.8925531914893616
643232,Kenji Gorré,False,male,1994-09-29 00:00:00+00:00,10185,Maccabi Haifa,False,Left Winger,leftwinger,174,cm,71,kg,Curaçao,5.886486486486485,6.0,7.0,,2027-06-30 00:00:00+00:00,,,13.0,0.8571428571428571,6.1432432432432424
671327,Sherel Floranus,False,male,1998-08-23 00:00:00+00:00,6413,PEC Zwolle,False,Left Back,leftback,181,cm,74,kg,Curacao,6.706666666666665,1.0,4.0,,2027-06-30 00:00:00+00:00,,,5.0,0.25,4.453333333333332
708738,Juriën Gaari,False,male,1993-12-23 00:00:00+00:00,150414,Abha,False,Center Back,centerback,183,cm,75,kg,Curaçao,4.404651162790698,0.0,0.0,,,,,0.0,,2.202325581395349
751066,Tahith Chong,False,male,1999-12-04 00:00:00+00:00,8657,Sheffield United,False,Right Midfielder,rightmidfielder,185,cm,75,kg,Curacao,4.467567567567568,3.0,2.0,,2029-06-30 00:00:00+00:00,,,5.0,1.5,3.5337837837837838
794244,Armando Obispo,False,male,1999-03-05 00:00:00+00:00,8640,PSV Eindhoven,False,Center Back,centerback,184,cm,79,kg,Curacao,4.025454545454545,2.0,1.0,,2027-06-30 00:00:00+00:00,,,3.0,2.0,2.812727272727273
873856,Trevor Doornbusch,False,male,1999-07-06 00:00:00+00:00,9839,VVV-Venlo,False,keeper,,188,cm,80,kg,Curacao,0.12244897959183673,0.0,0.0,,2027-06-30 00:00:00+00:00,,,0.0,,0.061224489795918366
875845,Kevin Felida,False,male,1999-11-11 00:00:00+00:00,9835,FC Den Bosch,False,Central Midfielder,centermidfielder,174,cm,73,kg,Curacao,5.917647058823529,4.0,3.0,,2027-06-30 00:00:00+00:00,,,7.0,1.3333333333333333,4.758823529411764
924844,Roshon van Eijma,False,male,1998-06-09 00:00:00+00:00,10219,RKC Waalwijk,False,Center Back,centerback,186,cm,79,kg,Curacao,5.083333333333333,1.0,0.0,,,,,1.0,,2.8416666666666663
938524,Godfried Roemeratoe,False,male,1999-08-19 00:00:00+00:00,10219,RKC Waalwijk,False,Central Midfielder,centermidfielder,180,cm,77,kg,Curacao,5.2057692307692305,0.0,2.0,,,,,2.0,0.0,3.002884615384615
1020026,Sebastián Cáceres,False,male,1999-08-18 00:00:00+00:00,6576,CF America,False,Center Back,centerback,180,cm,77,kg,Uruguay,5.810000000000001,1.0,0.0,,2027-06-30 00:00:00+00:00,,,1.0,,3.2050000000000005
1031656,Maxi Araújo,False,male,2000-02-15 00:00:00+00:00,9768,Sporting CP,False,Left Back,leftback,180,cm,78,kg,Uruguay,7.099999999999999,9.0,7.0,,2029-06-30 00:00:00+00:00,,,16.0,1.2857142857142858,7.6499999999999995
1032811,Federico Viñas,False,male,1998-06-30 00:00:00+00:00,1841,Leon,False,Striker,striker,180,cm,81,kg,Uruguay,6.511111111111111,10.0,4.0,,2027-12-31 00:00:00+00:00,,,14.0,2.5,7.055555555555555
1035614,Manuel Ugarte,False,male,2001-04-11 00:00:00+00:00,10260,Manchester United,False,Defensive Midfielder,centerdefensivemidfielder,182,cm,74,kg,Uruguay,3.2942307692307695,0.0,0.0,,2029-06-30 00:00:00+00:00,Cruciate ligament injury,March 2027,0.0,,1.6471153846153848
1053963,Juan Sanabria,False,male,2000-03-29 00:00:00+00:00,6606,Real Salt Lake,False,Left Back,leftback,172,cm,72,kg,Uruguay,6.173809523809524,3.0,9.0,,2030-06-30 00:00:00+00:00,,,12.0,0.3333333333333333,5.786904761904762
1070776,Rodrigo Zalazar,False,male,1999-08-12 00:00:00+00:00,9768,Sporting CP,False,Right Winger,rightwinger,178,cm,72,kg,Uruguay,5.738983050847458,23.0,9.0,20435681.0,2031-06-30 00:00:00+00:00,,,32.0,2.5555555555555554,11.569491525423729
1073402,Facundo Pellistri,False,male,2001-12-20 00:00:00+00:00,10200,Panathinaikos,False,Right Winger,rightwinger,174,cm,65,kg,Uruguay,4.407407407407407,0.0,2.0,,2028-06-30 00:00:00+00:00,,,2.0,0.0,2.6037037037037036
1137909,Emiliano Martínez,False,male,1999-08-17 00:00:00+00:00,10283,Palmeiras,False,Defensive Midfielder,centerdefensivemidfielder,185,cm,65,kg,Uruguay,3.2314285714285713,0.0,0.0,,2029-12-31 00:00:00+00:00,,,0.0,,1.6157142857142857
401095,Rodrigo Aguirre,False,male,1994-10-01 00:00:00+00:00,8561,Tigres,False,Striker,striker,182,cm,80,kg,Uruguay,5.7566037735849065,9.0,4.0,,2029-12-31 00:00:00+00:00,,,13.0,2.25,6.378301886792452
438647,Giorgian de Arrascaeta,False,male,1994-06-01 00:00:00+00:00,9770,Flamengo,False,Attacking Midfielder,centerattackingmidfielder,173,cm,73,kg,Uruguay,7.153448275862069,21.0,15.0,,2028-12-31 00:00:00+00:00,Calf injury,August 2026,36.0,1.4,12.876724137931035
465614,Guillermo Varela,False,male,1993-03-24 00:00:00+00:00,9770,Flamengo,False,Right Back,rightback,173,cm,73,kg,Uruguay,4.782857142857144,1.0,5.0,,2027-12-31 00:00:00+00:00,,,6.0,0.2,3.6914285714285717
474589,José Giménez,False,male,1995-01-20 00:00:00+00:00,9906,Atletico Madrid,False,Center Back,centerback,185,cm,77,kg,Uruguay,4.023255813953489,1.0,1.0,,2028-06-30 00:00:00+00:00,,,2.0,1.0,2.5116279069767447
553476,Sergio Rochet,False,male,1993-03-23 00:00:00+00:00,8702,Internacional,False,Keeper,keeper_long,189,cm,82,kg,Uruguay,5.397727272727272,0.0,0.0,,2026-12-31 00:00:00+00:00,Back injury,,0.0,,2.698863636363636
56829,Fernando Muslera,False,male,1986-06-16 00:00:00+00:00,10094,Estudiantes,False,Keeper,keeper_long,190,cm,84,kg,Uruguay,6.4734693877551015,0.0,0.0,,,,,0.0,,3.2367346938775508
620618,Rodrigo Bentancur,False,male,1997-06-25 00:00:00+00:00,8586,Tottenham Hotspur,False,Defensive Midfielder,centerdefensivemidfielder,187,cm,73,kg,Uruguay,6.78695652173913,1.0,1.0,,2029-06-30 00:00:00+00:00,,,2.0,1.0,3.893478260869565
729093,Mathías Olivera,False,male,1997-10-31 00:00:00+00:00,9875,Napoli,False,Center Back,centerback,185,cm,78,kg,Uruguay,4.826315789473685,0.0,2.0,,2030-06-30 00:00:00+00:00,,,2.0,0.0,2.8131578947368423
743533,Federico Valverde,False,male,1998-07-22 00:00:00+00:00,8633,Real Madrid,False,Right Back,rightback,182,cm,73,kg,Uruguay,7.412280701754386,10.0,13.0,,2029-06-30 00:00:00+00:00,,,23.0,0.7692307692307693,9.306140350877193
751198,Nicolás de la Cruz,False,male,1997-06-01 00:00:00+00:00,9770,Flamengo,False,Defensive Midfielder,centerdefensivemidfielder,167,cm,65,kg,Uruguay,3.8000000000000003,1.0,1.0,,2028-06-30 00:00:00+00:00,,,2.0,1.0,2.4000000000000004
840184,Matías Viña,False,male,1997-11-09 00:00:00+00:00,10076,River Plate,True,Left Back,leftback,180,cm,70,kg,Uruguay,2.93921568627451,0.0,0.0,,2028-12-31 00:00:00+00:00,,,0.0,,1.469607843137255
840212,Agustín Canobbio,False,male,1998-10-01 00:00:00+00:00,9863,Fluminense,False,Right Winger,rightwinger,175,cm,81,kg,Uruguay,6.813636363636364,14.0,5.0,,2028-12-31 00:00:00+00:00,,,19.0,2.8,8.606818181818182
848027,Santiago Mele,False,male,1997-09-06 00:00:00+00:00,7849,Monterrey,False,Keeper,keeper_long,184,cm,78,kg,Uruguay,2.654,0.0,0.0,,2029-06-30 00:00:00+00:00,,,0.0,,1.327
848034,Santiago Bueno,False,male,1998-11-09 00:00:00+00:00,8602,Wolverhampton Wanderers,False,Center Back,centerback,189,cm,71,kg,Uruguay,4.3945454545454545,4.0,1.0,,2028-06-30 00:00:00+00:00,,,5.0,4.0,3.5972727272727276
861661,Joaquín Piquerez,False,male,1998-08-24 00:00:00+00:00,10283,Palmeiras,False,Left Back,leftback,184,cm,75,kg,Uruguay,5.845614035087719,1.0,4.0,,2030-12-31 00:00:00+00:00,,,5.0,0.25,4.022807017543859
921253,Ronald Araujo,False,male,1999-03-07 00:00:00+00:00,8634,Barcelona,False,Center Back,centerback,192,cm,80,kg,Uruguay,4.429310344827586,4.0,0.0,,2031-06-30 00:00:00+00:00,,,4.0,,3.4146551724137932
941660,Brian Rodríguez,False,male,2000-05-20 00:00:00+00:00,6576,CF America,False,Left Winger,leftwinger,174,cm,68,kg,Uruguay,6.254545454545453,12.0,11.0,,2029-06-30 00:00:00+00:00,,,23.0,1.0909090909090908,8.927272727272726
950561,Darwin Núñez,False,male,1999-06-24 00:00:00+00:00,2529,Al Hilal,False,Striker,striker,187,cm,81,kg,Uruguay,6.71875,10.0,6.0,,2028-06-30 00:00:00+00:00,,,16.0,1.6666666666666667,7.559375
1023943,Jacob Shaffelburg,False,male,1999-11-26 00:00:00+00:00,867280,Los Angeles FC,False,Left Winger,leftwinger,178,cm,71,kg,Canada,5.872972972972973,3.0,5.0,,2026-12-31 00:00:00+00:00,,,8.0,0.6,4.8364864864864865
1026105,Dayne St. Clair,False,male,1997-05-09 00:00:00+00:00,960720,Inter Miami CF,False,Keeper,keeper_long,191,cm,84,kg,Canada,5.378181818181817,0.0,0.0,,2026-12-31 00:00:00+00:00,,,0.0,,2.6890909090909085
1026135,Tajon Buchanan,False,male,1999-02-08 00:00:00+00:00,10205,Villarreal,False,Right Midfielder,rightmidfielder,183,cm,77,kg,Canada,5.828125,7.0,1.0,,2030-06-30 00:00:00+00:00,,,8.0,7.0,5.2140625
1055426,Alistair Johnston,False,male,1998-10-08 00:00:00+00:00,9925,Celtic,False,Right Back,rightback,180,cm,73,kg,Canada,6.344444444444445,1.0,2.0,,2029-06-30 00:00:00+00:00,,,3.0,0.5,3.8722222222222222
1082106,Jayden Nelson,False,male,2002-09-26 00:00:00+00:00,1218886,Austin FC,False,Left Winger,leftwinger,170,cm,66,kg,Canada,4.634090909090909,4.0,3.0,,2028-12-31 00:00:00+00:00,,,7.0,1.3333333333333333,4.117045454545455
1100258,Joel Waterman,False,male,1996-01-24 00:00:00+00:00,6397,Chicago Fire FC,False,Center Back,centerback,188,cm,75,kg,Canada,4.6173913043478265,1.0,0.0,,2027-12-31 00:00:00+00:00,,,1.0,,2.608695652173913
1216798,Nathan Saliba,False,male,2004-02-07 00:00:00+00:00,8635,Anderlecht,False,Defensive Midfielder,centerdefensivemidfielder,173,cm,67,kg,Canada,5.527868852459016,6.0,3.0,,2029-06-30 00:00:00+00:00,,,9.0,2.0,5.163934426229508
1252132,Promise David,False,male,2001-07-03 00:00:00+00:00,7978,Union St.Gilloise,False,Striker,striker,196,cm,83,kg,Canada,5.994000000000001,17.0,3.0,,2029-06-30 00:00:00+00:00,,,20.0,5.666666666666667,8.697
1288119,Ismaël Koné,False,male,2002-06-16 00:00:00+00:00,7943,Sassuolo,False,Central Midfielder,centermidfielder,188,cm,75,kg,Canada,6.558000000000002,7.0,0.0,,2030-06-30 00:00:00+00:00,Broken ankle,October 2026,7.0,,5.379000000000001
1338740,Tani Oluwaseyi,False,male,2000-05-15 00:00:00+00:00,10205,Villarreal,False,Striker,striker,188,cm,79,kg,Canada,4.7714285714285705,10.0,5.0,,2030-06-30 00:00:00+00:00,,,15.0,2.0,6.385714285714285
1359536,Ali Ahmed,False,male,2000-10-10 00:00:00+00:00,9850,Norwich City,False,Left Winger,leftwinger,180,cm,68,kg,Canada,6.8040816326530615,8.0,10.0,,2029-06-30 00:00:00+00:00,,,18.0,0.8,7.802040816326531
1399943,Luc De Fougerolles,False,male,2005-10-12 00:00:00+00:00,860801,Fulham U21,False,Center Back,centerback,183,cm,72,kg,Canada,5.793181818181819,0.0,1.0,,2029-06-30 00:00:00+00:00,,,1.0,0.0,3.0965909090909096
1415372,Owen Goodman,False,male,2003-11-27 00:00:00+00:00,1183385,Crystal Palace U18,False,Keeper,keeper_long,193,cm,87,kg,Canada,3.48030303030303,0.0,0.0,,,,,0.0,,1.740151515151515
1440009,Moïse Bombito,False,male,2000-03-30 00:00:00+00:00,9831,Nice,False,Center Back,centerback,191,cm,85,kg,Canada,3.141666666666667,0.0,0.0,,2028-06-30 00:00:00+00:00,,,0.0,,1.5708333333333335
1494508,Niko Sigur,False,male,2003-09-09 00:00:00+00:00,10154,Hajduk Split,False,Right Back,rightback,180,cm,77,kg,Canada,5.7,2.0,3.0,,2028-05-31 00:00:00+00:00,,,5.0,0.6666666666666666,4.050000000000001
432605,Jonathan Osorio,False,male,1992-06-12 00:00:00+00:00,56453,Toronto FC,False,Defensive Midfielder,centerdefensivemidfielder,175,cm,69,kg,Canada,5.575,3.0,4.0,,2026-12-31 00:00:00+00:00,,,7.0,0.75,4.4875
464919,Maxime Crépeau,False,male,1994-05-11 00:00:00+00:00,267810,Orlando City,False,Keeper,keeper_long,185,cm,77,kg,Canada,4.233333333333333,0.0,0.0,,2028-06-30 00:00:00+00:00,,,0.0,,2.1166666666666667
544312,Cyle Larin,False,male,1995-04-17 00:00:00+00:00,8466,Southampton,False,Striker,striker,187,cm,86,kg,Canada,4.9603773584905655,12.0,2.0,,2028-06-30 00:00:00+00:00,,,14.0,6.0,6.480188679245282
729506,Richie Laryea,False,male,1995-01-07 00:00:00+00:00,56453,Toronto FC,False,Left Back,leftback,175,cm,68,kg,Canada,7.062162162162163,3.0,2.0,,2026-12-31 00:00:00+00:00,,,5.0,1.5,4.831081081081082
751202,Alphonso Davies,False,male,2000-11-02 00:00:00+00:00,9823,Bayern München,False,Left Back,leftback,183,cm,72,kg,Canada,5.2250000000000005,1.0,5.0,,2030-06-30 00:00:00+00:00,,,6.0,0.2,3.9125
789598,Alfie Jones,False,male,1997-10-07 00:00:00+00:00,8549,Middlesbrough,False,Center Back,centerback,191,cm,76,kg,Canada,5.955172413793103,1.0,1.0,,2029-06-30 00:00:00+00:00,,,2.0,1.0,3.4775862068965515
816223,Stephen Eustaquio,False,male,1996-12-21 00:00:00+00:00,9773,FC Porto,False,Central Midfielder,centermidfielder,178,cm,66,kg,Canada,4.348275862068966,2.0,1.0,,2027-06-30 00:00:00+00:00,,,3.0,2.0,2.974137931034483
847629,Derek Cornelius,False,male,1997-11-25 00:00:00+00:00,8592,Marseille,False,Center Back,centerback,187,cm,86,kg,Canada,5.121212121212121,2.0,1.0,,2028-06-30 00:00:00+00:00,,,3.0,2.0,3.360606060606061
932308,Liam Millar,False,male,1999-09-27 00:00:00+00:00,8667,Hull City,False,Left Winger,leftwinger,185,cm,75,kg,Canada,6.151999999999999,3.0,5.0,,2027-06-30 00:00:00+00:00,,,8.0,0.6,4.975999999999999
939569,Jonathan David,False,male,2000-01-14 00:00:00+00:00,9885,Juventus,False,Striker,striker,175,cm,73,kg,Canada,5.730882352941177,15.0,6.0,,2030-06-30 00:00:00+00:00,,,21.0,2.5,8.56544117647059
943428,Mathieu Choinière,False,male,1999-02-07 00:00:00+00:00,867280,Los Angeles FC,False,Central Midfielder,centermidfielder,175,cm,69,kg,Canada,5.444444444444445,3.0,3.0,,2028-12-31 00:00:00+00:00,,,6.0,1.0,4.222222222222222
1028896,Ali Olwan,False,male,2000-03-26 00:00:00+00:00,101905,Al-Sailiya,False,Striker,striker,182,cm,81,kg,Jordan,5.3999999999999995,9.0,0.0,,,,,9.0,,5.3999999999999995
1033300,Mo Abualnadi,False,male,2001-02-08 00:00:00+00:00,1515102,Corvinul Hunedoara,False,Center Back,centerback,185,cm,78,kg,Jordan,2.834782608695653,0.0,0.0,,2028-06-30 00:00:00+00:00,,,0.0,,1.4173913043478266
1036253,Noor Al Rawabdeh,False,male,1997-02-24 00:00:00+00:00,165223,Selangor,False,Central Midfielder,centermidfielder,182,cm,75,kg,Jordan,3.1666666666666665,0.0,1.0,,,,,1.0,0.0,1.7833333333333332
1059129,Mohammad Abuzraiq,False,male,1997-12-30 00:00:00+00:00,102049,Raja Casablanca,False,Right Winger,rightwinger,169,cm,61,kg,Jordan,1.2838709677419355,2.0,2.0,,,,,4.0,1.0,1.6419354838709679
1179369,Saed Al-Rosan,False,male,1997-02-01 00:00:00+00:00,101684,Ethad All Ramtha,False,Center Back,centerback,186,cm,80,kg,Jordan,4.908695652173914,1.0,0.0,,,,,1.0,,2.7543478260869567
1195369,Nizar Al Rashdan,False,male,1999-03-23 00:00:00+00:00,101900,Qatar SC,False,Central Midfielder,centermidfielder,183,cm,74,kg,Jordan,5.5323529411764705,4.0,1.0,,,,,5.0,4.0,4.166176470588235
1202924,Ibrahim Saadeh,False,male,2000-04-27 00:00:00+00:00,101686,Al-Jazeera,False,Central Midfielder,centermidfielder,182,cm,75,kg,Jordan,2.788235294117647,0.0,0.0,,,,,0.0,,1.3941176470588235
1213678,Amer Jamous,False,male,2002-07-03 00:00:00+00:00,101659,Al Zawraa,False,Central Midfielder,centermidfielder,177,cm,74,kg,Jordan,4.3999999999999995,3.0,1.0,,,,,4.0,3.0,3.3
1247001,Mohannad Abu Taha,False,male,2003-02-02 00:00:00+00:00,101656,Al Quwa Al Jawiya,False,Left Wing-Back,left_wing_back,173,cm,76,kg,Jordan,6.1066666666666665,1.0,1.0,,,,,2.0,1.0,3.5533333333333332
1312681,Abdallah Nasib,False,male,1994-02-25 00:00:00+00:00,101688,Al-Hussein SC,False,Center Back,centerback,185,cm,78,kg,Jordan,4.859090909090909,0.0,0.0,,,,,0.0,,2.4295454545454547
1350517,Mohammad Abu Hasheesh,False,male,1995-05-09 00:00:00+00:00,191814,Zakho,False,Left Midfielder,leftmidfielder,177,cm,74,kg,Jordan,2.84375,1.0,0.0,,,,,1.0,,1.721875
1554109,Husam Abu Dahab,False,male,2000-05-13 00:00:00+00:00,101665,Al-Faisaly,False,Center Back,centerback,186,cm,79,kg,Jordan,4.228571428571429,0.0,0.0,,,,,0.0,,2.1142857142857143
1554110,Nour Bani Attiah,False,male,1993-01-25 00:00:00+00:00,101665,Al-Faisaly,False,Keeper,keeper_long,179,cm,74,kg,Jordan,0.98,0.0,0.0,,,,,0.0,,0.49
1642793,Ali Al-Azaizeh,False,male,2004-04-13 00:00:00+00:00,101718,Kazma,False,Right Midfielder,rightmidfielder,178,cm,74,kg,Jordan,3.835714285714286,6.0,1.0,,,,,7.0,6.0,3.9178571428571427
1823348,Odeh Fakhouri,False,male,2005-11-20 00:00:00+00:00,517894,Pyramids FC,False,Left Midfielder,leftmidfielder,180,cm,75,kg,Jordan,4.007142857142857,5.0,2.0,,,,,7.0,2.5,3.9035714285714285
1902793,Mohammad Abu Ghoush,False,male,2005-07-13 00:00:00+00:00,0,Shabab Al Ordon Al Quadisiya,False,defender,,183,cm,74,kg,Jordan,1.1583333333333334,0.0,1.0,,,,,1.0,0.0,0.7791666666666668
546201,Ehsan Haddad,False,male,1994-02-05 00:00:00+00:00,101688,Al-Hussein SC,False,Right Wing-Back,right_wing_back,185,cm,76,kg,Jordan,6.3999999999999995,0.0,1.0,,,,,1.0,0.0,3.4
546203,Rajaei Ayed,False,male,1993-07-25 00:00:00+00:00,101688,Al-Hussein SC,False,Central Midfielder,centermidfielder,179,cm,75,kg,Jordan,4.13,0.0,0.0,,,,,0.0,,2.065
600844,Mohammad Al-Daoud,False,male,1992-04-12 00:00:00+00:00,134185,Al-Salt,False,midfielder,,177,cm,73,kg,Jordan,2.033333333333333,0.0,0.0,,,,,0.0,,1.0166666666666666
674520,Mahmoud Al Mardi,False,male,1993-10-06 00:00:00+00:00,101688,Al-Hussein SC,False,Left Winger,leftwinger,179,cm,73,kg,Jordan,5.549999999999999,1.0,3.0,,,,,4.0,0.3333333333333333,3.6749999999999994
734654,Yazeed Abulaila,False,male,1993-01-08 00:00:00+00:00,101688,Al-Hussein SC,False,Keeper,keeper_long,188,cm,87,kg,Jordan,4.9739130434782615,0.0,1.0,,,,,1.0,0.0,2.686956521739131
813055,Mousa Tamari,False,male,1997-06-10 00:00:00+00:00,9851,Rennes,False,Left Midfielder,leftmidfielder,178,cm,66,kg,Jordan,6.323404255319147,8.0,12.0,,2028-06-30 00:00:00+00:00,,,20.0,0.6666666666666666,7.961702127659574
847766,Saleem Obaid,False,male,1992-01-17 00:00:00+00:00,101688,Al-Hussein SC,False,Center Back,centerback,187,cm,80,kg,Jordan,3.7,0.0,0.0,,,,,0.0,,1.85
852168,Yazan Al Arab,False,male,1996-01-31 00:00:00+00:00,92630,FC Seoul,False,Center Back,centerback,185,cm,87,kg,Jordan,6.089130434782608,2.0,1.0,,,,,3.0,2.0,3.8445652173913043
915790,Abdullah Al Fakhouri,False,male,2000-01-22 00:00:00+00:00,101690,Al-Wehdat,False,Keeper,keeper_long,188,cm,78,kg,Jordan,2.4916666666666667,0.0,0.0,,,,,0.0,,1.2458333333333333
1042511,Aimar Sher,False,male,2002-12-20 00:00:00+00:00,8509,Sarpsborg 08,False,Defensive Midfielder,centerdefensivemidfielder,175,cm,67,kg,Iraq,5.134285714285714,1.0,0.0,,2028-12-31 00:00:00+00:00,,,1.0,,2.867142857142857
1092563,Hussein Ali,False,male,2002-03-01 00:00:00+00:00,8023,Pogoń Szczecin,False,Right Back,rightback,180,cm,77,kg,Iraq,3.9382352941176473,2.0,0.0,,2028-06-30 00:00:00+00:00,,,2.0,,2.5691176470588237
1113688,Ali Al Hamadi,False,male,2002-03-01 00:00:00+00:00,9902,Ipswich Town,False,Striker,striker,187,cm,76,kg,Iraq,4.88,3.0,1.0,,2028-06-30 00:00:00+00:00,,,4.0,3.0,3.54
1132570,Ahmed Basil Fadhil,False,male,1996-08-19 00:00:00+00:00,101655,Al Shorta,False,Keeper,keeper_long,186,cm,80,kg,Iraq,3.8523809523809525,0.0,0.0,,,,,0.0,,1.9261904761904762
1132572,Ali Yousif,False,male,1996-01-19 00:00:00+00:00,101660,Al Talaba,False,forward,,180,cm,77,kg,Iraq,0.8857142857142858,1.0,0.0,,,,,1.0,,0.7428571428571429
1138592,Zidane Iqbal,False,male,2003-04-27 00:00:00+00:00,278960,Jong FC Utrecht,False,Defensive Midfielder,centerdefensivemidfielder,181,cm,73,kg,Iraq,4.622222222222224,1.0,1.0,,,,,2.0,1.0,2.811111111111112
1162514,Marko Lawk Farji,False,male,2004-03-16 00:00:00+00:00,7881,Venezia,False,Left Winger,leftwinger,184,cm,79,kg,Iraq,4.364864864864865,3.0,2.0,,2030-06-30 00:00:00+00:00,,,5.0,1.5,3.4824324324324323
1199113,Merchas Doski,False,male,1999-12-07 00:00:00+00:00,6033,Viktoria Plzen,False,Left Back,leftback,173,cm,68,kg,Iraq,5.8625,2.0,2.0,,2029-06-30 00:00:00+00:00,,,4.0,1.0,3.93125
1224691,Ahmed Qasem,False,male,2003-07-12 00:00:00+00:00,915807,Nashville SC,False,Left Midfielder,leftmidfielder,183,cm,76,kg,Iraq,4.776923076923077,2.0,1.0,,2027-12-31 00:00:00+00:00,,,3.0,2.0,3.1884615384615387
1235623,Youssef Amyn,False,male,2003-08-21 00:00:00+00:00,7797,AEK Larnaca,False,Right Midfielder,rightmidfielder,175,cm,69,kg,Iraq,2.8750000000000004,0.0,1.0,,2027-05-31 00:00:00+00:00,,,1.0,0.0,1.6375000000000002
1333336,Manaf Younis,False,male,1996-11-16 00:00:00+00:00,101655,Al Shorta,False,Center Back,centerback,190,cm,83,kg,Iraq,3.9500000000000006,0.0,0.0,,,,,0.0,,1.9750000000000003
1420369,Zaid Tahseen,False,male,2001-01-29 00:00:00+00:00,101656,Al Quwa Al Jawiya,False,Center Back,centerback,193,cm,84,kg,Iraq,4.958333333333333,0.0,1.0,,,,,1.0,0.0,2.6791666666666667
1478238,Ali Jasim,False,male,2004-01-20 00:00:00+00:00,10171,Como,False,Left Winger,leftwinger,178,cm,72,kg,Iraq,6.068292682926829,4.0,2.0,,2027-06-30 00:00:00+00:00,,,6.0,2.0,4.634146341463415
1554123,Mustafa Saadoun,False,male,2001-05-25 00:00:00+00:00,101655,Al Shorta,False,Right Back,rightback,182,cm,79,kg,Iraq,3.875,0.0,0.0,,,,,0.0,,1.9375
1606279,Akam Hashem,False,male,1998-08-16 00:00:00+00:00,101659,Al Zawraa,False,Center Back,centerback,184,cm,79,kg,Iraq,5.869565217391305,0.0,1.0,,,,,1.0,0.0,3.1347826086956525
1642810,Ahmed Maknzi,False,male,2001-09-24 00:00:00+00:00,1680577,Al-Karma,False,Left Back,leftback,183,cm,74,kg,Iraq,2.911111111111111,0.0,0.0,,,,,0.0,,1.4555555555555555
1642820,Zaid Ismael,False,male,2002-01-03 00:00:00+00:00,101660,Al Talaba,False,Central Midfielder,centermidfielder,185,cm,78,kg,Iraq,4.316666666666666,0.0,0.0,,,,,0.0,,2.158333333333333
320139,Frans Putros,False,male,1993-07-14 00:00:00+00:00,165196,Persib Bandung,False,Central Midfielder,centermidfielder,181,cm,78,kg,Iraq,1.728888888888889,2.0,1.0,,,,,3.0,2.0,1.6644444444444444
502481,Rebin Sulaka,False,male,1992-04-12 00:00:00+00:00,165255,Port FC,False,Center Back,centerback,192,cm,85,kg,Iraq,5.031578947368421,0.0,0.0,,2027-06-30 00:00:00+00:00,,,0.0,,2.5157894736842104
533495,Fahad Talib,False,male,1994-10-21 00:00:00+00:00,101660,Al Talaba,False,keeper,,193,cm,92,kg,Iraq,0.41764705882352937,0.0,0.0,,,,,0.0,,0.20882352941176469
578761,Jalal Hassan,False,male,1991-05-18 00:00:00+00:00,101659,Al Zawraa,False,Keeper,keeper_long,185,cm,78,kg,Iraq,4.460869565217392,0.0,0.0,,,,,0.0,,2.230434782608696
674332,Ayman Hussein,False,male,1996-03-22 00:00:00+00:00,1680577,Al-Karma,False,Striker,striker,189,cm,84,kg,Iraq,4.684615384615385,2.0,0.0,,,,,2.0,,2.9423076923076925
858340,Amir Al-Ammari,False,male,1997-07-27 00:00:00+00:00,2186,Cracovia,False,Central Midfielder,centermidfielder,180,cm,70,kg,Iraq,6.7727272727272725,2.0,6.0,,2027-06-30 00:00:00+00:00,,,8.0,0.3333333333333333,5.1863636363636365
926484,Mohanad Ali,False,male,2000-06-20 00:00:00+00:00,391664,Dibba Al Fujairah,False,Striker,striker,183,cm,76,kg,Iraq,5.513513513513513,12.0,1.0,,,,,13.0,12.0,6.556756756756756
941579,Kevin Yakob,False,male,2000-10-10 00:00:00+00:00,8071,AGF,False,Central Midfielder,centermidfielder,184,cm,77,kg,Iraq,5.0375000000000005,4.0,2.0,,2027-06-30 00:00:00+00:00,,,6.0,2.0,4.11875
942834,Ibrahim Bayesh,False,male,2000-05-01 00:00:00+00:00,102118,Al-Dhafra,False,Right Midfielder,rightmidfielder,183,cm,78,kg,Iraq,6.265625,1.0,2.0,,,,,3.0,0.5,3.8328124999999997
1013276,Callan Elliot,False,male,1999-07-07 00:00:00+00:00,1642068,Auckland FC,False,Right Back,rightback,177,cm,68,kg,New Zealand,5.1119047619047615,0.0,1.0,,2027-06-30 00:00:00+00:00,,,1.0,0.0,2.755952380952381
1034995,Ben Waine,False,male,2001-06-11 00:00:00+00:00,9799,Port Vale,False,Striker,striker,179,cm,71,kg,New Zealand,4.964705882352941,9.0,1.0,,,,,10.0,9.0,5.38235294117647
1053731,Nando Pijnaker,False,male,1999-02-25 00:00:00+00:00,1642068,Auckland FC,False,Center Back,centerback,191,cm,88,kg,New Zealand,4.929166666666667,0.0,0.0,,2027-06-30 00:00:00+00:00,,,0.0,,2.4645833333333336
1053736,Elijah Just,False,male,2000-05-01 00:00:00+00:00,9927,Motherwell,False,Attacking Midfielder,centerattackingmidfielder,174,cm,65,kg,New Zealand,6.506,11.0,7.0,,2027-05-31 00:00:00+00:00,,,18.0,1.5714285714285714,7.953
115025,Tommy Smith,False,male,1990-03-31 00:00:00+00:00,5763,Braintree Town,False,Center Back,centerback,185,cm,77,kg,New Zealand,0.403125,0.0,1.0,,,,,1.0,0.0,0.40156250000000004
1209597,Marko Stamenic,False,male,2002-02-19 00:00:00+00:00,10003,Swansea City,False,Defensive Midfielder,centerdefensivemidfielder,188,cm,79,kg,New Zealand,6.192452830188679,3.0,3.0,,2029-06-30 00:00:00+00:00,,,6.0,1.0,4.596226415094339
1257745,Benjamin Old,False,male,2002-08-13 00:00:00+00:00,9853,Saint-Etienne,False,Left Back,leftback,173,cm,68,kg,New Zealand,5.412499999999999,2.0,2.0,,2028-06-30 00:00:00+00:00,,,4.0,1.0,3.7062499999999994
1272118,Alex Paulsen,False,male,2002-07-04 00:00:00+00:00,9927,Motherwell,True,Keeper,keeper_long,183,cm,78,kg,New Zealand,4.592307692307692,0.0,0.0,1004887.0,2028-06-30 00:00:00+00:00,,,0.0,,2.296153846153846
128949,Michael Boxall,False,male,1988-08-18 00:00:00+00:00,207242,Minnesota United,False,Center Back,centerback,188,cm,93,kg,New Zealand,5.621621621621622,0.0,0.0,,2026-12-31 00:00:00+00:00,,,0.0,,2.810810810810811
1325761,Finn Surman,False,male,2003-09-23 00:00:00+00:00,307690,Portland Timbers,False,Center Back,centerback,190,cm,83,kg,New Zealand,6.467391304347826,2.0,1.0,,2026-12-31 00:00:00+00:00,,,3.0,2.0,4.033695652173913
1460327,Jesse Randall,False,male,2002-08-19 00:00:00+00:00,1642068,Auckland FC,False,Left Midfielder,leftmidfielder,176,cm,70,kg,New Zealand,6.5822222222222235,13.0,8.0,,,,,21.0,1.625,8.791111111111112
1565865,Lachlan Bayliss,False,male,2002-07-24 00:00:00+00:00,1642068,Auckland FC,False,Attacking Midfielder,centerattackingmidfielder,178,cm,75,kg,New Zealand,5.568421052631578,5.0,3.0,,2029-06-30 00:00:00+00:00,,,8.0,1.6666666666666667,4.884210526315789
169719,Chris Wood,False,male,1991-12-07 00:00:00+00:00,10203,Nottingham Forest,False,Striker,striker,191,cm,94,kg,New Zealand,5.471428571428572,7.0,2.0,,2027-06-30 00:00:00+00:00,,,9.0,3.5,5.235714285714287
315201,Max Crocombe,False,male,1993-08-12 00:00:00+00:00,10004,Millwall,False,Keeper,keeper_long,194,cm,88,kg,New Zealand,3.7919354838709682,0.0,0.0,,,,,0.0,,1.8959677419354841
324305,Tim Payne,False,male,1994-01-10 00:00:00+00:00,6619,Olimpia,False,Right Back,rightback,179,cm,73,kg,New Zealand,6.262962962962963,0.0,7.0,,,,,7.0,0.0,4.531481481481482
496356,Ryan Thomas,False,male,1994-12-20 00:00:00+00:00,6413,PEC Zwolle,False,Defensive Midfielder,centerdefensivemidfielder,174,cm,64,kg,New Zealand,6.510256410256409,1.0,1.0,,2028-06-30 00:00:00+00:00,,,2.0,1.0,3.7551282051282047
519240,Alex Rufer,False,male,1996-06-12 00:00:00+00:00,78785,Wellington Phoenix,False,Central Midfielder,centermidfielder,184,cm,75,kg,New Zealand,5.782857142857143,2.0,1.0,,,,,3.0,2.0,3.6914285714285717
676431,Logan Rogerson,False,male,1998-05-28 00:00:00+00:00,1642068,Auckland FC,False,Right Midfielder,rightmidfielder,182,cm,70,kg,New Zealand,5.7973684210526315,3.0,2.0,,2027-06-30 00:00:00+00:00,,,5.0,1.5,4.198684210526316
724531,Sarpreet Singh,False,male,1999-02-20 00:00:00+00:00,676140,TSC Backa Topola,False,Attacking Midfielder,centerattackingmidfielder,180,cm,71,kg,New Zealand,5.1187499999999995,2.0,2.0,,,,,4.0,1.0,3.5593749999999997
825593,Francis de Vries,False,male,1994-11-28 00:00:00+00:00,1642068,Auckland FC,False,Left Back,leftback,188,cm,80,kg,New Zealand,6.984999999999999,1.0,10.0,,2029-06-30 00:00:00+00:00,,,11.0,0.1,5.7924999999999995
848317,Michael Woud,False,male,1999-01-16 00:00:00+00:00,1642068,Auckland FC,False,Keeper,keeper_long,196,cm,89,kg,New Zealand,5.782500000000001,0.0,1.0,,2027-06-30 00:00:00+00:00,,,1.0,0.0,3.0912500000000005
848345,Joe Bell,False,male,1999-04-27 00:00:00+00:00,8478,Viking,False,Defensive Midfielder,centerdefensivemidfielder,182,cm,79,kg,New Zealand,5.878378378378379,1.0,5.0,,2027-12-31 00:00:00+00:00,,,6.0,0.2,4.239189189189189
848352,Callum McCowatt,False,male,1999-04-30 00:00:00+00:00,8415,Silkeborg,False,Attacking Midfielder,centerattackingmidfielder,179,cm,74,kg,New Zealand,6.925,12.0,5.0,,2027-12-31 00:00:00+00:00,,,17.0,2.4,8.0625
919671,Liberato Cacace,False,male,2000-09-27 00:00:00+00:00,9841,Wrexham,False,Left Wing-Back,left_wing_back,184,cm,72,kg,New Zealand,4.016,1.0,0.0,,2028-06-30 00:00:00+00:00,,,1.0,,2.308
96488,Kosta Barbarouses,False,male,1990-02-19 00:00:00+00:00,323834,Western Sydney Wanderers FC,False,Striker,striker,171,cm,68,kg,New Zealand,5.579411764705882,6.0,1.0,,,,,7.0,6.0,4.7897058823529415
1054027,Carlos Dos Santos,False,male,2000-08-24 00:00:00+00:00,1701119,San Diego FC,False,Keeper,keeper_long,194,cm,87,kg,Cape Verde,2.675,0.0,0.0,,2027-12-31 00:00:00+00:00,,,0.0,,1.3375
1165477,Telmo Arcanjo,False,male,2001-06-21 00:00:00+00:00,7844,Vitoria de Guimaraes,False,Right Winger,rightwinger,180,cm,79,kg,Cape Verde,4.61,3.0,0.0,,2027-06-30 00:00:00+00:00,Hamstring injury,July 2026,3.0,,3.205
1175733,Kelvin Pires,False,male,2000-06-05 00:00:00+00:00,162162,SJK,False,Center Back,centerback,193,cm,85,kg,Cape Verde,4.811428571428572,2.0,1.0,,2026-12-31 00:00:00+00:00,,,3.0,2.0,3.2057142857142864
1205410,Yannick Semedo,False,male,1995-12-29 00:00:00+00:00,6004,Farense,False,Central Midfielder,centermidfielder,171,cm,69,kg,Cape Verde,0.6045454545454546,0.0,3.0,,,,,3.0,0.0,0.9022727272727273
1241301,João Paulo,False,male,1998-05-26 00:00:00+00:00,9723,FCSB,False,Left Back,leftback,180,cm,72,kg,Cape Verde,5.8260000000000005,3.0,3.0,,2028-06-30 00:00:00+00:00,,,6.0,1.0,4.413
1241302,Gilson Benchimol,False,male,2001-12-29 00:00:00+00:00,1068364,Akron Togliatti,False,Striker,striker,177,cm,69,kg,Cape Verde,4.64375,13.0,0.0,,2028-06-30 00:00:00+00:00,,,13.0,,6.221875
1309634,Dailon Livramento,False,male,2001-05-04 00:00:00+00:00,9876,Hellas Verona,False,Striker,striker,185,cm,77,kg,Cape Verde,3.8808510638297875,3.0,2.0,,2028-06-30 00:00:00+00:00,,,5.0,1.5,3.2404255319148936
1441786,Sidny Lopes Cabral,False,male,2002-09-18 00:00:00+00:00,9752,Trabzonspor,False,Left Back,leftback,170,cm,77,kg,Cape Verde,5.106976744186047,9.0,8.0,,2031-06-30 00:00:00+00:00,,,17.0,1.125,6.8534883720930235
1460591,Wagner Pina,False,male,2002-11-03 00:00:00+00:00,9752,Trabzonspor,False,Right Back,rightback,180,cm,73,kg,Cape Verde,5.21923076923077,0.0,9.0,,2029-06-30 00:00:00+00:00,,,9.0,0.0,4.409615384615385
1524518,Hélio Varela,False,male,2002-05-03 00:00:00+00:00,7855,Maccabi Tel Aviv,False,Left Winger,leftwinger,176,cm,72,kg,Cabo Verde,5.447169811320754,4.0,3.0,,2028-06-30 00:00:00+00:00,,,7.0,1.3333333333333333,4.5235849056603765
164062,Stopira,False,male,1988-05-20 00:00:00+00:00,212820,Torreense,False,Center Back,centerback,180,cm,79,kg,Cape Verde,0.8686274509803921,5.0,0.0,,2027-06-30 00:00:00+00:00,,,5.0,,1.934313725490196
172615,Ryan Mendes,False,male,1990-01-08 00:00:00+00:00,1281818,Igdir FK,False,Right Winger,rightwinger,178,cm,73,kg,Cape Verde,5.355102040816326,5.0,4.0,,,,,9.0,1.25,4.977551020408163
230134,Roberto Lopes,False,male,1992-06-17 00:00:00+00:00,4131,Shamrock Rovers,False,Center Back,centerback,174,cm,71,kg,Cape Verde,5.121276595744681,3.0,0.0,,,,,3.0,,3.4606382978723405
302912,Garry Rodrigues,False,male,1990-11-27 00:00:00+00:00,8003,Apollon Limassol,False,Right Winger,rightwinger,173,cm,70,kg,Cape Verde,1.5812499999999998,1.0,0.0,,2027-05-31 00:00:00+00:00,,,1.0,,1.090625
422149,Vozinha,False,male,1986-06-03 00:00:00+00:00,9774,Chaves,False,Keeper,keeper_long,188,cm,79,kg,Cape Verde,0.7297872340425533,0.0,0.0,,,,,0.0,,0.36489361702127665
444000,Steven Moreira,False,male,1994-08-13 00:00:00+00:00,6001,Columbus Crew,False,Center Back,centerback,178,cm,70,kg,Cape Verde,5.404545454545455,0.0,0.0,,2026-12-31 00:00:00+00:00,,,0.0,,2.7022727272727276
496648,Diney Borges,False,male,1995-01-17 00:00:00+00:00,102124,Sharjah Cultural Club,False,Center Back,centerback,185,cm,78,kg,Cabo Verde,5.492105263157894,3.0,1.0,,,,,4.0,3.0,3.846052631578947
665167,Laros Duarte,False,male,1997-02-28 00:00:00+00:00,355346,Puskas FC Academy,False,Defensive Midfielder,centerdefensivemidfielder,180,cm,67,kg,Cape Verde,1.168888888888889,1.0,7.0,,2027-06-30 00:00:00+00:00,,,8.0,0.14285714285714285,2.2844444444444445
671326,Nuno da Costa,False,male,1991-02-10 00:00:00+00:00,1933,Başakşehir,False,Striker,striker,184,cm,72,kg,Cape Verde,3.8226415094339616,6.0,3.0,,2027-06-30 00:00:00+00:00,,,9.0,2.0,4.311320754716981
680905,Jamiro Monteiro,False,male,1993-11-23 00:00:00+00:00,8464,NEC Nijmegen,False,Central Midfielder,centermidfielder,175,cm,72,kg,Cape Verde,5.091176470588235,2.0,4.0,418882.0,2028-06-30 00:00:00+00:00,,,6.0,0.5,3.9455882352941174
785716,Jovane Cabral,False,male,1998-06-14 00:00:00+00:00,9769,Gremio,False,Left Winger,leftwinger,174,cm,72,kg,Cabo Verde,6.074285714285714,8.0,1.0,,,,,9.0,8.0,5.637142857142857
798069,Deroy Duarte,False,male,1999-07-04 00:00:00+00:00,210173,Ludogorets Razgrad,False,Defensive Midfielder,centerdefensivemidfielder,184,cm,81,kg,Cape Verde,1.9682539682539681,3.0,3.0,,2028-06-30 00:00:00+00:00,,,6.0,1.0,2.484126984126984
865144,Márcio Rosa,False,male,1997-02-23 00:00:00+00:00,46475,Montana,False,Keeper,keeper_long,186,cm,79,kg,Cape Verde,0.1952380952380952,0.0,0.0,,2027-06-30 00:00:00+00:00,,,0.0,,0.0976190476190476
873832,Willy Semedo,False,male,1994-04-27 00:00:00+00:00,8044,Omonia Nicosia,False,Left Winger,leftwinger,185,cm,79,kg,Cape Verde,3.5500000000000003,7.0,1.0,,,,,8.0,7.0,4.075
890503,Kevin Pina,False,male,1997-01-27 00:00:00+00:00,168719,FC Krasnodar,False,Defensive Midfielder,centerdefensivemidfielder,190,cm,81,kg,Cape Verde,3.553703703703704,4.0,1.0,,2027-06-30 00:00:00+00:00,,,5.0,4.0,3.1768518518518523
922877,Logan Costa,False,male,2001-04-01 00:00:00+00:00,10205,Villarreal,False,defender,,188,cm,87,kg,Cape Verde,1.1454545454545455,0.0,0.0,,2030-06-30 00:00:00+00:00,,,0.0,,0.5727272727272728
1053982,Salah Zakaria,False,male,1999-04-24 00:00:00+00:00,203826,Al-Duhail SC,False,Keeper,keeper_long,189,cm,86,kg,Qatar,4.3392857142857135,0.0,1.0,,,,,1.0,0.0,2.369642857142857
1053987,Yusuf Abdurisag,False,male,1999-08-06 00:00:00+00:00,101895,Al-Sadd,False,Right Winger,rightwinger,175,cm,63,kg,Qatar,4.386206896551724,4.0,2.0,,,,,6.0,2.0,3.7931034482758617
117539,Hassan Al Haydos,False,male,1990-12-11 00:00:00+00:00,101895,Al-Sadd,False,Right Winger,rightwinger,174,cm,62,kg,Qatar,2.6189189189189195,4.0,3.0,,,,,7.0,1.3333333333333333,3.1094594594594596
1195865,Jassem Gaber,False,male,2002-02-20 00:00:00+00:00,101898,Al-Rayyan,False,Defensive Midfielder,centerdefensivemidfielder,181,cm,70,kg,Qatar,4.003030303030303,0.0,1.0,,2030-06-30 00:00:00+00:00,,,1.0,0.0,2.2015151515151516
1210913,Ahmed Al Ganehi,False,male,2000-09-22 00:00:00+00:00,101898,Al-Rayyan,False,Right Winger,rightwinger,178,cm,60,kg,Qatar,4.741666666666667,3.0,3.0,,2031-06-30 00:00:00+00:00,,,6.0,1.0,3.8708333333333336
1213141,Mahmoud Abunada,False,male,2000-02-05 00:00:00+00:00,101898,Al-Rayyan,False,Keeper,keeper_long,191,cm,81,kg,Qatar,5.565714285714286,0.0,0.0,,2030-06-30 00:00:00+00:00,,,0.0,,2.782857142857143
1432180,Ayoub Al Oui,False,male,2005-03-11 00:00:00+00:00,101897,Al-Gharafa,False,Right Back,rightback,181,cm,65,kg,Qatar,5.558536585365854,2.0,0.0,,,,,2.0,,3.379268292682927
149583,Lucas Mendes,False,male,1990-07-03 00:00:00+00:00,101901,Al-Wakrah,False,Center Back,centerback,184,cm,65,kg,Qatar,4.829032258064518,2.0,1.0,,2027-06-30 00:00:00+00:00,,,3.0,2.0,3.2145161290322593
1553870,Mohammad Al Manai,False,male,2002-10-25 00:00:00+00:00,101904,Al-Shamal,False,Attacking Midfielder,centerattackingmidfielder,180,cm,68,kg,Qatar,6.209375,5.0,2.0,,,,,7.0,2.5,5.0046875
1642780,Al Hashmi Al Hussain,False,male,2003-08-15 00:00:00+00:00,101899,Al-Arabi,False,Center Back,centerback,184,cm,72,kg,Qatar,4.114814814814815,0.0,0.0,,,,,0.0,,2.0574074074074074
1648351,Tahsin Mohammed,False,male,2006-06-16 00:00:00+00:00,203826,Al-Duhail SC,False,Right Winger,rightwinger,166,cm,58,kg,Qatar,2.3609756097560974,2.0,0.0,,,,,2.0,,1.7804878048780486
1839745,Issa Laye,False,male,1997-12-22 00:00:00+00:00,101899,Al-Arabi,False,Center Back,centerback,188,cm,71,kg,Qatar,5.518181818181817,0.0,1.0,,2030-06-30 00:00:00+00:00,,,1.0,0.0,2.9590909090909085
264096,Ahmed Alaa,False,male,1993-01-31 00:00:00+00:00,101898,Al-Rayyan,False,Striker,striker,177,cm,66,kg,Qatar,4.644444444444444,6.0,2.0,,2027-06-30 00:00:00+00:00,,,8.0,3.0,4.522222222222222
308909,Abdulaziz Hatem,False,male,1990-10-28 00:00:00+00:00,101898,Al-Rayyan,False,Attacking Midfielder,centerattackingmidfielder,183,cm,68,kg,Qatar,4.084375,0.0,1.0,,,,,1.0,0.0,2.2421875
308921,Boualem Khoukhi,False,male,1990-07-09 00:00:00+00:00,101895,Al-Sadd,False,Center Back,centerback,180,cm,74,kg,Qatar,5.246511627906977,2.0,0.0,,2027-06-30 00:00:00+00:00,,,2.0,,3.2232558139534886
309153,Karim Boudiaf,False,male,1990-09-16 00:00:00+00:00,203826,Al-Duhail SC,False,Defensive Midfielder,centerdefensivemidfielder,190,cm,85,kg,Qatar,5.110714285714286,1.0,0.0,,,,,1.0,,2.8553571428571427
365245,Edmílson Junior,False,male,1994-08-19 00:00:00+00:00,203826,Al-Duhail SC,False,Right Winger,rightwinger,181,cm,71,kg,Qatar,6.404651162790699,7.0,6.0,,,,,13.0,1.1666666666666667,6.5023255813953496
431151,Mohammed Muntari,False,male,1993-12-20 00:00:00+00:00,101897,Al-Gharafa,False,Striker,striker,194,cm,86,kg,Qatar,3.625,0.0,1.0,,,,,1.0,0.0,2.0125
613792,Akram Afif,False,male,1996-11-18 00:00:00+00:00,101895,Al-Sadd,False,Left Winger,leftwinger,177,cm,70,kg,Qatar,7.199999999999999,19.0,20.0,,,,,39.0,0.95,13.3
615414,Assim Madibo,False,male,1996-10-22 00:00:00+00:00,203826,Al-Duhail SC,False,Defensive Midfielder,centerdefensivemidfielder,168,cm,72,kg,Qatar,5.870833333333334,0.0,0.0,,,,,0.0,,2.935416666666667
644014,Sultan Al Brake,False,male,1996-04-07 00:00:00+00:00,203826,Al-Duhail SC,True,Left Back,leftback,175,cm,60,kg,Qatar,5.59047619047619,1.0,3.0,,,,,4.0,0.3333333333333333,3.695238095238095
644017,Almoez Ali,False,male,1996-08-19 00:00:00+00:00,203826,Al-Duhail SC,False,Striker,striker,180,cm,72,kg,Qatar,4.153333333333333,1.0,1.0,,,,,2.0,1.0,2.5766666666666667
734637,Pedro Miguel,False,male,1990-08-06 00:00:00+00:00,101895,Al-Sadd,False,Center Back,centerback,182,cm,85,kg,Qatar,5.8175,3.0,4.0,,,,,7.0,0.75,4.60875
898424,Ahmed Fathy,False,male,1993-01-25 00:00:00+00:00,101899,Al-Arabi,False,Defensive Midfielder,centerdefensivemidfielder,171,cm,67,kg,Qatar,5.9393939393939394,0.0,1.0,,,,,1.0,0.0,3.16969696969697
922387,Meshaal Barsham,False,male,1998-02-14 00:00:00+00:00,101895,Al-Sadd,False,Keeper,keeper_long,180,cm,72,kg,Qatar,4.921276595744681,0.0,0.0,,,,,0.0,,2.4606382978723405
937414,Homam El Amin,False,male,1999-08-25 00:00:00+00:00,203826,Al-Duhail SC,False,Left Back,leftback,188,cm,77,kg,Qatar,4.333333333333333,0.0,0.0,,,,,0.0,,2.1666666666666665
1017520,Carlos Harvey,False,male,2000-02-03 00:00:00+00:00,207242,Minnesota United,False,Center Back,centerback,185,cm,78,kg,Panama,5.2941176470588225,4.0,0.0,,2028-12-31 00:00:00+00:00,,,4.0,,3.8470588235294114
1054138,Tomás Rodríguez,False,male,1999-03-09 00:00:00+00:00,6453,Barcelona SC,False,Striker,striker,183,cm,75,kg,Panama,0.5306122448979592,12.0,0.0,,,,,12.0,,3.8653061224489793
1137803,César Yanis,False,male,1996-01-28 00:00:00+00:00,4055,Cobresal,False,Central Midfielder,centermidfielder,160,cm,58,kg,Panama,5.161538461538462,0.0,8.0,,,,,8.0,0.0,4.180769230769231
1223132,José Córdoba,False,male,2001-06-03 00:00:00+00:00,9850,Norwich City,False,Center Back,centerback,187,cm,79,kg,Panama,5.1755102040816325,2.0,1.0,,2028-06-30 00:00:00+00:00,,,3.0,2.0,3.3877551020408165
1330683,César Samudio,False,male,1994-02-23 00:00:00+00:00,9932,CD Marathon,False,keeper,,189,cm,82,kg,Panama,0.0,0.0,0.0,,,,,0.0,,0.0
1404414,Azarías Londoño,False,male,2001-06-21 00:00:00+00:00,113053,Universidad Catolica,True,Right Winger,rightwinger,185,cm,87,kg,Panama,5.7266666666666675,7.0,10.0,,,,,17.0,0.7,6.963333333333334
1454648,Edgardo Fariña,False,male,2001-10-19 00:00:00+00:00,657508,Nizhny Novgorod,False,Center Back,centerback,194,cm,86,kg,Panama,3.685714285714286,0.0,0.0,,,,,0.0,,1.842857142857143
183088,Alberto Quintero,False,male,1987-12-18 00:00:00+00:00,165476,CD Plaza Amador,False,midfielder,,165,cm,60,kg,Panama,1.5750000000000002,0.0,0.0,,,,,0.0,,0.7875000000000001
206088,Luis Mejía,False,male,1991-03-16 00:00:00+00:00,8304,Nacional,False,Keeper,keeper_long,193,cm,80,kg,Panama,0.9066666666666666,0.0,0.0,,,,,0.0,,0.4533333333333333
308131,Aníbal Godoy,False,male,1990-02-10 00:00:00+00:00,1701119,San Diego FC,False,Central Midfielder,centermidfielder,183,cm,82,kg,Panama,6.022222222222222,0.0,1.0,,2026-12-31 00:00:00+00:00,,,1.0,0.0,3.2111111111111112
312159,Cecilio Waterman,False,male,1991-04-13 00:00:00+00:00,4054,Universidad de Concepcion,False,Striker,striker,181,cm,81,kg,Panama,5.62,11.0,2.0,,,,,13.0,5.5,6.51
501847,Roderick Miller,False,male,1992-04-03 00:00:00+00:00,4674,Turan Tovuz,False,Center Back,centerback,189,cm,83,kg,Panama,2.4,0.0,0.0,,,,,0.0,,1.2
503710,Éric Davis,False,male,1991-03-31 00:00:00+00:00,165476,CD Plaza Amador,False,Left Wing-Back,left_wing_back,180,cm,81,kg,Panama,3.6357142857142852,1.0,2.0,,,,,3.0,0.5,2.5178571428571423
526710,Yoel Bárcenas,False,male,1993-10-23 00:00:00+00:00,1170234,Mazatlan FC,False,Central Midfielder,centermidfielder,175,cm,72,kg,Panama,6.385714285714287,4.0,1.0,,,,,5.0,4.0,4.592857142857143
531913,Orlando Mosquera,False,male,1994-12-25 00:00:00+00:00,582749,Al-Fayha,False,Keeper,keeper_long,191,cm,84,kg,Panama,6.514893617021277,0.0,0.0,,2028-06-30 00:00:00+00:00,,,0.0,,3.2574468085106383
574077,Ismael Díaz,False,male,1997-05-12 00:00:00+00:00,1841,Leon,False,Left Winger,leftwinger,182,cm,81,kg,Panama,6.1090909090909085,11.0,6.0,,2028-06-30 00:00:00+00:00,,,17.0,1.8333333333333333,7.554545454545454
643635,Amir Murillo,False,male,1996-02-11 00:00:00+00:00,10188,Beşiktaş,False,Right Back,rightback,183,cm,78,kg,Panama,5.467796610169492,4.0,5.0,,2028-06-30 00:00:00+00:00,,,9.0,0.8,4.933898305084746
643638,Fidel Escobar,False,male,1995-01-09 00:00:00+00:00,6607,Deportivo Saprissa,False,Center Back,centerback,181,cm,92,kg,Panama,1.5216216216216216,1.0,0.0,,,,,1.0,,1.0608108108108107
643682,Adalberto Carrasquilla,False,male,1998-11-28 00:00:00+00:00,1946,Pumas,False,Central Midfielder,centermidfielder,170,cm,78,kg,Panama,6.650943396226415,5.0,7.0,,2027-12-31 00:00:00+00:00,,,12.0,0.7142857142857143,6.225471698113208
688448,Jiovany Ramos,False,male,1997-01-26 00:00:00+00:00,657277,Academia Puerto Cabello,False,Center Back,centerback,189,cm,82,kg,Panama,2.2288888888888887,4.0,0.0,,,,,4.0,,2.3144444444444443
688449,Andrés Andrade,False,male,1998-10-16 00:00:00+00:00,9977,LASK,False,Center Back,centerback,187,cm,80,kg,Panama,6.244680851063831,1.0,4.0,,2028-06-30 00:00:00+00:00,,,5.0,0.25,4.2223404255319155
727101,Cristian Martínez,False,male,1997-02-06 00:00:00+00:00,6019,Slovan Bratislava,False,Defensive Midfielder,centerdefensivemidfielder,170,cm,72,kg,Panama,6.581818181818181,4.0,1.0,,,,,5.0,4.0,4.6909090909090905
888966,César Blackman,False,male,1998-04-02 00:00:00+00:00,6019,Slovan Bratislava,False,Right Back,rightback,174,cm,69,kg,Panama,5.616666666666666,4.0,6.0,,2028-06-30 00:00:00+00:00,,,10.0,0.6666666666666666,5.208333333333333
924235,Jorge Gutiérrez,False,male,1998-09-01 00:00:00+00:00,176496,Deportivo La Guaira,False,Left Back,leftback,171,cm,68,kg,Panama,1.4857142857142858,0.0,4.0,,,,,4.0,0.0,1.542857142857143
940333,José Luis Rodríguez,False,male,1998-06-19 00:00:00+00:00,649424,FC Juarez,False,Left Winger,leftwinger,180,cm,77,kg,Panama,6.57090909090909,5.0,11.0,,2028-06-30 00:00:00+00:00,,,16.0,0.45454545454545453,6.985454545454545
940334,José Fajardo,False,male,1993-08-18 00:00:00+00:00,113053,Universidad Catolica,False,Striker,striker,181,cm,80,kg,Panama,5.989285714285714,18.0,2.0,,,,,20.0,9.0,8.794642857142856
103468,Johny Placide,False,male,1988-01-29 00:00:00+00:00,7794,SC Bastia,False,Keeper,keeper_long,181,cm,89,kg,Haiti,6.411764705882353,0.0,1.0,,,,,1.0,0.0,3.405882352941177
1079194,Don Deedson Louicius,False,male,2001-02-11 00:00:00+00:00,6399,FC Dallas,False,Left Wing-Back,left_wing_back,178,cm,75,kg,Haiti,3.728571428571428,3.0,1.0,,,,,4.0,3.0,2.9642857142857144
1107287,Carl Sainté,False,male,2002-08-09 00:00:00+00:00,1003209,El Paso Locomotive FC,False,Center Back,centerback,182,cm,76,kg,Haiti,4.225,1.0,0.0,,2026-11-30 00:00:00+00:00,,,1.0,,2.4124999999999996
1181438,Martin Expérience,False,male,1999-03-09 00:00:00+00:00,,,,Left Wing-Back,left_wing_back,178,cm,79,kg,Haiti,5.702857142857143,1.0,1.0,,,,,2.0,1.0,3.3514285714285714
1199382,Josué Casimir,False,male,2001-09-24 00:00:00+00:00,8583,Auxerre,False,Right Midfielder,rightmidfielder,178,cm,71,kg,Haiti,5.788095238095238,1.0,1.0,,2028-06-30 00:00:00+00:00,,,2.0,1.0,3.394047619047619
1200016,Ruben Providence,False,male,2001-07-07 00:00:00+00:00,4116,Almere City FC,False,Left Winger,leftwinger,178,cm,67,kg,Haiti,4.0431372549019615,3.0,3.0,,2027-06-30 00:00:00+00:00,,,6.0,1.0,3.5215686274509808
1209244,Alexandre Pierre,False,male,2001-02-25 00:00:00+00:00,9874,Sochaux,False,Keeper,keeper_long,190,cm,81,kg,Haiti,1.8818181818181818,0.0,0.0,,2028-06-30 00:00:00+00:00,,,0.0,,0.9409090909090909
1242314,Lenny Joseph,False,male,2000-10-12 00:00:00+00:00,8222,Ferencvaros,False,Striker,striker,183,cm,73,kg,Haiti,2.851785714285714,12.0,3.0,,2028-06-30 00:00:00+00:00,,,15.0,4.0,5.625892857142857
1286428,Garven Metusala,False,male,1999-12-31 00:00:00+00:00,614321,Colorado Springs Switchbacks FC,False,Center Back,centerback,186,cm,,,Haiti,4.780487804878049,1.0,1.0,,2026-11-30 00:00:00+00:00,,,2.0,1.0,2.8902439024390243
1329461,Danley Jean Jacques,False,male,2000-05-20 00:00:00+00:00,191716,Philadelphia Union,False,Central Midfielder,centermidfielder,180,cm,73,kg,Haiti,6.532608695652174,4.0,1.0,,2026-12-31 00:00:00+00:00,,,5.0,4.0,4.666304347826087
1356595,Dominique Simon,False,male,2000-07-29 00:00:00+00:00,2406,Pardubice,False,Central Midfielder,centermidfielder,179,cm,68,kg,Haiti,5.2,1.0,1.0,,,,,2.0,1.0,3.1
1394254,Wilguens Paugain,False,male,2001-08-24 00:00:00+00:00,10000,Zulte Waregem,False,Right Wing-Back,right_wing_back,180,cm,76,kg,Haiti,4.177777777777778,1.0,0.0,,2028-06-30 00:00:00+00:00,,,1.0,,2.388888888888889
1447452,Olivier Pierre,False,male,2004-12-30 00:00:00+00:00,911047,Real Hope FA,False,midfielder,,175,cm,75,kg,Haiti,1.0833333333333333,0.0,0.0,,,,,0.0,,0.5416666666666666
1807873,Keeto Thermoncy,False,male,2006-03-29 00:00:00+00:00,4641,Young Boys II,False,defender,,179,cm,75,kg,Haiti,0.0,0.0,0.0,,,,,0.0,,0.0
525445,Duckens Nazon,False,male,1994-04-07 00:00:00+00:00,101614,Esteghlal,False,Striker,striker,181,cm,79,kg,Haiti,4.595833333333333,5.0,1.0,,2028-06-30 00:00:00+00:00,Physical discomfort,,6.0,5.0,3.997916666666667
532700,Ricardo Adé,False,male,1990-05-21 00:00:00+00:00,6721,LDU de Quito,False,Center Back,centerback,190,cm,70,kg,Haiti,6.350877192982456,1.0,0.0,,2027-12-31 00:00:00+00:00,,,1.0,,3.475438596491228
634110,Carlens Arcus,False,male,1996-06-28 00:00:00+00:00,8121,Angers,False,Right Back,rightback,180,cm,75,kg,Haiti,6.1274999999999995,0.0,5.0,,2027-06-30 00:00:00+00:00,,,5.0,0.0,4.06375
643482,Derrick Etienne,False,male,1996-11-25 00:00:00+00:00,56453,Toronto FC,False,Striker,striker,178,cm,70,kg,Haiti,3.6864864864864857,2.0,2.0,,2026-12-31 00:00:00+00:00,,,4.0,1.0,2.8432432432432426
649744,Duke Lacroix,False,male,1993-10-14 00:00:00+00:00,614321,Colorado Springs Switchbacks FC,False,Left Back,leftback,175,cm,79,kg,Haiti,4.793103448275862,0.0,4.0,,2026-11-30 00:00:00+00:00,,,4.0,0.0,3.1965517241379313
759569,Yassin Fortuné,False,male,1999-01-30 00:00:00+00:00,4531,Vizela,False,Striker,striker,185,cm,80,kg,Haiti,0.34285714285714286,3.0,0.0,,2027-06-30 00:00:00+00:00,,,3.0,,1.0714285714285714
769166,Jean-Ricner Bellegarde,False,male,1998-06-27 00:00:00+00:00,8602,Wolverhampton Wanderers,False,Central Midfielder,centermidfielder,170,cm,66,kg,Haiti,5.459183673469388,1.0,2.0,,2028-06-30 00:00:00+00:00,,,3.0,0.5,3.429591836734694
769168,Jean-Kévin Duverne,False,male,1997-07-12 00:00:00+00:00,9830,Nantes,False,Center Back,centerback,184,cm,71,kg,Haiti,3.677272727272727,1.0,2.0,,2027-06-30 00:00:00+00:00,,,3.0,0.5,2.538636363636363
822716,Hannes Delcroix,False,male,1999-02-28 00:00:00+00:00,7896,Lugano,False,Center Back,centerback,185,cm,77,kg,Haiti,6.153571428571429,1.0,1.0,,2028-06-30 00:00:00+00:00,,,2.0,1.0,3.5767857142857147
833641,Frantzdy Pierrot,False,male,1995-03-29 00:00:00+00:00,8563,AEK Athens,False,Striker,striker,194,cm,83,kg,Haiti,4.157142857142857,5.0,2.0,,2027-06-30 00:00:00+00:00,,,7.0,2.5,3.978571428571428
887703,Wilson Isidor,False,male,2000-08-27 00:00:00+00:00,8472,Sunderland,False,Striker,striker,180,cm,73,kg,Haiti,4.927083333333333,9.0,1.0,,2028-06-30 00:00:00+00:00,,,10.0,9.0,5.363541666666666
899023,Josué Duverger,False,male,2000-04-27 00:00:00+00:00,0,FC Cosmos Koblenz,False,keeper,,187,cm,76,kg,Haiti,0.4916666666666667,0.0,0.0,,,,,0.0,,0.24583333333333335
1050838,Anass Salah-Eddine,False,male,2002-01-18 00:00:00+00:00,8686,Roma,False,Left Back,leftback,179,cm,71,kg,Morocco,5.092,0.0,1.0,,2028-06-30 00:00:00+00:00,,,1.0,0.0,2.746
1073143,Azzedine Ounahi,False,male,2000-04-19 00:00:00+00:00,7732,Girona,False,Attacking Midfielder,centerattackingmidfielder,182,cm,73,kg,Morocco,6.811904761904761,9.0,4.0,,2030-06-30 00:00:00+00:00,,,13.0,2.25,6.90595238095238
1180288,Ismael Saibari,False,male,2001-01-28 00:00:00+00:00,9823,Bayern München,False,Attacking Midfielder,centerattackingmidfielder,185,cm,77,kg,Morocco,7.306666666666667,28.0,9.0,,2031-06-30 00:00:00+00:00,,,37.0,3.111111111111111,13.853333333333335
1187506,Chadi Riad,False,male,2003-06-17 00:00:00+00:00,9826,Crystal Palace,False,Center Back,centerback,187,cm,79,kg,Morocco,3.839473684210526,1.0,2.0,,2029-06-30 00:00:00+00:00,,,3.0,0.5,2.619736842105263
1242587,Amine Sbaï,False,male,2000-11-05 00:00:00+00:00,8121,Angers,False,Left Winger,leftwinger,175,cm,77,kg,Morocco,4.97027027027027,4.0,1.0,,2027-06-30 00:00:00+00:00,,,5.0,4.0,3.885135135135135
1274060,Neil El Aynaoui,False,male,2001-07-02 00:00:00+00:00,8686,Roma,False,Defensive Midfielder,centerdefensivemidfielder,182,cm,74,kg,Morocco,5.988059701492538,4.0,2.0,,2030-06-30 00:00:00+00:00,,,6.0,2.0,4.594029850746269
1287871,Zakaria El Ouahdi,False,male,2001-12-31 00:00:00+00:00,9987,Genk,False,Right Back,rightback,175,cm,67,kg,Morocco,6.330909090909092,12.0,5.0,,2028-06-30 00:00:00+00:00,,,17.0,2.4,7.765454545454546
1298186,Redouane Halhal,False,male,2003-03-05 00:00:00+00:00,8203,KV Mechelen,False,Center Back,centerback,185,cm,73,kg,Morocco,5.977272727272726,1.0,2.0,,2027-06-30 00:00:00+00:00,,,3.0,0.5,3.6886363636363626
1340895,Bilal El Khannouss,False,male,2004-05-10 00:00:00+00:00,10269,VfB Stuttgart,False,Attacking Midfielder,centerattackingmidfielder,180,cm,70,kg,Morocco,6.431428571428572,11.0,11.0,,2030-06-30 00:00:00+00:00,,,22.0,1.0,8.715714285714286
1368654,Chemsdine Talbi,False,male,2005-05-09 00:00:00+00:00,8472,Sunderland,False,Right Winger,rightwinger,175,cm,67,kg,Morocco,4.070689655172414,4.0,3.0,,2030-06-30 00:00:00+00:00,,,7.0,1.3333333333333333,3.835344827586207
1561552,Ayyoub Bouaddi,False,male,2007-10-02 00:00:00+00:00,8639,Lille,False,Defensive Midfielder,centerdefensivemidfielder,185,cm,74,kg,Morocco,5.575409836065573,1.0,1.0,,2029-06-30 00:00:00+00:00,,,2.0,1.0,3.2877049180327864
1598170,Samir El Mourabet,False,male,2005-10-06 00:00:00+00:00,9848,Strasbourg,False,Defensive Midfielder,centerdefensivemidfielder,187,cm,83,kg,Morocco,5.722222222222223,2.0,2.0,,2030-06-30 00:00:00+00:00,,,4.0,1.0,3.8611111111111116
1603755,Gessime Yassine,False,male,2005-11-22 00:00:00+00:00,9848,Strasbourg,False,Right Winger,rightwinger,172,cm,68,kg,Morocco,5.0245614035087725,5.0,10.0,,2030-06-30 00:00:00+00:00,,,15.0,0.5,6.012280701754387
1680173,Ayoube Amaimouni-Echghouyab,False,male,2004-11-30 00:00:00+00:00,9810,Eintracht Frankfurt,False,Right Winger,rightwinger,179,cm,71,kg,Morocco,5.4799999999999995,11.0,8.0,,2031-06-30 00:00:00+00:00,,,19.0,1.375,7.639999999999999
340020,Yassine Bounou,False,male,1991-04-05 00:00:00+00:00,2529,Al Hilal,False,Keeper,keeper_long,195,cm,77,kg,Morocco,6.659999999999999,0.0,0.0,,2028-06-30 00:00:00+00:00,,,0.0,,3.3299999999999996
573787,Munir,False,male,1989-05-10 00:00:00+00:00,316652,RSB Berkane,False,Keeper,keeper_long,190,cm,88,kg,Morocco,0.9551724137931036,0.0,0.0,,,,,0.0,,0.4775862068965518
593116,Sofyan Amrabat,False,male,1996-08-21 00:00:00+00:00,8695,Fenerbahçe,False,Defensive Midfielder,centerdefensivemidfielder,185,cm,77,kg,Morocco,5.349090909090909,2.0,0.0,,2028-06-30 00:00:00+00:00,,,2.0,,3.2745454545454544
614912,Marwane Saadane,False,male,1992-01-17 00:00:00+00:00,177356,Al Fateh FC,False,Center Back,centerback,185,cm,73,kg,Morocco,6.030434782608697,0.0,2.0,,,,,2.0,0.0,3.415217391304348
696443,Issa Diop,False,male,1997-01-09 00:00:00+00:00,9879,Fulham,False,Center Back,centerback,194,cm,90,kg,Morocco,3.9214285714285713,2.0,0.0,,2027-06-30 00:00:00+00:00,,,2.0,,2.5607142857142855
750027,Brahim Díaz,False,male,1999-08-03 00:00:00+00:00,8633,Real Madrid,False,Right Winger,rightwinger,170,cm,68,kg,Morocco,5.478571428571428,8.0,11.0,,2027-06-30 00:00:00+00:00,,,19.0,0.7272727272727273,7.339285714285714
770881,Achraf Hakimi,False,male,1998-11-04 00:00:00+00:00,9847,Paris Saint-Germain,False,Right Back,rightback,181,cm,65,kg,Morocco,6.8283018867924525,4.0,17.0,,2029-06-30 00:00:00+00:00,,,21.0,0.23529411764705882,8.014150943396228
775539,Noussair Mazraoui,False,male,1997-11-14 00:00:00+00:00,10260,Manchester United,False,Left Back,leftback,183,cm,62,kg,Morocco,5.155555555555556,0.0,3.0,,2028-06-30 00:00:00+00:00,,,3.0,0.0,3.177777777777778
884382,Ayoub El Kaabi,False,male,1993-06-25 00:00:00+00:00,8638,Olympiacos,False,Striker,striker,182,cm,78,kg,Morocco,5.662686567164179,29.0,4.0,,2028-06-30 00:00:00+00:00,,,33.0,7.25,12.33134328358209
885288,Ahmed Tagnaouti,False,male,1996-04-05 00:00:00+00:00,102035,FAR Rabat,False,Keeper,keeper_long,186,cm,70,kg,Morocco,2.1083333333333334,0.0,0.0,,2027-06-30 00:00:00+00:00,,,0.0,,1.0541666666666667
909908,Youssef Belammari,False,male,1998-09-20 00:00:00+00:00,101745,Al Ahly SC,False,Left Back,leftback,183,cm,73,kg,Morocco,3.7622222222222224,0.0,3.0,,2029-06-30 00:00:00+00:00,,,3.0,0.0,2.4811111111111113
988749,Soufiane Rahimi,False,male,1996-06-02 00:00:00+00:00,102117,Al-Ain,False,Striker,striker,180,cm,75,kg,Morocco,5.053846153846153,13.0,7.0,,,,,20.0,1.8571428571428572,7.826923076923077
1054166,Oswin Appollis,False,male,2001-08-25 00:00:00+00:00,7866,Orlando Pirates,False,Left Winger,leftwinger,171,cm,70,kg,South Africa,6.860714285714286,16.0,11.0,,,,,27.0,1.4545454545454546,10.430357142857144
1076668,Iqraam Rayners,False,male,1995-12-19 00:00:00+00:00,4530,Mamelodi Sundowns FC,False,Striker,striker,176,cm,76,kg,South Africa,5.743478260869565,16.0,3.0,,,,,19.0,5.333333333333333,8.271739130434781
1107735,Sphephelo Sithole,False,male,1999-03-03 00:00:00+00:00,188163,Tondela,False,Defensive Midfielder,centerdefensivemidfielder,186,cm,79,kg,South Africa,5.462790697674419,3.0,0.0,,2027-06-30 00:00:00+00:00,,,3.0,,3.6313953488372093
1124424,Thalente Mbatha,False,male,2000-03-06 00:00:00+00:00,7866,Orlando Pirates,False,Defensive Midfielder,centerdefensivemidfielder,180,cm,71,kg,South Africa,5.502127659574469,2.0,1.0,,,,,3.0,2.0,3.5510638297872346
1137059,Evidence Makgopa,False,male,2000-06-05 00:00:00+00:00,7866,Orlando Pirates,False,Striker,striker,188,cm,74,kg,South Africa,5.159183673469388,9.0,5.0,,,,,14.0,1.8,6.279591836734694
1178629,Jayden Adams,False,male,2001-05-05 00:00:00+00:00,,,,Defensive Midfielder,centerdefensivemidfielder,175,cm,68,kg,South Africa,5.476,2.0,1.0,,,,,3.0,2.0,3.5380000000000003
1202481,Bradley Cross,False,male,2001-01-30 00:00:00+00:00,6279,Kaizer Chiefs,False,Left Back,leftback,175,cm,70,kg,South Africa,5.024242424242424,0.0,1.0,,2028-06-30 00:00:00+00:00,,,1.0,0.0,2.7121212121212124
1289611,Tshepang Moremi,False,male,2000-10-02 00:00:00+00:00,7866,Orlando Pirates,False,Left Winger,leftwinger,168,cm,70,kg,South Africa,5.430769230769229,10.0,7.0,,,,,17.0,1.4285714285714286,7.115384615384615
1394951,Thapelo Maseko,False,male,2003-11-11 00:00:00+00:00,4530,Mamelodi Sundowns FC,False,Right Winger,rightwinger,178,cm,74,kg,South Africa,2.8095238095238098,2.0,0.0,,,,,2.0,,2.0047619047619047
1451566,Kamogelo Sebelebele,False,male,2002-07-21 00:00:00+00:00,7866,Orlando Pirates,False,Right Back,rightback,166,cm,55,kg,South Africa,5.702564102564103,6.0,1.0,,,,,7.0,6.0,4.851282051282051
1469826,Olwethu Makhanya,False,male,2004-04-30 00:00:00+00:00,191716,Philadelphia Union,False,Center Back,centerback,185,cm,78,kg,South Africa,6.1189189189189195,2.0,0.0,,2027-12-31 00:00:00+00:00,,,2.0,,3.65945945945946
1471333,Relebohile Mofokeng,False,male,2004-10-23 00:00:00+00:00,7978,Union St.Gilloise,False,Attacking Midfielder,centerattackingmidfielder,161,cm,67,kg,South Africa,6.152083333333334,11.0,8.0,,2030-06-30 00:00:00+00:00,,,19.0,1.375,7.976041666666667
1579341,Thabang Matuludi,False,male,1999-01-14 00:00:00+00:00,149600,Polokwane City,False,Right Back,rightback,189,cm,75,kg,South Africa,4.964102564102565,2.0,0.0,,,,,2.0,,3.0820512820512826
1600334,Ime Okon,False,male,2004-02-20 00:00:00+00:00,9904,Hannover 96,False,Center Back,centerback,187,cm,83,kg,South Africa,6.052777777777778,2.0,0.0,,2029-06-30 00:00:00+00:00,,,2.0,,3.626388888888889
1680659,Samukelo Kabini,False,male,2004-03-15 00:00:00+00:00,9917,Molde,False,Left Back,leftback,188,cm,78,kg,South Africa,4.612820512820513,0.0,3.0,,2028-12-31 00:00:00+00:00,,,3.0,0.0,2.9064102564102567
1680696,Khulumani Ndamane,False,male,2004-02-05 00:00:00+00:00,4530,Mamelodi Sundowns FC,False,Center Back,centerback,183,cm,76,kg,South Africa,5.30377358490566,0.0,2.0,,,,,2.0,0.0,3.05188679245283
1719066,Mbekezeli Mbokazi,False,male,2005-09-19 00:00:00+00:00,6397,Chicago Fire FC,False,Center Back,centerback,177,cm,73,kg,South Africa,5.8759999999999994,2.0,1.0,,2029-12-31 00:00:00+00:00,,,3.0,2.0,3.738
253991,Ronwen Williams,False,male,1992-01-21 00:00:00+00:00,4530,Mamelodi Sundowns FC,False,Keeper,keeper_long,184,cm,79,kg,South Africa,6.784999999999998,0.0,0.0,,2028-06-30 00:00:00+00:00,,,0.0,,3.392499999999999
303609,Themba Zwane,False,male,1989-08-03 00:00:00+00:00,4530,Mamelodi Sundowns FC,False,Attacking Midfielder,centerattackingmidfielder,170,cm,67,kg,South Africa,4.405405405405404,0.0,2.0,,,,,2.0,0.0,2.602702702702702
428006,Ricardo Goss,False,male,1994-04-02 00:00:00+00:00,4530,Mamelodi Sundowns FC,False,Keeper,keeper_long,181,cm,75,kg,South Africa,4.627083333333334,0.0,0.0,,,,,0.0,,2.313541666666667
616179,Aubrey Modiba,False,male,1995-07-22 00:00:00+00:00,4530,Mamelodi Sundowns FC,False,Left Back,leftback,167,cm,73,kg,South Africa,6.43157894736842,1.0,7.0,,,,,8.0,0.14285714285714285,4.91578947368421
716819,Nkosinathi Sibisi,False,male,1995-09-22 00:00:00+00:00,7866,Orlando Pirates,False,Center Back,centerback,177,cm,79,kg,South Africa,4.764583333333333,0.0,0.0,,,,,0.0,,2.3822916666666667
787099,Sipho Chaine,False,male,1996-12-14 00:00:00+00:00,7866,Orlando Pirates,False,Keeper,keeper_long,186,cm,77,kg,South Africa,4.927777777777777,0.0,0.0,,,,,0.0,,2.4638888888888886
848361,Teboho Mokoena,False,male,1997-01-24 00:00:00+00:00,4530,Mamelodi Sundowns FC,False,Defensive Midfielder,centerdefensivemidfielder,176,cm,76,kg,South Africa,6.4,8.0,2.0,,2029-06-30 00:00:00+00:00,,,10.0,4.0,6.0
881500,Lyle Foster,False,male,2000-09-03 00:00:00+00:00,8191,Burnley,False,Striker,striker,185,cm,70,kg,South Africa,5.478260869565218,6.0,6.0,,2028-06-30 00:00:00+00:00,,,12.0,1.0,5.739130434782608
940010,Khuliso Mudau,False,male,1995-04-26 00:00:00+00:00,4530,Mamelodi Sundowns FC,False,Right Back,rightback,181,cm,72,kg,South Africa,6.56530612244898,1.0,2.0,,,,,3.0,0.5,3.98265306122449
1033099,Hicham Boudaoui,False,male,1999-09-23 00:00:00+00:00,9831,Nice,False,Central Midfielder,centermidfielder,173,cm,89,kg,Algeria,5.870588235294118,1.0,3.0,,2027-06-30 00:00:00+00:00,,,4.0,0.3333333333333333,3.835294117647059
1039219,Samir Chergui,False,male,1999-02-06 00:00:00+00:00,6379,Paris FC,False,Right Back,rightback,180,cm,79,kg,Algeria,4.375862068965518,1.0,0.0,,,,,1.0,,2.487931034482759
1074967,Ramiz Zerrouki,False,male,1998-05-26 00:00:00+00:00,10235,Feyenoord,False,Defensive Midfielder,centerdefensivemidfielder,183,cm,74,kg,Algeria,6.248076923076923,3.0,7.0,,2027-06-30 00:00:00+00:00,,,10.0,0.42857142857142855,5.424038461538462
1116034,Oussama Benbot,False,male,1994-10-11 00:00:00+00:00,101628,USM Alger,False,Keeper,keeper_long,188,cm,90,kg,Algeria,3.182142857142857,0.0,0.0,,,,,0.0,,1.5910714285714285
1118823,Zineddine Belaïd,False,male,1999-03-20 00:00:00+00:00,101630,JS Kabylie,False,Center Back,centerback,187,cm,79,kg,Algeria,4.57391304347826,1.0,0.0,,,,,1.0,,2.58695652173913
1131925,Mohamed Tougai,False,male,2000-01-22 00:00:00+00:00,8153,Espérance,False,Center Back,centerback,191,cm,85,kg,Algeria,2.2628571428571425,5.0,0.0,,2027-06-30 00:00:00+00:00,,,5.0,,2.6314285714285712
1134206,Mohamed Amoura,False,male,2000-05-09 00:00:00+00:00,8721,Wolfsburg,False,Striker,striker,168,cm,63,kg,Algeria,6.078431372549019,14.0,8.0,,2029-06-30 00:00:00+00:00,Hamstring injury,,22.0,1.75,8.83921568627451
1178324,Jaouen Hadjam,False,male,2003-03-26 00:00:00+00:00,10192,Young Boys,False,Left Back,leftback,184,cm,76,kg,Algeria,6.229545454545456,3.0,4.0,,2028-06-30 00:00:00+00:00,,,7.0,0.75,4.814772727272728
1210929,Nadir Benbouali,False,male,2000-04-17 00:00:00+00:00,5755,Györi ETO,False,Striker,striker,187,cm,85,kg,Algeria,1.548888888888889,19.0,5.0,,2029-06-30 00:00:00+00:00,,,24.0,3.8,7.474444444444445
1231029,Rafik Belghali,False,male,2002-06-07 00:00:00+00:00,9876,Hellas Verona,False,Right Midfielder,rightmidfielder,178,cm,73,kg,Algeria,6.370833333333333,4.0,0.0,,2029-06-30 00:00:00+00:00,,,4.0,,4.385416666666666
1285492,Melvin Mastil,False,male,2000-02-19 00:00:00+00:00,2442,Stade Nyonnais,False,Keeper,keeper_long,196,cm,87,kg,Algeria,5.526190476190477,0.0,0.0,,,,,0.0,,2.7630952380952385
1288907,Yacine Titraoui,False,male,2003-07-26 00:00:00+00:00,9986,Sporting Charleroi,False,Defensive Midfielder,centerdefensivemidfielder,170,cm,67,kg,Algeria,5.40566037735849,5.0,3.0,,2027-06-30 00:00:00+00:00,,,8.0,1.6666666666666667,4.802830188679245
1298669,Adil Boulbina,False,male,2003-05-02 00:00:00+00:00,203826,Al-Duhail SC,False,Left Winger,leftwinger,183,cm,80,kg,Algeria,5.2875000000000005,15.0,9.0,,2030-06-30 00:00:00+00:00,,,24.0,1.6666666666666667,8.943750000000001
1345875,Farès Chaïbi,False,male,2002-11-28 00:00:00+00:00,9810,Eintracht Frankfurt,False,Defensive Midfielder,centerdefensivemidfielder,183,cm,75,kg,Algeria,5.959016393442622,4.0,10.0,,2028-06-30 00:00:00+00:00,,,14.0,0.4,6.179508196721311
1362385,Achref Abada,False,male,1999-06-15 00:00:00+00:00,101628,USM Alger,False,Center Back,centerback,185,cm,79,kg,Algeria,2.994117647058824,1.0,0.0,,,,,1.0,,1.797058823529412
1457626,Ibrahim Maza,False,male,2005-11-24 00:00:00+00:00,8178,Bayer Leverkusen,False,Attacking Midfielder,centerattackingmidfielder,180,cm,74,kg,Algeria,6.319402985074627,7.0,7.0,,2030-06-30 00:00:00+00:00,,,14.0,1.0,6.659701492537314
1523327,Farès Ghedjemis,False,male,2002-09-06 00:00:00+00:00,9891,Frosinone,False,Right Winger,rightwinger,183,cm,75,kg,Algeria,6.0765957446808505,16.0,3.0,,2028-06-30 00:00:00+00:00,,,19.0,5.333333333333333,8.438297872340424
1576876,Anis Hadj Moussa,False,male,2002-02-11 00:00:00+00:00,10235,Feyenoord,False,Right Winger,rightwinger,176,cm,68,kg,Algeria,6.696491228070176,16.0,9.0,,2030-06-30 00:00:00+00:00,,,25.0,1.7777777777777777,9.948245614035088
210683,Aïssa Mandi,False,male,1991-10-22 00:00:00+00:00,8581,Levante,False,Center Back,centerback,186,cm,78,kg,Algeria,6.109375,2.0,0.0,1005703.0,2028-06-30 00:00:00+00:00,,,2.0,,3.6546875
278343,Riyad Mahrez,False,male,1991-02-21 00:00:00+00:00,2530,Al Ahli,False,Right Winger,rightwinger,179,cm,61,kg,Algeria,7.051562499999999,16.0,17.0,,,,,33.0,0.9411764705882353,11.725781249999999
500520,Nabil Bentaleb,False,male,1994-11-24 00:00:00+00:00,8639,Lille,False,Defensive Midfielder,centerdefensivemidfielder,187,cm,68,kg,Algeria,5.30576923076923,2.0,3.0,,,,,5.0,0.6666666666666666,3.8528846153846152
559065,Ramy Bensebaini,False,male,1995-04-16 00:00:00+00:00,9789,Borussia Dortmund,False,Center Back,centerback,186,cm,75,kg,Algeria,5.911111111111113,7.0,3.0,,2027-06-30 00:00:00+00:00,,,10.0,2.3333333333333335,5.655555555555557
770880,Luca Zidane,False,male,1998-05-13 00:00:00+00:00,7878,Granada,False,Keeper,keeper_long,183,cm,78,kg,Algeria,5.3812500000000005,0.0,0.0,,2027-06-30 00:00:00+00:00,,,0.0,,2.6906250000000003
776299,Houssem Aouar,False,male,1998-06-30 00:00:00+00:00,8577,Al Ittihad,False,Attacking Midfielder,centerattackingmidfielder,175,cm,70,kg,Algeria,6.2285714285714295,16.0,7.0,,2028-06-30 00:00:00+00:00,,,23.0,2.2857142857142856,9.314285714285715
844437,Amine Gouiri,False,male,2000-02-16 00:00:00+00:00,8592,Marseille,False,Striker,striker,180,cm,72,kg,Algeria,6.022222222222222,16.0,5.0,,2029-06-30 00:00:00+00:00,,,21.0,3.2,8.81111111111111
933845,Rayan Aït-Nouri,False,male,2001-06-06 00:00:00+00:00,8456,Manchester City,False,Left Back,leftback,180,cm,70,kg,Algeria,4.877586206896551,0.0,5.0,,2030-06-30 00:00:00+00:00,,,5.0,0.0,3.4387931034482757
1022309,Gédéon Kalulu,False,male,1997-08-29 00:00:00+00:00,2136,Aris Limassol,False,Right Back,rightback,176,cm,74,kg,DR Congo,0.8222222222222223,0.0,0.0,,2028-05-31 00:00:00+00:00,,,0.0,,0.41111111111111115
1049799,Nathanaël Mbuku,False,male,2002-03-16 00:00:00+00:00,8406,Augsburg,False,Left Winger,leftwinger,170,cm,74,kg,DR Congo,5.85625,6.0,5.0,,,,,11.0,1.2,5.728125
1116042,Fiston Mayele,False,male,1994-06-24 00:00:00+00:00,517894,Pyramids FC,False,Striker,striker,185,cm,77,kg,DR Congo,4.951785714285714,12.0,3.0,,,,,15.0,4.0,6.675892857142857
1132814,Steve Kapuadi,False,male,1998-04-30 00:00:00+00:00,8024,Widzew Łódź,False,Center Back,centerback,196,cm,86,kg,DR Congo,4.310169491525423,1.0,0.0,,2030-06-30 00:00:00+00:00,,,1.0,,2.4550847457627114
1257080,Matthieu Epolo,False,male,2005-01-15 00:00:00+00:00,9985,Standard Liege,False,Keeper,keeper_long,183,cm,79,kg,DR Congo,4.283333333333333,0.0,0.0,,2029-06-30 00:00:00+00:00,,,0.0,,2.1416666666666666
1302121,Brian Cipenga,False,male,1998-03-11 00:00:00+00:00,9865,Almeria,False,Left Winger,leftwinger,169,cm,61,kg,DR Congo,5.23404255319149,7.0,11.0,,2029-06-30 00:00:00+00:00,,,18.0,0.6363636363636364,6.917021276595745
1359649,Noah Sadiki,False,male,2004-12-17 00:00:00+00:00,8472,Sunderland,False,Central Midfielder,centermidfielder,173,cm,58,kg,DR Congo,5.890740740740741,0.0,2.0,,2030-06-30 00:00:00+00:00,,,2.0,0.0,3.3453703703703703
1428153,Ngal Ayel Mukau,False,male,2004-11-03 00:00:00+00:00,8639,Lille,False,Right Winger,rightwinger,188,cm,79,kg,DR Congo,5.245901639344263,2.0,1.0,,2028-06-30 00:00:00+00:00,,,3.0,2.0,3.4229508196721317
163205,Gaël Kakuta,False,male,1991-06-21 00:00:00+00:00,8120,AE Larissa,False,Striker,striker,173,cm,65,kg,DR Congo,5.220454545454546,11.0,5.0,,,,,16.0,2.2,6.910227272727273
201939,Cédric Bakambu,False,male,1991-04-11 00:00:00+00:00,8603,Real Betis,False,Striker,striker,183,cm,74,kg,DR Congo,3.5016129032258063,9.0,5.0,,,,,14.0,1.8,5.450806451612903
277761,Chancel Mbemba,False,male,1994-08-08 00:00:00+00:00,8639,Lille,False,Center Back,centerback,182,cm,82,kg,DR Congo,3.8271186440677964,1.0,2.0,,,,,3.0,0.5,2.613559322033898
418137,Arthur Masuaku,False,male,1993-11-07 00:00:00+00:00,8472,Sunderland,False,Left Back,leftback,179,cm,70,kg,DR Congo,2.974358974358974,0.0,2.0,,2027-06-30 00:00:00+00:00,,,2.0,0.0,1.8871794871794871
466132,Théo Bongonda,False,male,1995-11-20 00:00:00+00:00,8643,Spartak Moscow,False,Right Winger,rightwinger,177,cm,70,kg,DR Congo,2.2903225806451615,2.0,0.0,,,,,2.0,,1.7451612903225806
490122,Aaron Tshibola,False,male,1995-01-02 00:00:00+00:00,8597,Kilmarnock,False,Defensive Midfielder,centerdefensivemidfielder,190,cm,81,kg,DR Congo,3.776744186046512,0.0,0.0,,,,,0.0,,1.888372093023256
500932,Joris Kayembe Ditu,False,male,1994-08-08 00:00:00+00:00,9987,Genk,False,Left Back,leftback,180,cm,71,kg,DR Congo,5.886206896551725,1.0,2.0,,2027-06-30 00:00:00+00:00,,,3.0,0.5,3.643103448275862
666857,Yoane Wissa,False,male,1996-09-03 00:00:00+00:00,10261,Newcastle United,False,Striker,striker,176,cm,75,kg,DR Congo,4.879069767441861,8.0,3.0,,2029-06-30 00:00:00+00:00,,,11.0,2.6666666666666665,5.439534883720929
690149,Axel Tuanzebe,False,male,1997-11-14 00:00:00+00:00,8191,Burnley,False,Center Back,centerback,183,cm,77,kg,DR Congo,5.36875,2.0,0.0,,,,,2.0,,3.2843750000000003
694060,Meschack Elia,False,male,1997-08-06 00:00:00+00:00,4678,Alanyaspor,False,Right Winger,rightwinger,173,cm,68,kg,DR Congo,3.5913043478260867,4.0,2.0,,2028-06-30 00:00:00+00:00,,,6.0,2.0,3.395652173913043
696932,Simon Banza,False,male,1996-08-13 00:00:00+00:00,102101,Al-Jazira,False,Striker,striker,189,cm,77,kg,Congo DR,4.5285714285714285,9.0,1.0,,,,,10.0,9.0,5.164285714285714
743720,Charles Pickel,False,male,1997-05-15 00:00:00+00:00,102124,Sharjah Cultural Club,False,Central Midfielder,centermidfielder,187,cm,78,kg,Congo DR,3.64,1.0,0.0,1347968.0,,,,1.0,,2.12
751762,Dylan Batubinsika,False,male,1996-02-15 00:00:00+00:00,8120,AE Larissa,False,Center Back,centerback,185,cm,84,kg,DR Congo,3.9966666666666666,0.0,0.0,,,,,0.0,,1.9983333333333333
760320,Aaron Wan-Bissaka,False,male,1997-11-26 00:00:00+00:00,8654,West Ham United,False,Right Back,rightback,183,cm,72,kg,DR Congo,4.688888888888889,0.0,2.0,,2031-06-30 00:00:00+00:00,,,2.0,0.0,2.7444444444444445
866108,Samuel Moutoussamy,False,male,1996-08-12 00:00:00+00:00,10187,Atromitos,False,Defensive Midfielder,centerdefensivemidfielder,176,cm,61,kg,DR Congo,5.528301886792452,3.0,0.0,,2027-06-30 00:00:00+00:00,,,3.0,,3.664150943396226
909803,Edo Kayembe,False,male,1998-06-03 00:00:00+00:00,9817,Watford,False,Central Midfielder,centermidfielder,183,cm,77,kg,DR Congo,5.463157894736843,4.0,2.0,,2027-06-30 00:00:00+00:00,,,6.0,2.0,4.331578947368421
912286,Lionel Mpasi-Nzau,False,male,1994-08-01 00:00:00+00:00,9746,Le Havre,False,Keeper,keeper_long,182,cm,78,kg,DR Congo,2.23265306122449,0.0,0.0,,2027-06-30 00:00:00+00:00,,,0.0,,1.116326530612245
976996,Timothy Fayulu,False,male,1999-07-24 00:00:00+00:00,10179,Sion,False,Keeper,keeper_long,192,cm,84,kg,DR Congo,1.4541666666666666,0.0,0.0,,2027-06-30 00:00:00+00:00,,,0.0,,0.7270833333333333
1107280,Pape Sarr,False,male,2002-09-14 00:00:00+00:00,8586,Tottenham Hotspur,False,Central Midfielder,centermidfielder,184,cm,71,kg,Senegal,5.431746031746031,7.0,4.0,,2030-06-30 00:00:00+00:00,,,11.0,1.75,5.6158730158730155
1197347,Nicolas Jackson,False,male,2001-06-20 00:00:00+00:00,8455,Chelsea,False,Striker,striker,187,cm,78,kg,Senegal,4.450793650793651,16.0,7.0,,2033-06-30 00:00:00+00:00,,,23.0,2.2857142857142856,8.425396825396826
1230848,Bamba Dieng,False,male,2000-03-23 00:00:00+00:00,8689,Lorient,False,Striker,striker,178,cm,72,kg,Senegal,4.525,15.0,1.0,,,,,16.0,15.0,6.9625
1254147,Antoine Mendy,False,male,2004-05-27 00:00:00+00:00,9831,Nice,False,Center Back,centerback,187,cm,75,kg,Senegal,4.203076923076924,2.0,0.0,,2028-06-30 00:00:00+00:00,,,2.0,,2.701538461538462
1285866,Habib Diarra,False,male,2004-01-03 00:00:00+00:00,8472,Sunderland,False,Central Midfielder,centermidfielder,179,cm,71,kg,Senegal,5.276744186046511,6.0,3.0,,2030-06-30 00:00:00+00:00,,,9.0,2.0,5.038372093023256
1426170,Mamadou Sarr,False,male,2005-08-29 00:00:00+00:00,8455,Chelsea,False,Center Back,centerback,194,cm,87,kg,Senegal,3.6180000000000003,0.0,0.0,,2033-06-30 00:00:00+00:00,,,0.0,,1.8090000000000002
1434889,Assane Diao,False,male,2005-09-07 00:00:00+00:00,10171,Como,False,Right Winger,rightwinger,185,cm,78,kg,Senegal,4.833333333333333,2.0,1.0,,,,,3.0,2.0,3.216666666666667
1436305,Lamine Camara,False,male,2004-01-01 00:00:00+00:00,9829,Monaco,False,Defensive Midfielder,centerdefensivemidfielder,173,cm,69,kg,Senegal,6.56923076923077,5.0,5.0,,2029-06-30 00:00:00+00:00,,,10.0,1.0,5.784615384615385
1451265,Malick Diouf,False,male,2004-12-28 00:00:00+00:00,8654,West Ham United,False,Left Back,leftback,183,cm,74,kg,Senegal,5.718965517241379,0.0,7.0,,2030-06-30 00:00:00+00:00,,,7.0,0.0,4.25948275862069
1593857,Ibrahim Mbaye,False,male,2008-01-24 00:00:00+00:00,9847,Paris Saint-Germain,False,Right Winger,rightwinger,175,cm,70,kg,Senegal,4.201587301587302,6.0,3.0,,2028-06-30 00:00:00+00:00,,,9.0,2.0,4.500793650793651
179410,Idrissa Gueye,False,male,1989-09-26 00:00:00+00:00,8668,Everton,False,Defensive Midfielder,centerdefensivemidfielder,174,cm,66,kg,Senegal,6.016326530612245,3.0,5.0,,,,,8.0,0.6,4.908163265306122
1798782,Bara Ndiaye,False,male,2007-12-31 00:00:00+00:00,1882872,Gambinos Stars,False,Defensive Midfielder,centerdefensivemidfielder,180,cm,74,kg,Senegal,2.1999999999999997,0.0,0.0,,,,,0.0,,1.0999999999999999
210428,Kalidou Koulibaly,False,male,1991-06-20 00:00:00+00:00,2529,Al Hilal,False,Center Back,centerback,186,cm,89,kg,Senegal,6.6380952380952385,3.0,4.0,,2027-06-30 00:00:00+00:00,,,7.0,0.75,5.019047619047619
303339,Sadio Mané,False,male,1992-04-10 00:00:00+00:00,101918,Al Nassr FC,False,Left Midfielder,leftmidfielder,175,cm,69,kg,Senegal,7.414035087719299,21.0,13.0,,2027-06-30 00:00:00+00:00,,,34.0,1.6153846153846154,12.60701754385965
466436,Mory Diaw,False,male,1993-06-22 00:00:00+00:00,9746,Le Havre,False,Keeper,keeper_long,197,cm,95,kg,Senegal,4.864705882352941,0.0,1.0,,2027-06-30 00:00:00+00:00,,,1.0,0.0,2.6323529411764706
588626,Abdoulaye Seck,False,male,1992-06-04 00:00:00+00:00,10185,Maccabi Haifa,False,Center Back,centerback,192,cm,80,kg,Senegal,4.688235294117647,5.0,1.0,,,,,6.0,5.0,4.044117647058823
592102,Moussa Niakhaté,False,male,1996-03-08 00:00:00+00:00,9748,Lyon,False,Center Back,centerback,180,cm,82,kg,Senegal,6.896774193548388,1.0,3.0,,2028-06-30 00:00:00+00:00,,,4.0,0.3333333333333333,4.348387096774194
766574,Yehvann Diouf,False,male,1999-11-16 00:00:00+00:00,9831,Nice,False,Keeper,keeper_long,190,cm,74,kg,Senegal,3.9287878787878783,0.0,0.0,,2030-06-30 00:00:00+00:00,,,0.0,,1.9643939393939391
771294,Ismaïla Sarr,False,male,1998-02-25 00:00:00+00:00,9826,Crystal Palace,False,Attacking Midfielder,centerattackingmidfielder,185,cm,68,kg,Senegal,6.6890625,28.0,5.0,,2029-06-30 00:00:00+00:00,,,33.0,5.6,12.744531250000001
773229,Édouard Mendy,False,male,1992-03-01 00:00:00+00:00,2530,Al Ahli,False,Keeper,keeper_long,197,cm,86,kg,Senegal,6.691228070175439,0.0,0.0,,2028-06-30 00:00:00+00:00,Knee injury,,0.0,,3.3456140350877197
819972,Cherif Ndiaye,False,male,1996-01-23 00:00:00+00:00,9750,Samsunspor,False,Striker,striker,190,cm,79,kg,Senegal,4.48421052631579,16.0,3.0,,2029-06-30 00:00:00+00:00,,,19.0,5.333333333333333,7.6421052631578945
837061,Krépin Diatta,False,male,1999-02-25 00:00:00+00:00,9829,Monaco,False,Right Back,rightback,173,cm,68,kg,Senegal,5.986666666666667,0.0,4.0,,,,,4.0,0.0,3.793333333333334
844544,Pape Gueye,False,male,1999-01-24 00:00:00+00:00,10205,Villarreal,False,Central Midfielder,centermidfielder,189,cm,78,kg,Senegal,5.99375,11.0,3.0,,2028-06-30 00:00:00+00:00,,,14.0,3.6666666666666665,6.896875
872396,Pathé Ciss,False,male,1994-03-16 00:00:00+00:00,8370,Rayo Vallecano,False,Center Back,centerback,183,cm,79,kg,Senegal,5.495384615384615,2.0,3.0,,2027-06-30 00:00:00+00:00,,,5.0,0.6666666666666666,3.9476923076923076
906945,Ismail Jakobs,False,male,1999-08-17 00:00:00+00:00,8637,Galatasaray,False,Left Back,leftback,184,cm,77,kg,Senegal,5.024615384615384,0.0,3.0,,2027-06-30 00:00:00+00:00,,,3.0,0.0,3.112307692307692
965764,Iliman Ndiaye,False,male,2000-03-06 00:00:00+00:00,8668,Everton,False,Right Winger,rightwinger,180,cm,73,kg,Senegal,6.292857142857144,10.0,7.0,,2029-06-30 00:00:00+00:00,,,17.0,1.4285714285714286,7.546428571428573
1041660,Eren Elmali,False,male,2000-07-07 00:00:00+00:00,8637,Galatasaray,False,Left Back,leftback,180,cm,73,kg,Turkiye,4.863793103448276,4.0,1.0,,2028-06-30 00:00:00+00:00,,,5.0,4.0,3.831896551724138
1092015,Oguz Aydin,False,male,2000-10-27 00:00:00+00:00,8695,Fenerbahçe,False,Left Winger,leftwinger,183,cm,77,kg,Turkiye,3.8128571428571427,0.0,5.0,,2028-06-30 00:00:00+00:00,,,5.0,0.0,2.906428571428571
1117570,Kerem Aktürkoglu,False,male,1998-10-21 00:00:00+00:00,8695,Fenerbahçe,False,Left Winger,leftwinger,173,cm,69,kg,Turkiye,6.259090909090909,21.0,10.0,,2029-06-30 00:00:00+00:00,,,31.0,2.1,11.429545454545455
1183589,Ismail Yüksek,False,male,1999-01-26 00:00:00+00:00,8695,Fenerbahçe,False,Defensive Midfielder,centerdefensivemidfielder,183,cm,76,kg,Turkiye,5.719999999999999,2.0,3.0,,2028-06-30 00:00:00+00:00,,,5.0,0.6666666666666666,4.06
1253890,Arda Güler,False,male,2005-02-25 00:00:00+00:00,8633,Real Madrid,False,Attacking Midfielder,centerattackingmidfielder,176,cm,69,kg,Turkiye,7.2446153846153845,8.0,20.0,,2029-06-30 00:00:00+00:00,,,28.0,0.4,10.022307692307692
1367924,Can Uzun,False,male,2005-11-11 00:00:00+00:00,9810,Eintracht Frankfurt,False,Attacking Midfielder,centerattackingmidfielder,186,cm,79,kg,Turkiye,5.828205128205129,11.0,6.0,,2029-06-30 00:00:00+00:00,,,17.0,1.8333333333333333,7.414102564102564
1406300,Deniz Gül,False,male,2004-07-02 00:00:00+00:00,9773,FC Porto,False,Striker,striker,190,cm,83,kg,Turkiye,4.407936507936508,9.0,1.0,,2029-06-30 00:00:00+00:00,,,10.0,9.0,5.103968253968254
1412132,Kenan Yildiz,False,male,2005-05-04 00:00:00+00:00,9885,Juventus,False,Attacking Midfielder,centerattackingmidfielder,185,cm,77,kg,Turkiye,6.953125,14.0,10.0,,2030-06-30 00:00:00+00:00,,,24.0,1.4,9.6765625
150372,Mert Günok,False,male,1989-03-01 00:00:00+00:00,8695,Fenerbahçe,False,Keeper,keeper_long,196,cm,76,kg,Turkiye,2.1216666666666666,0.0,0.0,,2028-06-30 00:00:00+00:00,,,0.0,,1.0608333333333333
291399,Abdülkerim Bardakci,False,male,1994-09-07 00:00:00+00:00,8637,Galatasaray,False,Center Back,centerback,184,cm,77,kg,Turkiye,6.492063492063493,1.0,2.0,,2027-06-30 00:00:00+00:00,,,3.0,0.5,3.9460317460317462
304733,Hakan Çalhanoglu,False,male,1994-02-08 00:00:00+00:00,8636,Inter,False,Central Midfielder,centermidfielder,176,cm,76,kg,Turkiye,6.15,13.0,11.0,,2027-06-30 00:00:00+00:00,,,24.0,1.1818181818181819,9.175
316544,Irfan Kahveci,False,male,1995-07-15 00:00:00+00:00,8695,Fenerbahçe,False,Right Winger,rightwinger,176,cm,71,kg,Turkiye,5.317391304347826,7.0,4.0,,2028-06-30 00:00:00+00:00,,,11.0,1.75,5.558695652173912
424380,Samet Akaydin,False,male,1994-03-13 00:00:00+00:00,9752,Trabzonspor,False,Center Back,centerback,190,cm,83,kg,Turkiye,5.07608695652174,4.0,2.0,,2028-06-30 00:00:00+00:00,,,6.0,2.0,4.138043478260871
441164,Kaan Ayhan,False,male,1994-11-10 00:00:00+00:00,8637,Galatasaray,False,Center Back,centerback,184,cm,84,kg,Turkiye,2.3362068965517246,2.0,1.0,,2028-06-30 00:00:00+00:00,,,3.0,2.0,1.9681034482758621
602261,Caglar Söyüncü,False,male,1996-05-23 00:00:00+00:00,8695,Fenerbahçe,False,Center Back,centerback,187,cm,84,kg,Turkiye,2.568965517241379,0.0,1.0,,2027-06-30 00:00:00+00:00,,,1.0,0.0,1.4844827586206895
603669,Ugurcan Çakir,False,male,1996-04-05 00:00:00+00:00,8637,Galatasaray,False,Keeper,keeper_long,191,cm,78,kg,Turkiye,6.815789473684211,0.0,0.0,,2030-06-30 00:00:00+00:00,,,0.0,,3.4078947368421053
738064,Salih Özcan,False,male,1998-01-11 00:00:00+00:00,10188,Beşiktaş,False,Defensive Midfielder,centerdefensivemidfielder,180,cm,74,kg,Turkiye,1.7979591836734696,1.0,0.0,1869708.0,2029-06-30 00:00:00+00:00,,,1.0,,1.1989795918367347
774448,Ferdi Kadioglu,False,male,1999-10-07 00:00:00+00:00,10204,Brighton & Hove Albion,False,Left Back,leftback,173,cm,64,kg,Turkiye,6.585185185185185,2.0,0.0,,2028-06-30 00:00:00+00:00,,,2.0,,3.8925925925925924
823078,Merih Demiral,False,male,1998-03-05 00:00:00+00:00,2530,Al Ahli,False,Center Back,centerback,192,cm,86,kg,Turkiye,6.4840909090909085,4.0,0.0,,2029-06-30 00:00:00+00:00,,,4.0,,4.442045454545454
845990,Ozan Kabak,False,male,2000-03-25 00:00:00+00:00,8226,Hoffenheim,False,Center Back,centerback,185,cm,80,kg,Turkiye,5.272222222222222,4.0,0.0,,2030-06-30 00:00:00+00:00,,,4.0,,3.8361111111111112
845991,Yunus Akgün,False,male,2000-07-07 00:00:00+00:00,8637,Galatasaray,False,Attacking Midfielder,centerattackingmidfielder,173,cm,67,kg,Turkiye,5.7898305084745765,12.0,11.0,,2029-06-30 00:00:00+00:00,,,23.0,1.0909090909090908,8.694915254237287
866967,Altay Bayindir,False,male,1998-04-14 00:00:00+00:00,10260,Manchester United,False,Keeper,keeper_long,198,cm,88,kg,Turkiye,1.0140350877192983,0.0,0.0,,2027-06-30 00:00:00+00:00,,,0.0,,0.5070175438596491
867225,Zeki Çelik,False,male,1997-02-17 00:00:00+00:00,9885,Juventus,False,Right Wing-Back,right_wing_back,180,cm,73,kg,Turkiye,6.39375,2.0,5.0,8748384.0,2029-06-30 00:00:00+00:00,,,7.0,0.4,4.796875
890232,Baris Alper Yilmaz,False,male,2000-05-23 00:00:00+00:00,8637,Galatasaray,False,Left Winger,leftwinger,186,cm,79,kg,Turkiye,6.4904761904761905,18.0,15.0,,2028-06-30 00:00:00+00:00,,,33.0,1.2,11.645238095238096
904098,Mert Müldür,False,male,1999-04-03 00:00:00+00:00,8695,Fenerbahçe,False,Right Back,rightback,188,cm,74,kg,Turkiye,4.662857142857142,2.0,2.0,,2027-06-30 00:00:00+00:00,,,4.0,1.0,3.331428571428571
935409,Orkun Kökcü,False,male,2000-12-29 00:00:00+00:00,10188,Beşiktaş,False,Defensive Midfielder,centerdefensivemidfielder,175,cm,69,kg,Turkiye,6.416071428571428,11.0,11.0,,2030-06-30 00:00:00+00:00,,,22.0,1.0,8.708035714285714
1137705,Enzo Fernández,False,male,2001-01-17 00:00:00+00:00,8455,Chelsea,False,Attacking Midfielder,centerattackingmidfielder,178,cm,78,kg,Argentina,6.925714285714287,18.0,7.0,,2032-06-30 00:00:00+00:00,,,25.0,2.5714285714285716,10.262857142857143
1216079,José Manuel López,False,male,2000-12-06 00:00:00+00:00,10283,Palmeiras,False,Striker,striker,190,cm,77,kg,Argentina,6.055714285714286,22.0,14.0,,2029-12-31 00:00:00+00:00,,,36.0,1.5714285714285714,12.427857142857142
1226147,Giuliano Simeone,False,male,2002-12-18 00:00:00+00:00,9906,Atletico Madrid,False,Right Midfielder,rightmidfielder,173,cm,75,kg,Argentina,6.104285714285715,8.0,8.0,,2030-06-30 00:00:00+00:00,,,16.0,1.0,7.052142857142858
1272440,Valentín Barco,False,male,2004-07-23 00:00:00+00:00,9848,Strasbourg,False,Defensive Midfielder,centerdefensivemidfielder,170,cm,67,kg,Argentina,6.036842105263158,5.0,9.0,,2029-06-30 00:00:00+00:00,,,14.0,0.5555555555555556,6.318421052631579
1347574,Nico Paz,False,male,2004-09-08 00:00:00+00:00,10171,Como,False,Attacking Midfielder,centerattackingmidfielder,186,cm,73,kg,Argentina,6.09,15.0,7.0,,2028-06-30 00:00:00+00:00,,,22.0,2.142857142857143,8.945
174321,Nicolás Otamendi,False,male,1988-02-12 00:00:00+00:00,10076,River Plate,False,Center Back,centerback,183,cm,84,kg,Argentina,6.465217391304346,4.0,1.0,,2027-12-31 00:00:00+00:00,,,5.0,4.0,4.6326086956521735
195750,Nicolás Tagliafico,False,male,1992-08-31 00:00:00+00:00,9748,Lyon,False,Left Back,leftback,169,cm,65,kg,Argentina,5.4653846153846155,0.0,3.0,,2027-06-30 00:00:00+00:00,,,3.0,0.0,3.332692307692308
237606,Leandro Paredes,False,male,1994-06-29 00:00:00+00:00,10077,Boca Juniors,False,Central Midfielder,centermidfielder,180,cm,73,kg,Argentina,7.028846153846154,4.0,7.0,,2028-12-31 00:00:00+00:00,,,11.0,0.5714285714285714,6.114423076923077
245555,Gerónimo Rulli,False,male,1992-05-20 00:00:00+00:00,8592,Marseille,False,Keeper,keeper_long,189,cm,80,kg,Argentina,4.431818181818182,0.0,0.0,,2027-06-30 00:00:00+00:00,,,0.0,,2.215909090909091
268375,Emiliano Martínez,False,male,1992-09-02 00:00:00+00:00,10252,Aston Villa,False,Keeper,keeper_long,195,cm,88,kg,Argentina,6.55625,0.0,1.0,,2029-06-30 00:00:00+00:00,,,1.0,0.0,3.4781250000000004
30981,Lionel Messi,False,male,1987-06-24 00:00:00+00:00,960720,Inter Miami CF,False,Striker,striker,170,cm,72,kg,Argentina,8.223636363636365,48.0,34.0,,2028-12-31 00:00:00+00:00,,,82.0,1.411764705882353,25.311818181818182
324578,Rodrigo De Paul,False,male,1994-05-24 00:00:00+00:00,960720,Inter Miami CF,False,Central Midfielder,centermidfielder,178,cm,78,kg,Argentina,7.28103448275862,6.0,12.0,,2029-12-31 00:00:00+00:00,,,18.0,0.5,7.84051724137931
389050,Juan Musso,False,male,1994-05-06 00:00:00+00:00,9906,Atletico Madrid,False,Keeper,keeper_long,191,cm,93,kg,Argentina,2.1971428571428575,0.0,0.0,,2028-06-30 00:00:00+00:00,,,0.0,,1.0985714285714288
604126,Giovani Lo Celso,False,male,1996-04-09 00:00:00+00:00,8603,Real Betis,False,Attacking Midfielder,centerattackingmidfielder,177,cm,75,kg,Argentina,5.011538461538461,5.0,3.0,,2028-06-30 00:00:00+00:00,,,8.0,1.6666666666666667,4.60576923076923
687008,Gonzalo Montiel,False,male,1997-01-01 00:00:00+00:00,10076,River Plate,False,Right Back,rightback,175,cm,70,kg,Argentina,5.866666666666667,9.0,2.0,,2028-12-31 00:00:00+00:00,,,11.0,4.5,6.033333333333333
690230,Lautaro Martínez,False,male,1997-08-22 00:00:00+00:00,8636,Inter,False,Striker,striker,174,cm,72,kg,Argentina,6.464062500000001,31.0,11.0,,2029-06-30 00:00:00+00:00,,,42.0,2.8181818181818183,14.732031249999999
693599,Exequiel Palacios,False,male,1998-10-05 00:00:00+00:00,8178,Bayer Leverkusen,False,Defensive Midfielder,centerdefensivemidfielder,177,cm,71,kg,Argentina,4.964285714285714,1.0,1.0,,2030-06-30 00:00:00+00:00,,,2.0,1.0,2.982142857142857
726345,Nahuel Molina,False,male,1998-04-06 00:00:00+00:00,9906,Atletico Madrid,False,Right Back,rightback,175,cm,72,kg,Argentina,5.12,2.0,5.0,,2027-06-30 00:00:00+00:00,,,7.0,0.4,4.16
785411,Marcos Senesi,False,male,1997-05-10 00:00:00+00:00,8586,Tottenham Hotspur,False,Center Back,centerback,184,cm,80,kg,Argentina,5.567272727272728,0.0,5.0,,2030-06-30 00:00:00+00:00,,,5.0,0.0,3.783636363636364
789066,Cristian Romero,False,male,1998-04-27 00:00:00+00:00,8586,Tottenham Hotspur,False,Center Back,centerback,185,cm,79,kg,Argentina,6.824999999999999,7.0,3.0,,2029-06-30 00:00:00+00:00,,,10.0,2.3333333333333335,6.112499999999999
812652,Facundo Medina,False,male,1999-05-28 00:00:00+00:00,8592,Marseille,False,Center Back,centerback,184,cm,77,kg,Argentina,5.107142857142857,0.0,2.0,,2030-06-30 00:00:00+00:00,,,2.0,0.0,2.9535714285714283
831489,Alexis Mac Allister,False,male,1998-12-24 00:00:00+00:00,8650,Liverpool,False,Defensive Midfielder,centerdefensivemidfielder,174,cm,72,kg,Argentina,6.832857142857143,8.0,8.0,,2028-06-30 00:00:00+00:00,,,16.0,1.0,7.416428571428572
841672,Nicolás González,False,male,1998-04-06 00:00:00+00:00,9885,Juventus,False,Left Midfielder,leftmidfielder,180,cm,72,kg,Argentina,5.7714285714285705,5.0,5.0,,2029-06-30 00:00:00+00:00,,,10.0,1.0,5.385714285714285
847983,Lisandro Martínez,False,male,1998-01-18 00:00:00+00:00,10260,Manchester United,False,Center Back,centerback,178,cm,77,kg,Argentina,6.19,1.0,1.0,,2027-06-30 00:00:00+00:00,,,2.0,1.0,3.595
955271,Thiago Almada,False,male,2001-04-26 00:00:00+00:00,9906,Atletico Madrid,False,Left Midfielder,leftmidfielder,171,cm,65,kg,Argentina,5.24927536231884,5.0,4.0,,2030-06-30 00:00:00+00:00,,,9.0,1.25,4.92463768115942
974753,Julián Álvarez,False,male,2000-01-31 00:00:00+00:00,9906,Atletico Madrid,False,Striker,striker,170,cm,71,kg,Argentina,6.527142857142858,23.0,10.0,,2030-06-30 00:00:00+00:00,,,33.0,2.3,12.163571428571428
1032039,Jackson Porozo,False,male,2000-08-04 00:00:00+00:00,162418,Tijuana,False,Center Back,centerback,192,cm,86,kg,Ecuador,6.159090909090907,4.0,0.0,,2027-06-30 00:00:00+00:00,,,4.0,,4.279545454545453
1108611,Pedro Vite,False,male,2002-03-09 00:00:00+00:00,1946,Pumas,False,Central Midfielder,centermidfielder,172,cm,68,kg,Ecuador,6.958620689655171,4.0,3.0,,2029-07-18 00:00:00+00:00,,,7.0,1.3333333333333333,5.279310344827586
1137667,Piero Hincapié,False,male,2002-01-09 00:00:00+00:00,9825,Arsenal,False,Left Back,leftback,184,cm,70,kg,Ecuador,5.5698412698412705,1.0,2.0,,2031-06-30 00:00:00+00:00,,,3.0,0.5,3.484920634920635
1137668,Moisés Caicedo,False,male,2001-11-02 00:00:00+00:00,8455,Chelsea,False,Defensive Midfielder,centerdefensivemidfielder,178,cm,71,kg,Ecuador,6.71076923076923,5.0,1.0,,2033-06-30 00:00:00+00:00,,,6.0,5.0,5.055384615384615
1137670,Willian Pacho,False,male,2001-10-16 00:00:00+00:00,9847,Paris Saint-Germain,False,Center Back,centerback,188,cm,79,kg,Ecuador,6.1484375,2.0,1.0,,2029-06-30 00:00:00+00:00,,,3.0,2.0,3.8742187500000003
1274400,Alan Minda,False,male,2003-05-14 00:00:00+00:00,10272,Atletico MG,False,Striker,striker,174,cm,61,kg,Ecuador,4.046031746031747,6.0,2.0,,2030-12-31 00:00:00+00:00,,,8.0,3.0,4.223015873015873
1287010,Nilson Angulo,False,male,2003-06-19 00:00:00+00:00,8472,Sunderland,False,Left Winger,leftwinger,182,cm,64,kg,Ecuador,6.113207547169812,10.0,5.0,,2030-06-30 00:00:00+00:00,,,15.0,2.0,7.056603773584905
1353364,Anthony Valencia,False,male,2003-07-21 00:00:00+00:00,9988,Royal Antwerp,False,Attacking Midfielder,centerattackingmidfielder,174,cm,69,kg,Ecuador,4.538461538461538,5.0,2.0,,,,,7.0,2.5,4.1692307692307695
1354085,Joel Ordóñez,False,male,2004-04-21 00:00:00+00:00,8342,Club Brugge,False,Center Back,centerback,185,cm,70,kg,Ecuador,6.301639344262295,4.0,0.0,,2029-06-30 00:00:00+00:00,,,4.0,,4.350819672131148
1391753,Yaimar Medina,False,male,2004-11-05 00:00:00+00:00,9987,Genk,False,Left Back,leftback,178,cm,70,kg,Ecuador,4.4603174603174605,1.0,3.0,,2029-06-30 00:00:00+00:00,,,4.0,0.3333333333333333,3.13015873015873
1418122,Jeremy Arévalo,False,male,2005-03-19 00:00:00+00:00,8458,VfB Stuttgart II,False,Striker,striker,173,cm,79,kg,Ecuador,3.8227272727272723,13.0,2.0,,,,,15.0,6.5,6.211363636363636
1421270,Kevin Rodríguez,False,male,2000-03-04 00:00:00+00:00,7978,Union St.Gilloise,False,Striker,striker,190,cm,83,kg,Ecuador,6.125925925925926,14.0,5.0,,2027-06-30 00:00:00+00:00,,,19.0,2.8,8.262962962962963
1443464,Kendry Páez,False,male,2007-05-04 00:00:00+00:00,10076,River Plate,True,Right Winger,rightwinger,178,cm,71,kg,Ecuador,3.9365079365079363,2.0,1.0,,2033-06-30 00:00:00+00:00,,,3.0,2.0,2.768253968253968
146801,Hernán Galíndez,False,male,1987-03-30 00:00:00+00:00,10081,Huracan,False,Keeper,keeper_long,189,cm,84,kg,Ecuador,6.951162790697674,0.0,0.0,,2027-12-31 00:00:00+00:00,,,0.0,,3.475581395348837
1477417,Denil Castillo,False,male,2004-03-24 00:00:00+00:00,8113,FC Midtjylland,False,Central Midfielder,centermidfielder,189,cm,83,kg,Ecuador,5.621666666666667,6.0,6.0,,2031-06-30 00:00:00+00:00,,,12.0,1.0,5.810833333333334
1614051,Gonzalo Valle,False,male,1996-02-28 00:00:00+00:00,6721,LDU de Quito,False,Keeper,keeper_long,186,cm,86,kg,Ecuador,5.051923076923078,0.0,0.0,,2028-12-31 00:00:00+00:00,,,0.0,,2.525961538461539
195927,Enner Valencia,False,male,1989-11-04 00:00:00+00:00,,,,Striker,striker,177,cm,73,kg,Ecuador,5.972727272727273,11.0,1.0,,,,,12.0,11.0,6.486363636363636
688278,Pervis Estupinán,False,male,1998-01-21 00:00:00+00:00,8564,Milan,False,Left Midfielder,leftmidfielder,175,cm,79,kg,Ecuador,3.8627450980392157,2.0,1.0,,2030-06-30 00:00:00+00:00,,,3.0,2.0,2.731372549019608
766159,Jordy Caicedo,False,male,1997-11-18 00:00:00+00:00,10081,Huracan,True,Striker,striker,186,cm,82,kg,Ecuador,3.483333333333333,9.0,0.0,,,,,9.0,,4.441666666666666
825641,Félix Torres,False,male,1997-01-11 00:00:00+00:00,8702,Internacional,True,Center Back,centerback,187,cm,79,kg,Ecuador,2.911666666666667,2.0,0.0,,,,,2.0,,2.0558333333333336
832171,Alan Franco,False,male,1998-08-21 00:00:00+00:00,10272,Atletico MG,False,Defensive Midfielder,centerdefensivemidfielder,175,cm,76,kg,Ecuador,6.601428571428571,1.0,2.0,,2027-12-31 00:00:00+00:00,,,3.0,0.5,4.0007142857142854
845368,John Yeboah,False,male,2000-06-23 00:00:00+00:00,7881,Venezia,False,Striker,striker,170,cm,66,kg,Ecuador,7.041176470588234,13.0,13.0,,2028-06-30 00:00:00+00:00,,,26.0,1.0,10.020588235294117
848593,Ángelo Preciado,False,male,1998-02-18 00:00:00+00:00,10272,Atletico MG,False,Right Midfielder,rightmidfielder,174,cm,73,kg,Ecuador,4.2880597014925375,1.0,5.0,,2029-12-31 00:00:00+00:00,,,6.0,0.2,3.4440298507462686
950396,Jordy Alcívar,False,male,1999-08-05 00:00:00+00:00,192875,Independiente del Valle,False,Defensive Midfielder,centerdefensivemidfielder,168,cm,71,kg,Ecuador,5.085245901639345,3.0,3.0,,2029-12-31 00:00:00+00:00,,,6.0,1.0,4.0426229508196725
978290,Moisés Ramirez,False,male,2000-09-09 00:00:00+00:00,488099,Kifisia FC,False,Keeper,keeper_long,185,cm,77,kg,Ecuador,4.194,0.0,0.0,,,,,0.0,,2.097
980311,Gonzalo Plata,False,male,2000-11-01 00:00:00+00:00,9770,Flamengo,False,Right Winger,rightwinger,178,cm,76,kg,Ecuador,6.162857142857142,6.0,9.0,,2029-06-30 00:00:00+00:00,,,15.0,0.6666666666666666,6.681428571428571
1097466,Micky van de Ven,False,male,2001-04-19 00:00:00+00:00,8586,Tottenham Hotspur,False,Center Back,centerback,193,cm,81,kg,Netherlands,6.237878787878787,7.0,1.0,,2029-06-30 00:00:00+00:00,,,8.0,7.0,5.418939393939394
1125720,Robin Roefs,False,male,2003-01-17 00:00:00+00:00,8472,Sunderland,False,Keeper,keeper_long,193,cm,86,kg,Netherlands,5.207843137254901,0.0,0.0,,2030-06-30 00:00:00+00:00,,,0.0,,2.6039215686274506
1131987,Bart Verbruggen,False,male,2002-08-18 00:00:00+00:00,10204,Brighton & Hove Albion,False,Keeper,keeper_long,193,cm,85,kg,Netherlands,6.403636363636364,0.0,0.0,,2028-06-30 00:00:00+00:00,,,0.0,,3.201818181818182
1413846,Jorrel Hato,False,male,2006-03-07 00:00:00+00:00,8455,Chelsea,False,Left Back,leftback,182,cm,76,kg,Netherlands,3.7651515151515156,2.0,1.0,,2032-06-30 00:00:00+00:00,,,3.0,2.0,2.682575757575758
198559,Marten de Roon,False,male,1991-03-29 00:00:00+00:00,8524,Atalanta,False,Defensive Midfielder,centerdefensivemidfielder,185,cm,76,kg,Netherlands,6.148333333333334,2.0,5.0,,2027-06-30 00:00:00+00:00,,,7.0,0.4,4.674166666666667
209405,Virgil van Dijk,False,male,1991-07-08 00:00:00+00:00,8650,Liverpool,False,Center Back,centerback,193,cm,92,kg,Netherlands,7.191428571428571,11.0,4.0,,2027-06-30 00:00:00+00:00,,,15.0,2.75,7.695714285714286
303824,Memphis Depay,False,male,1994-02-13 00:00:00+00:00,9808,Corinthians,False,Striker,striker,178,cm,78,kg,Netherlands,6.454166666666667,12.0,5.0,,2026-07-31 00:00:00+00:00,,,17.0,2.4,7.8270833333333325
330643,Mark Flekken,False,male,1993-06-13 00:00:00+00:00,8178,Bayer Leverkusen,False,Keeper,keeper_long,189,cm,74,kg,Netherlands,4.982352941176471,0.0,0.0,,2028-06-30 00:00:00+00:00,,,0.0,,2.4911764705882353
351999,Wout Weghorst,False,male,1992-08-07 00:00:00+00:00,8611,FC Twente,False,Striker,striker,197,cm,82,kg,Netherlands,5.546808510638299,9.0,4.0,,2028-06-30 00:00:00+00:00,,,13.0,2.25,6.273404255319149
417068,Nathan Aké,False,male,1995-02-18 00:00:00+00:00,8695,Fenerbahçe,False,Center Back,centerback,180,cm,71,kg,Netherlands,3.1857142857142855,0.0,0.0,,,,,0.0,,1.5928571428571427
593118,Denzel Dumfries,False,male,1996-04-18 00:00:00+00:00,8633,Real Madrid,False,Right Midfielder,rightmidfielder,189,cm,80,kg,Netherlands,6.351162790697675,6.0,7.0,,2030-06-30 00:00:00+00:00,,,13.0,0.8571428571428571,6.375581395348838
638622,Frenkie de Jong,False,male,1997-05-12 00:00:00+00:00,8634,Barcelona,False,Defensive Midfielder,centerdefensivemidfielder,181,cm,74,kg,Netherlands,6.716666666666668,1.0,10.0,,2029-06-30 00:00:00+00:00,Knee injury,October 2026,11.0,0.1,5.658333333333333
660301,Donyell Malen,False,male,1999-01-19 00:00:00+00:00,8686,Roma,False,Striker,striker,179,cm,77,kg,Netherlands,5.843478260869565,26.0,6.0,,2030-06-30 00:00:00+00:00,,,32.0,4.333333333333333,11.921739130434784
774947,Guus Til,False,male,1997-12-22 00:00:00+00:00,8640,PSV Eindhoven,False,Striker,striker,183,cm,72,kg,Netherlands,6.493877551020408,18.0,7.0,,2028-06-30 00:00:00+00:00,,,25.0,2.5714285714285716,10.046938775510204
794253,Justin Kluivert,False,male,1999-05-05 00:00:00+00:00,8678,AFC Bournemouth,False,Attacking Midfielder,centerattackingmidfielder,175,cm,67,kg,Netherlands,5.084375,2.0,0.0,,2028-06-30 00:00:00+00:00,,,2.0,,3.1421875
806552,Cody Gakpo,False,male,1999-05-07 00:00:00+00:00,8650,Liverpool,False,Left Winger,leftwinger,193,cm,81,kg,Netherlands,7.033333333333333,21.0,10.0,,2030-06-30 00:00:00+00:00,,,31.0,2.1,11.816666666666666
837341,Noa Lang,False,male,1999-06-17 00:00:00+00:00,9875,Napoli,False,Left Winger,leftwinger,170,cm,68,kg,Netherlands,4.198529411764706,3.0,5.0,,2030-06-30 00:00:00+00:00,,,8.0,0.6,3.9992647058823527
866516,Teun Koopmeiners,False,male,1998-02-28 00:00:00+00:00,9885,Juventus,False,Center Back,centerback,186,cm,77,kg,Netherlands,5.465624999999999,2.0,2.0,,2029-06-30 00:00:00+00:00,,,4.0,1.0,3.7328124999999996
868344,Tijjani Reijnders,False,male,1998-07-29 00:00:00+00:00,8456,Manchester City,False,Attacking Midfielder,centerattackingmidfielder,185,cm,73,kg,Netherlands,5.535714285714286,9.0,8.0,,2030-06-30 00:00:00+00:00,,,17.0,1.125,7.067857142857143
881640,Lutsharel Geertruida,False,male,2000-07-18 00:00:00+00:00,178475,RB Leipzig,False,Right Back,rightback,184,cm,72,kg,Netherlands,4.176,0.0,0.0,,2029-06-30 00:00:00+00:00,,,0.0,,2.088
940446,Brian Brobbey,False,male,2002-02-01 00:00:00+00:00,8472,Sunderland,False,Striker,striker,180,cm,73,kg,Netherlands,5.472340425531915,10.0,2.0,,2029-06-30 00:00:00+00:00,,,12.0,5.0,6.136170212765958
941213,Crysencio Summerville,False,male,2001-10-30 00:00:00+00:00,8654,West Ham United,False,Left Winger,leftwinger,174,cm,61,kg,Netherlands,6.967499999999999,9.0,5.0,,2029-06-30 00:00:00+00:00,,,14.0,1.8,7.18375
956683,Ryan Gravenberch,False,male,2002-05-16 00:00:00+00:00,8650,Liverpool,False,Defensive Midfielder,centerdefensivemidfielder,190,cm,75,kg,Netherlands,6.704411764705883,6.0,8.0,,2032-06-30 00:00:00+00:00,,,14.0,0.75,6.752205882352941
970243,Mats Wieffer,False,male,1999-11-16 00:00:00+00:00,10204,Brighton & Hove Albion,False,Right Back,rightback,188,cm,74,kg,Netherlands,5.23888888888889,2.0,3.0,,2029-06-30 00:00:00+00:00,,,5.0,0.6666666666666666,3.819444444444445
970563,Quinten Timber,False,male,2001-06-17 00:00:00+00:00,8592,Marseille,False,Defensive Midfielder,centerdefensivemidfielder,179,cm,69,kg,Netherlands,6.184615384615384,5.0,4.0,,2030-06-30 00:00:00+00:00,,,9.0,1.25,5.392307692307692
974618,Jan Paul van Hecke,False,male,2000-06-08 00:00:00+00:00,8586,Tottenham Hotspur,False,Center Back,centerback,189,cm,72,kg,Netherlands,6.529090909090908,4.0,3.0,,,,,7.0,1.3333333333333333,5.0645454545454545
1014496,Odilon Kossounou,False,male,2001-01-04 00:00:00+00:00,8524,Atalanta,False,Center Back,centerback,188,cm,80,kg,Ivory Coast,4.053125,1.0,0.0,,2029-06-30 00:00:00+00:00,,,1.0,,2.3265624999999996
1027472,Wilfried Singo,False,male,2000-12-25 00:00:00+00:00,8637,Galatasaray,False,Center Back,centerback,190,cm,79,kg,Ivory Coast,4.342553191489362,3.0,3.0,,2030-06-30 00:00:00+00:00,Hamstring injury,,6.0,1.0,3.671276595744681
1070052,Amad Diallo,False,male,2002-07-11 00:00:00+00:00,10260,Manchester United,False,Right Winger,rightwinger,174,cm,68,kg,Ivory Coast,6.163636363636364,10.0,6.0,,2030-06-30 00:00:00+00:00,,,16.0,1.6666666666666667,7.281818181818182
1087966,Evann Guessand,False,male,2001-07-01 00:00:00+00:00,10252,Aston Villa,False,Right Winger,rightwinger,185,cm,79,kg,Ivory Coast,4.183333333333334,7.0,2.0,,2030-06-30 00:00:00+00:00,,,9.0,3.5,4.591666666666667
1114979,Emmanuel Agbadou,False,male,1997-06-17 00:00:00+00:00,10188,Beşiktaş,False,Center Back,centerback,192,cm,84,kg,Ivory Coast,4.53,2.0,5.0,,2030-06-30 00:00:00+00:00,,,7.0,0.4,3.865
1186770,Parfait Guiagon,False,male,2001-02-22 00:00:00+00:00,9986,Sporting Charleroi,False,Left Winger,leftwinger,169,cm,64,kg,Ivory Coast,5.1269230769230765,12.0,6.0,,2028-06-30 00:00:00+00:00,,,18.0,2.0,7.3634615384615385
1199383,Ange-Yoan Bonny,False,male,2003-10-25 00:00:00+00:00,8636,Inter,False,Striker,striker,189,cm,83,kg,Ivory Coast,5.48135593220339,8.0,7.0,,2030-06-30 00:00:00+00:00,,,15.0,1.1428571428571428,6.540677966101695
1213430,Elye Wahi,False,male,2003-01-02 00:00:00+00:00,9810,Eintracht Frankfurt,False,Striker,striker,184,cm,74,kg,Ivory Coast,5.058333333333334,12.0,5.0,,2030-06-30 00:00:00+00:00,,,17.0,2.4,7.129166666666666
1227012,Simon Adingra,False,male,2002-01-01 00:00:00+00:00,8472,Sunderland,False,Left Winger,leftwinger,175,cm,68,kg,Ivory Coast,3.9127272727272726,7.0,4.0,,2030-06-30 00:00:00+00:00,,,11.0,1.75,4.856363636363636
1280201,Mohamed Koné,False,male,2002-03-07 00:00:00+00:00,9986,Sporting Charleroi,False,Keeper,keeper_long,186,cm,79,kg,Ivory Coast,2.134375,0.0,0.0,,2027-06-30 00:00:00+00:00,,,0.0,,1.0671875
1328540,Oumar Diakité,False,male,2003-12-20 00:00:00+00:00,9837,Reims,False,Striker,striker,188,cm,79,kg,Ivory Coast,4.353488372093023,8.0,1.0,,2028-06-30 00:00:00+00:00,,,9.0,8.0,4.776744186046511
1395704,Guéla Doué,False,male,2002-10-17 00:00:00+00:00,9848,Strasbourg,False,Right Back,rightback,187,cm,78,kg,Ivory Coast,6.68,4.0,9.0,,2029-06-30 00:00:00+00:00,,,13.0,0.4444444444444444,6.34
1425182,Ousmane Diomande,False,male,2003-12-04 00:00:00+00:00,9768,Sporting CP,False,Center Back,centerback,190,cm,83,kg,Ivory Coast,4.345283018867925,1.0,1.0,,2030-06-30 00:00:00+00:00,,,2.0,1.0,2.6726415094339626
1624586,Bazoumana Touré,False,male,2006-03-02 00:00:00+00:00,10261,Newcastle United,False,Left Winger,leftwinger,178,cm,79,kg,Ivory Coast,5.122641509433962,7.0,10.0,,,,,17.0,0.7,6.661320754716981
1666494,Christ Inao Oulaï,False,male,2006-04-06 00:00:00+00:00,8535,Fiorentina,False,Defensive Midfielder,centerdefensivemidfielder,173,cm,77,kg,Ivory Coast,5.995652173913043,2.0,4.0,3169606.0,,,,6.0,0.5,4.397826086956521
1735453,Yan Diomande,False,male,2006-11-14 00:00:00+00:00,178475,RB Leipzig,False,Right Winger,rightwinger,180,cm,79,kg,Ivory Coast,6.726923076923076,16.0,10.0,,2030-06-30 00:00:00+00:00,,,26.0,1.6,10.163461538461538
470539,Jean Michaël Seri,False,male,1991-07-19 00:00:00+00:00,8340,Maribor,False,Central Midfielder,centermidfielder,169,cm,74,kg,Côte d'Ivoire,2.275,0.0,0.0,,2027-05-31 00:00:00+00:00,,,0.0,,1.1375
575735,Nicolas Pépé,False,male,1995-05-29 00:00:00+00:00,10205,Villarreal,False,Right Midfielder,rightmidfielder,178,cm,68,kg,Ivory Coast,6.193548387096774,12.0,11.0,,2028-06-30 00:00:00+00:00,,,23.0,1.0909090909090908,8.896774193548387
579747,Franck Kessié,False,male,1996-12-19 00:00:00+00:00,2530,Al Ahli,False,Defensive Midfielder,centerdefensivemidfielder,180,cm,77,kg,Ivory Coast,6.16774193548387,15.0,6.0,,,,,21.0,2.5,8.783870967741937
602211,Seko Fofana,False,male,1995-05-07 00:00:00+00:00,9851,Rennes,False,Central Midfielder,centermidfielder,183,cm,74,kg,Ivory Coast,4.43125,4.0,0.0,,2029-06-30 00:00:00+00:00,,,4.0,,3.4156250000000004
698273,Alban Lafont,False,male,1999-01-23 00:00:00+00:00,9830,Nantes,False,Keeper,keeper_long,191,cm,80,kg,Ivory Coast,3.7579710144927536,0.0,0.0,,2027-06-30 00:00:00+00:00,,,0.0,,1.8789855072463768
740997,Ghislain Konan,False,male,1995-12-27 00:00:00+00:00,9764,Gil Vicente,False,Left Back,leftback,176,cm,71,kg,Ivory Coast,5.901999999999999,0.0,2.0,,,,,2.0,0.0,3.3509999999999995
787242,Evan N'Dicka,False,male,1999-08-20 00:00:00+00:00,8686,Roma,False,Center Back,centerback,192,cm,88,kg,Ivory Coast,5.7951612903225795,5.0,0.0,,2028-06-30 00:00:00+00:00,,,5.0,,4.397580645161289
795371,Ibrahim Sangaré,False,male,1997-12-02 00:00:00+00:00,10203,Nottingham Forest,False,Defensive Midfielder,centerdefensivemidfielder,191,cm,77,kg,Ivory Coast,5.13623188405797,3.0,4.0,,2028-06-30 00:00:00+00:00,,,7.0,0.75,4.268115942028985
802462,Christopher Opéri,False,male,1997-04-29 00:00:00+00:00,1933,Başakşehir,False,Left Back,leftback,182,cm,73,kg,Ivory Coast,4.5062500000000005,2.0,8.0,,2027-06-30 00:00:00+00:00,,,10.0,0.25,4.453125
873566,Yahia Fofana,False,male,2000-08-21 00:00:00+00:00,2166,Rizespor,False,Keeper,keeper_long,194,cm,86,kg,Ivory Coast,5.40625,0.0,1.0,,2028-06-30 00:00:00+00:00,,,1.0,0.0,2.903125
1074586,Israel Reyes,False,male,2000-05-23 00:00:00+00:00,6576,CF America,False,Center Back,centerback,179,cm,73,kg,Mexico,6.31,0.0,1.0,,2028-12-31 00:00:00+00:00,,,1.0,0.0,3.355
1170238,Brian Gutiérrez,False,male,2003-06-17 00:00:00+00:00,7807,Chivas,False,Central Midfielder,centermidfielder,178,cm,72,kg,Mexico,6.702173913043478,7.0,4.0,,2030-06-30 00:00:00+00:00,,,11.0,1.75,6.251086956521739
1227878,Raúl Rangel,False,male,2000-02-25 00:00:00+00:00,7807,Chivas,False,Keeper,keeper_long,191,cm,88,kg,Mexico,6.34406779661017,0.0,0.0,,2028-06-30 00:00:00+00:00,,,0.0,,3.172033898305085
1254394,Obed Vargas,False,male,2005-08-05 00:00:00+00:00,9906,Atletico Madrid,False,Defensive Midfielder,centerdefensivemidfielder,175,cm,69,kg,Mexico,4.4828125,4.0,1.0,,2030-06-30 00:00:00+00:00,,,5.0,4.0,3.64140625
1432212,Mateo Chávez,False,male,2004-05-12 00:00:00+00:00,10229,AZ Alkmaar,False,Left Back,leftback,176,cm,71,kg,Mexico,3.9781250000000004,2.0,2.0,,2030-06-30 00:00:00+00:00,,,4.0,1.0,2.9890625
1456983,Armando González,False,male,2003-04-20 00:00:00+00:00,7807,Chivas,False,Striker,striker,179,cm,67,kg,Mexico,5.765454545454545,26.0,3.0,,,,,29.0,8.666666666666666,11.282727272727271
1670377,Gilberto Mora,False,male,2008-10-14 00:00:00+00:00,162418,Tijuana,False,Central Midfielder,centermidfielder,168,cm,62,kg,Mexico,6.623684210526315,12.0,3.0,,2029-06-30 00:00:00+00:00,,,15.0,4.0,7.511842105263158
292313,Raul Jiménez,False,male,1991-05-05 00:00:00+00:00,8602,Wolverhampton Wanderers,False,Striker,striker,188,cm,79,kg,Mexico,5.982758620689655,17.0,3.0,,2028-06-30 00:00:00+00:00,,,20.0,5.666666666666667,8.691379310344827
31047,Guillermo Ochoa,False,male,1985-07-13 00:00:00+00:00,2134,AEL Limassol,False,Keeper,keeper_long,185,cm,76,kg,Mexico,0.9071428571428571,0.0,0.0,,,,,0.0,,0.45357142857142857
527616,Luis Chávez,False,male,1996-01-15 00:00:00+00:00,9763,Dinamo Moscow,False,Defensive Midfielder,centerdefensivemidfielder,178,cm,73,kg,Mexico,2.6500000000000004,1.0,0.0,,2027-06-30 00:00:00+00:00,,,1.0,,1.6250000000000002
558539,Guillermo Martínez,False,male,1995-03-15 00:00:00+00:00,1946,Pumas,False,Striker,striker,191,cm,91,kg,Mexico,5.397619047619048,10.0,0.0,,2026-12-31 00:00:00+00:00,,,10.0,,5.698809523809524
559986,Orbelín Pineda,False,male,1996-03-24 00:00:00+00:00,7849,Monterrey,False,Central Midfielder,centermidfielder,170,cm,65,kg,Mexico,5.6308823529411764,5.0,5.0,3749315.0,2027-06-30 00:00:00+00:00,,,10.0,1.0,5.315441176470588
597976,Jesús Gallardo,False,male,1994-08-15 00:00:00+00:00,6618,Toluca,False,Left Back,leftback,178,cm,78,kg,Mexico,6.9375,10.0,6.0,,2027-06-30 00:00:00+00:00,,,16.0,1.6666666666666667,7.66875
664644,César Montes,False,male,1997-02-24 00:00:00+00:00,8710,Lokomotiv Moscow,False,Center Back,centerback,191,cm,70,kg,Mexico,5.6063829787234045,4.0,0.0,,2029-06-30 00:00:00+00:00,,,4.0,,4.003191489361702
720560,Julián Quiñones,False,male,1997-03-24 00:00:00+00:00,101919,Al Qadsiah,False,Striker,striker,176,cm,76,kg,Mexico,7.466666666666666,41.0,5.0,,2029-06-30 00:00:00+00:00,,,46.0,8.2,17.03333333333333
720737,Roberto Alvarado,False,male,1998-09-07 00:00:00+00:00,7807,Chivas,False,Attacking Midfielder,centerattackingmidfielder,176,cm,70,kg,Mexico,6.728846153846154,4.0,8.0,,2029-06-30 00:00:00+00:00,,,12.0,0.5,6.164423076923077
727586,Jorge Sánchez,False,male,1997-12-10 00:00:00+00:00,6577,Atlas,False,Right Back,rightback,175,cm,69,kg,Mexico,4.814999999999999,2.0,3.0,1350069.0,2030-06-30 00:00:00+00:00,,,5.0,0.6666666666666666,3.6074999999999995
728365,Alexis Vega,False,male,1997-11-25 00:00:00+00:00,6618,Toluca,False,Left Winger,leftwinger,174,cm,76,kg,Mexico,6.267391304347825,5.0,14.0,,2028-06-30 00:00:00+00:00,,,19.0,0.35714285714285715,7.433695652173913
751164,Carlos Acevedo,False,male,1996-04-19 00:00:00+00:00,7857,Santos Laguna,False,Keeper,keeper_long,184,cm,74,kg,Mexico,4.269230769230769,0.0,0.0,,2027-06-30 00:00:00+00:00,,,0.0,,2.1346153846153846
783505,Edson Álvarez,False,male,1997-10-24 00:00:00+00:00,8654,West Ham United,False,Defensive Midfielder,centerdefensivemidfielder,186,cm,72,kg,Mexico,5.3,0.0,1.0,,2028-06-30 00:00:00+00:00,,,1.0,0.0,2.85
895954,Álvaro Fidalgo,False,male,1997-04-09 00:00:00+00:00,8603,Real Betis,False,Attacking Midfielder,centerattackingmidfielder,175,cm,70,kg,Mexico,5.518867924528302,3.0,0.0,,2030-06-30 00:00:00+00:00,,,3.0,,3.659433962264151
914103,Johan Vásquez,False,male,1998-10-22 00:00:00+00:00,10233,Genoa,False,Center Back,centerback,185,cm,72,kg,Mexico,6.5618181818181816,3.0,0.0,,2028-06-30 00:00:00+00:00,,,3.0,,4.180909090909091
921174,Luis Romo,False,male,1995-06-05 00:00:00+00:00,7807,Chivas,False,Center Back,centerback,182,cm,78,kg,Mexico,6.9840909090909085,2.0,4.0,,2028-12-31 00:00:00+00:00,,,6.0,0.5,4.892045454545454
954092,Santiago Giménez,False,male,2001-04-18 00:00:00+00:00,8564,Milan,False,Striker,striker,183,cm,72,kg,Mexico,5.457575757575757,3.0,2.0,,2029-06-30 00:00:00+00:00,,,5.0,1.5,4.028787878787878
971628,Érik Lira,False,male,2000-05-08 00:00:00+00:00,6578,Cruz Azul,False,Center Back,centerback,172,cm,70,kg,Mexico,6.713432835820896,1.0,1.0,,2029-06-30 00:00:00+00:00,,,2.0,1.0,3.856716417910448
977404,César Huerta,False,male,2000-12-03 00:00:00+00:00,8635,Anderlecht,False,Right Winger,rightwinger,171,cm,61,kg,Mexico,4.0851851851851855,2.0,0.0,,2029-06-30 00:00:00+00:00,,,2.0,,2.642592592592593
1031319,Amirhossein Hosseinzadeh,False,male,2000-10-30 00:00:00+00:00,176352,Tractor,False,Striker,striker,178,cm,81,kg,Iran,2.2075,14.0,2.0,,2028-06-30 00:00:00+00:00,,,16.0,7.0,5.70375
1073012,Mohammad Mohebi,False,male,1998-12-20 00:00:00+00:00,8705,FC Rostov,False,Striker,striker,176,cm,84,kg,Iran,4.823809523809524,4.0,3.0,,,,,7.0,1.3333333333333333,4.211904761904762
117222,Ehsan Hajisafi,False,male,1990-02-25 00:00:00+00:00,101611,Sepahan,False,Left Back,leftback,178,cm,83,kg,Iran,1.7787878787878788,3.0,2.0,,2027-06-30 00:00:00+00:00,,,5.0,1.5,2.1893939393939394
1221526,Saleh Hardani,False,male,1998-12-26 00:00:00+00:00,101614,Esteghlal,False,Right Back,rightback,176,cm,68,kg,Iran,2.065625,0.0,1.0,,2027-06-30 00:00:00+00:00,,,1.0,0.0,1.2328124999999999
1350138,Arya Yousefi,False,male,2002-04-22 00:00:00+00:00,101611,Sepahan,False,Right Back,rightback,181,cm,78,kg,Iran,1.5794117647058825,3.0,2.0,,2028-06-30 00:00:00+00:00,,,5.0,1.5,2.0897058823529413
1420509,Mohammad Ghorbani,False,male,2001-10-07 00:00:00+00:00,102122,Al-Wahda,False,Central Midfielder,centermidfielder,190,cm,83,kg,Iran,4.331914893617021,1.0,0.0,,,,,1.0,,2.46595744680851
1583232,Amir Mohammad Razzaghinia,False,male,2006-04-11 00:00:00+00:00,101614,Esteghlal,False,Defensive Midfielder,centerdefensivemidfielder,187,cm,84,kg,Iran,1.187878787878788,0.0,0.0,,2028-06-30 00:00:00+00:00,,,0.0,,0.593939393939394
1729681,Danial Eiri,False,male,2003-10-26 00:00:00+00:00,101618,Zob Ahan,False,defender,,182,cm,75,kg,Iran,0.0,0.0,0.0,,,,,0.0,,0.0
431418,Hossein Hosseini,False,male,1992-06-30 00:00:00+00:00,101611,Sepahan,False,Keeper,keeper_long,189,cm,83,kg,Iran,1.1827586206896554,0.0,0.0,,2028-06-30 00:00:00+00:00,,,0.0,,0.5913793103448277
466890,Alireza Jahanbakhsh,False,male,1993-08-11 00:00:00+00:00,7947,FCV Dender EH,False,Right Winger,rightwinger,183,cm,78,kg,Iran,4.286666666666666,1.0,1.0,,,,,2.0,1.0,2.643333333333333
500637,Hossein Kanani,False,male,1994-03-23 00:00:00+00:00,101610,Persepolis,False,Center Back,centerback,188,cm,89,kg,Iran,0.804,1.0,0.0,,2027-06-30 00:00:00+00:00,,,1.0,,0.702
505281,Saeid Ezatolahi,False,male,1996-10-01 00:00:00+00:00,102119,Shabab Al-Ahli Dubai FC,False,Defensive Midfielder,centerdefensivemidfielder,189,cm,89,kg,Iran,6.524390243902439,8.0,2.0,,,,,10.0,4.0,6.06219512195122
505313,Alireza Beiranvand,False,male,1992-09-21 00:00:00+00:00,176352,Tractor,False,Keeper,keeper_long,195,cm,88,kg,Iran,2.710810810810811,0.0,0.0,,2027-06-30 00:00:00+00:00,,,0.0,,1.3554054054054054
505385,Roozbeh Cheshmi,False,male,1993-07-24 00:00:00+00:00,101614,Esteghlal,False,Central Midfielder,centermidfielder,194,cm,82,kg,Iran,0.9434782608695652,2.0,0.0,,,,,2.0,,1.0717391304347825
505959,Ramin Rezaeian,False,male,1990-03-21 00:00:00+00:00,101614,Esteghlal,False,Right Back,rightback,184,cm,75,kg,Iran,1.8590909090909093,5.0,1.0,,2027-06-30 00:00:00+00:00,,,6.0,5.0,2.629545454545455
505960,Ali Alipour,False,male,1995-11-11 00:00:00+00:00,101610,Persepolis,False,forward,,181,cm,75,kg,Iran,0.6096774193548387,6.0,2.0,,,,,8.0,3.0,2.504838709677419
511397,Shoja Khalilzadeh,False,male,1989-05-14 00:00:00+00:00,176352,Tractor,False,Center Back,centerback,183,cm,75,kg,Iran,2.617948717948718,1.0,1.0,,2027-06-30 00:00:00+00:00,,,2.0,1.0,1.808974358974359
532220,Saman Ghoddos,False,male,1993-09-06 00:00:00+00:00,209190,Al Ittihad Kalba,False,Central Midfielder,centermidfielder,176,cm,77,kg,Iran,6.008823529411765,5.0,4.0,,,,,9.0,1.25,5.304411764705882
619506,Mehdi Taremi,False,male,1992-07-18 00:00:00+00:00,8638,Olympiacos,False,Striker,striker,185,cm,80,kg,Iran,5.2784313725490195,17.0,4.0,,2027-06-30 00:00:00+00:00,,,21.0,4.25,8.53921568627451
621519,Mehdi Torabi,False,male,1994-09-10 00:00:00+00:00,176352,Tractor,False,Left Midfielder,leftmidfielder,185,cm,77,kg,Iran,1.5,1.0,0.0,,,,,1.0,,1.05
630459,Milad Mohammadi,False,male,1993-09-29 00:00:00+00:00,101610,Persepolis,False,Left Back,leftback,178,cm,70,kg,Iran,1.4083333333333332,0.0,0.0,,,,,0.0,,0.7041666666666666
641121,Shahriyar Moghanloo,False,male,1994-12-21 00:00:00+00:00,209190,Al Ittihad Kalba,False,Striker,striker,189,cm,90,kg,Iran,5.993548387096775,8.0,2.0,,,,,10.0,4.0,5.796774193548387
848314,Mehdi Ghayedi,False,male,1998-12-05 00:00:00+00:00,102123,Al-Nasr SC,False,Striker,striker,166,cm,60,kg,Iran,4.665517241379311,6.0,4.0,,,,,10.0,1.5,4.932758620689655
872575,Ali Nemati,False,male,1996-02-08 00:00:00+00:00,139914,Foolad Khuzestan,False,Center Back,centerback,182,cm,77,kg,Iran,0.95,0.0,0.0,,,,,0.0,,0.475
872590,Payam Niazmand,False,male,1995-04-06 00:00:00+00:00,101610,Persepolis,False,Keeper,keeper_long,193,cm,93,kg,Iran,0.21935483870967742,0.0,0.0,,2027-06-30 00:00:00+00:00,,,0.0,,0.10967741935483871
892709,Dennis Eckert,False,male,1997-01-09 00:00:00+00:00,9985,Standard Liege,False,Attacking Midfielder,centerattackingmidfielder,182,cm,79,kg,Iran,5.546341463414635,7.0,0.0,,,,,7.0,,4.873170731707317
1026065,Matt Freese,False,male,1998-09-02 00:00:00+00:00,546238,New York City FC,False,Keeper,keeper_long,191,cm,84,kg,USA,6.430769230769231,0.0,0.0,,2030-12-31 00:00:00+00:00,,,0.0,,3.2153846153846155
1036401,Ricardo Pepi,False,male,2003-01-09 00:00:00+00:00,8640,PSV Eindhoven,False,Striker,striker,185,cm,77,kg,USA,6.017391304347826,21.0,4.0,,2030-06-30 00:00:00+00:00,,,25.0,5.25,10.108695652173914
1071179,Giovanni Reyna,False,male,2002-11-13 00:00:00+00:00,9788,Borussia Mönchengladbach,False,Attacking Midfielder,centerattackingmidfielder,183,cm,68,kg,USA,4.207692307692308,3.0,1.0,,2028-06-30 00:00:00+00:00,,,4.0,3.0,3.203846153846154
1126058,Malik Tillman,False,male,2002-05-28 00:00:00+00:00,8178,Bayer Leverkusen,False,Attacking Midfielder,centerattackingmidfielder,187,cm,71,kg,USA,6.116981132075471,10.0,2.0,,2030-06-30 00:00:00+00:00,,,12.0,5.0,6.458490566037735
1136096,Sebastian Berhalter,False,male,2001-05-10 00:00:00+00:00,307691,Vancouver Whitecaps,False,Defensive Midfielder,centerdefensivemidfielder,175,cm,70,kg,USA,7.121153846153845,12.0,13.0,,2026-12-31 00:00:00+00:00,,,25.0,0.9230769230769231,9.760576923076922
1245998,Chris Brady,False,male,2004-03-03 00:00:00+00:00,6397,Chicago Fire FC,False,Keeper,keeper_long,190,cm,83,kg,USA,5.309756097560975,0.0,0.0,,2026-12-31 00:00:00+00:00,,,0.0,,2.6548780487804877
1338696,Alex Freeman,False,male,2004-08-09 00:00:00+00:00,10205,Villarreal,False,Right Back,rightback,188,cm,79,kg,USA,5.4,5.0,5.0,,2032-06-30 00:00:00+00:00,,,10.0,1.0,5.2
1348329,Max Arfsten,False,male,2001-04-19 00:00:00+00:00,6001,Columbus Crew,False,Left Wing-Back,left_wing_back,185,cm,78,kg,USA,6.522448979591836,8.0,9.0,,2027-12-31 00:00:00+00:00,,,17.0,0.8888888888888888,7.461224489795918
198444,Tim Ream,False,male,1987-10-05 00:00:00+00:00,1323940,Charlotte FC,False,Center Back,centerback,186,cm,72,kg,USA,5.969767441860465,0.0,1.0,,2026-12-31 00:00:00+00:00,,,1.0,0.0,3.1848837209302325
621882,Álex Zendejas,False,male,1998-02-07 00:00:00+00:00,6576,CF America,False,Right Winger,rightwinger,167,cm,66,kg,USA,6.41111111111111,13.0,8.0,,2027-06-30 00:00:00+00:00,,,21.0,1.625,8.705555555555554
621946,Cristian Roldan,False,male,1995-06-03 00:00:00+00:00,130394,Seattle Sounders FC,False,Defensive Midfielder,centerdefensivemidfielder,173,cm,75,kg,USA,6.812765957446807,3.0,10.0,,2027-12-31 00:00:00+00:00,Muscle injury,August 2026,13.0,0.3,6.306382978723404
662428,Antonee Robinson,False,male,1997-08-08 00:00:00+00:00,9879,Fulham,False,Left Back,leftback,183,cm,75,kg,USA,5.629268292682926,2.0,2.0,,2028-06-30 00:00:00+00:00,,,4.0,1.0,3.814634146341463
688271,Auston Trusty,False,male,1998-08-12 00:00:00+00:00,9925,Celtic,False,Center Back,centerback,188,cm,70,kg,USA,4.971929824561404,3.0,2.0,,2029-06-30 00:00:00+00:00,,,5.0,1.5,3.785964912280702
688295,Christian Pulisic,False,male,1998-09-18 00:00:00+00:00,8564,Milan,False,Striker,striker,178,cm,69,kg,USA,6.591836734693879,11.0,8.0,,2027-06-30 00:00:00+00:00,Thigh injury,August 2026,19.0,1.375,8.19591836734694
729769,Tyler Adams,False,male,1999-02-14 00:00:00+00:00,8678,AFC Bournemouth,False,Defensive Midfielder,centerdefensivemidfielder,175,cm,68,kg,USA,5.817948717948718,2.0,2.0,,2028-06-30 00:00:00+00:00,,,4.0,1.0,3.908974358974359
729988,Matt Turner,False,male,1994-06-24 00:00:00+00:00,9748,Lyon,False,Keeper,keeper_long,190,cm,82,kg,USA,5.494285714285714,0.0,0.0,,,,,0.0,,2.747142857142857
825623,Miles Robinson,False,male,1997-03-14 00:00:00+00:00,722265,FC Cincinnati,False,Center Back,centerback,188,cm,79,kg,USA,5.54,0.0,0.0,,2027-12-31 00:00:00+00:00,,,0.0,,2.77
848266,Weston McKennie,False,male,1998-08-28 00:00:00+00:00,9885,Juventus,False,Right Wing-Back,right_wing_back,185,cm,84,kg,USA,6.6390625000000005,10.0,6.0,,2030-06-30 00:00:00+00:00,,,16.0,1.6666666666666667,7.519531250000001
848268,Haji Wright,False,male,1998-03-27 00:00:00+00:00,8669,Coventry City,False,Striker,striker,193,cm,85,kg,USA,5.580357142857143,20.0,2.0,,2027-06-30 00:00:00+00:00,,,22.0,10.0,9.190178571428572
889536,Timothy Weah,False,male,2000-02-22 00:00:00+00:00,8592,Marseille,False,Right Wing-Back,right_wing_back,183,cm,68,kg,USA,5.859999999999999,3.0,4.0,,2030-06-30 00:00:00+00:00,,,7.0,0.75,4.63
892816,Sergiño Dest,False,male,2000-11-03 00:00:00+00:00,8640,PSV Eindhoven,False,Right Back,rightback,170,cm,62,kg,USA,7.018,3.0,7.0,,2028-06-30 00:00:00+00:00,,,10.0,0.42857142857142855,5.809
924485,Mark McKenzie,False,male,1999-02-25 00:00:00+00:00,9941,Toulouse,False,Center Back,centerback,184,cm,84,kg,USA,5.827659574468084,0.0,2.0,,2027-06-30 00:00:00+00:00,,,2.0,0.0,3.313829787234042
950829,Chris Richards,False,male,2000-03-28 00:00:00+00:00,9826,Crystal Palace,False,Center Back,centerback,188,cm,80,kg,USA,6.368181818181817,2.0,0.0,,2027-06-30 00:00:00+00:00,,,2.0,,3.7840909090909087
952322,Brenden Aaronson,False,male,2000-10-22 00:00:00+00:00,8463,Leeds United,False,Right Winger,rightwinger,178,cm,70,kg,USA,5.3517241379310345,4.0,5.0,,2027-06-30 00:00:00+00:00,,,9.0,0.8,4.875862068965517
959696,Joseph Scally,False,male,2002-12-31 00:00:00+00:00,9788,Borussia Mönchengladbach,False,Right Wing-Back,right_wing_back,178,cm,70,kg,USA,5.908333333333334,2.0,3.0,,2027-06-30 00:00:00+00:00,,,5.0,0.6666666666666666,4.154166666666667
982677,Folarin Balogun,False,male,2001-07-03 00:00:00+00:00,9829,Monaco,False,Striker,striker,179,cm,66,kg,USA,6.645901639344263,27.0,4.0,,2028-06-30 00:00:00+00:00,,,31.0,6.75,12.222950819672132
1130691,Kamaldeen Sulemana,False,male,2002-02-15 00:00:00+00:00,8524,Atalanta,False,Attacking Midfielder,centerattackingmidfielder,175,cm,69,kg,Ghana,3.701538461538462,4.0,2.0,,2029-06-30 00:00:00+00:00,,,6.0,2.0,3.450769230769231
1177779,Alidu Seidu,False,male,2000-06-04 00:00:00+00:00,9851,Rennes,False,Center Back,centerback,173,cm,81,kg,Ghana,4.211363636363637,0.0,1.0,,2029-06-30 00:00:00+00:00,,,1.0,0.0,2.3056818181818186
1201760,Marvin Senaya,False,male,2001-01-28 00:00:00+00:00,8583,Auxerre,False,Right Back,rightback,179,cm,65,kg,Ghana,5.415789473684211,1.0,0.0,,2029-06-30 00:00:00+00:00,Thigh injury,September 2026,1.0,,3.0078947368421054
1211610,Augustine Boakye,False,male,2000-11-03 00:00:00+00:00,9853,Saint-Etienne,False,Right Winger,rightwinger,173,cm,58,kg,Ghana,6.187179487179487,5.0,9.0,,2028-06-30 00:00:00+00:00,,,14.0,0.5555555555555556,6.393589743589744
1220633,Prince Adu,False,male,2003-09-23 00:00:00+00:00,6033,Viktoria Plzen,False,Striker,striker,179,cm,71,kg,Ghana,5.383333333333333,8.0,1.0,,2027-06-30 00:00:00+00:00,,,9.0,8.0,5.291666666666667
1265626,Abdul Fatawu,False,male,2004-03-08 00:00:00+00:00,8197,Leicester City,False,Right Winger,rightwinger,177,cm,73,kg,Ghana,6.854545454545454,11.0,7.0,,2029-06-30 00:00:00+00:00,,,18.0,1.5714285714285714,8.127272727272727
1338390,Ernest Nuamah,False,male,2003-11-01 00:00:00+00:00,9748,Lyon,False,forward,,178,cm,71,kg,Ghana,4.0375,0.0,1.0,,2028-06-30 00:00:00+00:00,,,1.0,0.0,2.21875
1429607,Kojo Peprah Oppong,False,male,2004-06-04 00:00:00+00:00,9831,Nice,False,Center Back,centerback,188,cm,79,kg,Ghana,5.533898305084747,1.0,0.0,,2029-06-30 00:00:00+00:00,Muscle injury,,1.0,,3.066949152542373
1432344,Jonas Adjetey,False,male,2003-12-13 00:00:00+00:00,8721,Wolfsburg,False,Center Back,centerback,188,cm,79,kg,Ghana,3.7362068965517246,0.0,0.0,,2030-06-30 00:00:00+00:00,,,0.0,,1.8681034482758623
1452385,Christopher Bonsu Baah,False,male,2004-12-14 00:00:00+00:00,101919,Al Qadsiah,False,Left Midfielder,leftmidfielder,172,cm,67,kg,Ghana,5.7176470588235295,3.0,13.0,,2029-06-30 00:00:00+00:00,,,16.0,0.23076923076923078,6.358823529411765
154280,Jordan Ayew,False,male,1991-09-11 00:00:00+00:00,8197,Leicester City,False,Striker,striker,182,cm,81,kg,Ghana,5.139344262295081,10.0,6.0,,,,,16.0,1.6666666666666667,6.769672131147541
1615927,Caleb Yirenkyi,False,male,2006-01-15 00:00:00+00:00,10202,Nordsjælland,False,Central Midfielder,centermidfielder,182,cm,79,kg,Ghana,6.382978723404256,4.0,6.0,,2030-06-30 00:00:00+00:00,,,10.0,0.6666666666666666,5.591489361702128
1806615,Benjamin Asare,False,male,1992-07-13 00:00:00+00:00,,,,Keeper,keeper_long,188,cm,83,kg,Ghana,3.4642857142857144,0.0,0.0,,,,,0.0,,1.7321428571428572
324910,Abdul Rahman Baba,False,male,1994-07-02 00:00:00+00:00,8619,PAOK Thessaloniki,False,Left Back,leftback,180,cm,70,kg,Ghana,5.061666666666667,3.0,3.0,,2027-06-30 00:00:00+00:00,,,6.0,1.0,4.030833333333334
434325,Thomas Partey,False,male,1993-06-13 00:00:00+00:00,10205,Villarreal,False,Central Midfielder,centermidfielder,185,cm,75,kg,Ghana,4.504081632653062,1.0,1.0,,,,,2.0,1.0,2.752040816326531
562801,Derrick Luckassen,False,male,1995-07-03 00:00:00+00:00,2137,Pafos FC,False,Center Back,centerback,186,cm,78,kg,Ghana,3.548,2.0,0.0,,,,,2.0,,2.374
604105,Iñaki Williams,False,male,1994-06-15 00:00:00+00:00,8315,Athletic Club,False,Right Winger,rightwinger,186,cm,77,kg,Ghana,5.8740000000000006,5.0,6.0,,2028-06-30 00:00:00+00:00,,,11.0,0.8333333333333334,5.6370000000000005
615411,Lawrence Ati-Zigi,False,male,1996-11-29 00:00:00+00:00,10190,St. Gallen,False,Keeper,keeper_long,188,cm,83,kg,Ghana,5.189090909090909,0.0,0.0,,2027-06-30 00:00:00+00:00,,,0.0,,2.5945454545454547
771630,Gideon Mensah,False,male,1998-07-18 00:00:00+00:00,8722,1. FC Köln,False,Left Back,leftback,178,cm,75,kg,Ghana,5.806521739130435,0.0,2.0,2247783.0,2028-06-30 00:00:00+00:00,,,2.0,0.0,3.3032608695652175
776184,Brandon Thomas-Asante,False,male,1998-12-29 00:00:00+00:00,8669,Coventry City,False,Left Winger,leftwinger,180,cm,80,kg,Ghana,5.834090909090909,13.0,5.0,,2028-06-30 00:00:00+00:00,,,18.0,2.6,7.817045454545454
776591,Abdul Mumin,False,male,1998-06-06 00:00:00+00:00,,,,defender,,188,cm,79,kg,Ghana,0.8666666666666667,0.0,0.0,,,,,0.0,,0.43333333333333335
873227,Jerome Opoku,False,male,1998-10-14 00:00:00+00:00,1933,Başakşehir,False,Center Back,centerback,195,cm,79,kg,Ghana,5.26346153846154,1.0,1.0,,2027-06-30 00:00:00+00:00,,,2.0,1.0,3.13173076923077
883823,Elisha Owusu,False,male,1997-11-07 00:00:00+00:00,8583,Auxerre,False,Central Midfielder,centermidfielder,182,cm,62,kg,Ghana,5.91578947368421,0.0,0.0,,2027-06-30 00:00:00+00:00,,,0.0,,2.957894736842105
933576,Antoine Semenyo,False,male,2000-01-07 00:00:00+00:00,8456,Manchester City,False,Right Winger,rightwinger,185,cm,70,kg,Ghana,6.1421875,21.0,6.0,,2031-06-30 00:00:00+00:00,,,27.0,3.5,10.57109375
948745,Kwasi Sibo,False,male,1998-06-24 00:00:00+00:00,8670,Real Oviedo,False,Defensive Midfielder,centerdefensivemidfielder,183,cm,76,kg,Ghana,4.459999999999999,0.0,0.0,,,,,0.0,,2.2299999999999995
963812,Joseph Anang,False,male,2000-06-08 00:00:00+00:00,1854,St. Patrick's Athletic,False,Keeper,keeper_long,183,cm,78,kg,Ghana,5.183333333333333,0.0,0.0,,2026-11-30 00:00:00+00:00,,,0.0,,2.5916666666666663
1023887,Tsuyoshi Watanabe,False,male,1997-02-05 00:00:00+00:00,10235,Feyenoord,False,Center Back,centerback,186,cm,80,kg,Japan,6.40377358490566,5.0,0.0,,2029-06-30 00:00:00+00:00,,,5.0,,4.7018867924528305
1033111,Kaishu Sano,False,male,2000-12-30 00:00:00+00:00,9905,Mainz 05,False,Central Midfielder,centermidfielder,176,cm,67,kg,Japan,6.81639344262295,3.0,6.0,,2028-06-30 00:00:00+00:00,,,9.0,0.5,5.508196721311475
1053679,Zion Suzuki,False,male,2002-08-21 00:00:00+00:00,10167,Parma,False,Keeper,keeper_long,189,cm,91,kg,Japan,6.230555555555555,0.0,0.0,,2029-06-30 00:00:00+00:00,,,0.0,,3.1152777777777776
1134467,Yuito Suzuki,False,male,2001-10-25 00:00:00+00:00,8358,Freiburg,False,Attacking Midfielder,centerattackingmidfielder,175,cm,66,kg,Japan,5.557142857142858,9.0,5.0,,,,,14.0,1.8,6.478571428571429
1232143,Tomoki Hayakawa,False,male,1999-03-03 00:00:00+00:00,4397,Kashima Antlers,False,Keeper,keeper_long,186,cm,81,kg,Japan,5.678260869565217,0.0,0.0,,2030-06-30 00:00:00+00:00,,,0.0,,2.8391304347826085
1337765,Junnosuke Suzuki,False,male,2003-07-12 00:00:00+00:00,8391,FC København,False,Right Back,rightback,180,cm,73,kg,Japan,5.588679245283018,2.0,1.0,,2030-06-30 00:00:00+00:00,,,3.0,2.0,3.594339622641509
1436730,Keisuke Goto,False,male,2005-06-03 00:00:00+00:00,8358,Freiburg,False,Striker,striker,191,cm,83,kg,Japan,5.718,12.0,8.0,,,,,20.0,1.5,8.059
1611223,Kento Shiogai,False,male,2005-03-26 00:00:00+00:00,8721,Wolfsburg,False,Striker,striker,180,cm,77,kg,Japan,4.023255813953489,10.0,1.0,,2030-06-30 00:00:00+00:00,,,11.0,10.0,5.211627906976745
523731,Shogo Taniguchi,False,male,1991-07-15 00:00:00+00:00,9997,St.Truiden,False,Center Back,centerback,182,cm,72,kg,Japan,5.8886792452830194,1.0,1.0,,,,,2.0,1.0,3.4443396226415097
604044,Junya Ito,False,male,1993-03-09 00:00:00+00:00,9987,Genk,False,Left Winger,leftwinger,176,cm,68,kg,Japan,6.848979591836734,9.0,8.0,,2028-06-30 00:00:00+00:00,,,17.0,1.125,7.724489795918366
620917,Ko Itakura,False,male,1997-01-27 00:00:00+00:00,8593,Ajax,False,Center Back,centerback,185,cm,75,kg,Japan,4.883720930232558,1.0,1.0,,2029-06-30 00:00:00+00:00,,,2.0,1.0,2.941860465116279
621515,Daichi Kamada,False,male,1996-08-05 00:00:00+00:00,9826,Crystal Palace,False,Defensive Midfielder,centerdefensivemidfielder,184,cm,72,kg,Japan,6.810000000000001,4.0,4.0,,2027-06-30 00:00:00+00:00,,,8.0,1.0,5.405
629805,Ritsu Doan,False,male,1998-06-16 00:00:00+00:00,9810,Eintracht Frankfurt,False,Right Winger,rightwinger,172,cm,70,kg,Japan,6.692592592592592,8.0,6.0,,2030-06-30 00:00:00+00:00,,,14.0,1.3333333333333333,6.946296296296296
664444,Takehiro Tomiyasu,False,male,1998-11-05 00:00:00+00:00,,,,Center Back,centerback,187,cm,84,kg,Japan,3.715,0.0,1.0,,,,,1.0,0.0,2.0575
727837,Koki Ogawa,False,male,1997-08-08 00:00:00+00:00,8464,NEC Nijmegen,False,Striker,striker,186,cm,70,kg,Japan,4.559615384615385,11.0,4.0,,2027-06-30 00:00:00+00:00,,,15.0,2.75,6.3798076923076925
728765,Daizen Maeda,False,male,1997-10-20 00:00:00+00:00,9925,Celtic,False,Striker,striker,173,cm,67,kg,Japan,5.780597014925374,18.0,10.0,,2027-06-30 00:00:00+00:00,,,28.0,1.8,10.290298507462687
848289,Takefusa Kubo,False,male,2001-06-04 00:00:00+00:00,8560,Real Sociedad,False,Right Winger,rightwinger,174,cm,69,kg,Japan,5.564285714285714,3.0,7.0,,2029-06-30 00:00:00+00:00,,,10.0,0.42857142857142855,5.082142857142857
851626,Hiroki Ito,False,male,1999-05-12 00:00:00+00:00,9823,Bayern München,False,Center Back,centerback,186,cm,78,kg,Japan,3.9642857142857144,2.0,2.0,,2028-06-30 00:00:00+00:00,,,4.0,1.0,2.982142857142857
857120,Ayumu Seko,False,male,2000-06-07 00:00:00+00:00,9746,Le Havre,False,Center Back,centerback,183,cm,72,kg,Japan,6.165116279069768,0.0,0.0,,2028-06-30 00:00:00+00:00,,,0.0,,3.082558139534884
887704,Keito Nakamura,False,male,2000-07-28 00:00:00+00:00,9837,Reims,False,Left Winger,leftwinger,180,cm,75,kg,Japan,7.211363636363638,17.0,6.0,,2028-06-30 00:00:00+00:00,,,23.0,2.8333333333333335,9.905681818181819
915111,Shuto Machino,False,male,1999-09-30 00:00:00+00:00,9788,Borussia Mönchengladbach,False,Striker,striker,184,cm,74,kg,Japan,4.226086956521739,5.0,1.0,,2029-06-30 00:00:00+00:00,,,6.0,5.0,3.8130434782608695
922808,Keisuke Osako,False,male,1999-07-28 00:00:00+00:00,6224,Sanfrecce Hiroshima,False,Keeper,keeper_long,186,cm,86,kg,Japan,5.31090909090909,0.0,0.0,,,,,0.0,,2.655454545454545
924610,Yukinari Sugawara,False,male,2000-06-28 00:00:00+00:00,8466,Southampton,False,Right Back,rightback,179,cm,67,kg,Japan,6.08936170212766,0.0,7.0,,2028-06-30 00:00:00+00:00,,,7.0,0.0,4.44468085106383
935728,Ao Tanaka,False,male,1998-09-10 00:00:00+00:00,8463,Leeds United,False,Defensive Midfielder,centerdefensivemidfielder,180,cm,74,kg,Japan,4.775925925925925,4.0,0.0,,2028-06-30 00:00:00+00:00,,,4.0,,3.587962962962963
942393,Ayase Ueda,False,male,1998-08-28 00:00:00+00:00,10235,Feyenoord,False,Striker,striker,182,cm,72,kg,Japan,6.772222222222221,32.0,3.0,,2028-06-30 00:00:00+00:00,,,35.0,10.666666666666666,13.58611111111111
98254,Yuto Nagatomo,False,male,1986-09-12 00:00:00+00:00,4399,FC Tokyo,False,Right Back,rightback,170,cm,68,kg,Japan,4.6454545454545455,0.0,0.0,,,,,0.0,,2.3227272727272728
1101030,Kai Trewin,False,male,2001-05-18 00:00:00+00:00,546238,New York City FC,False,Defensive Midfielder,centerdefensivemidfielder,179,cm,71,kg,Australia,6.221276595744682,1.0,0.0,,2029-06-30 00:00:00+00:00,,,1.0,,3.4106382978723406
1132069,Mohamed Touré,False,male,2004-03-26 00:00:00+00:00,9850,Norwich City,False,Striker,striker,186,cm,79,kg,Australia,6.425581395348837,16.0,8.0,,2030-06-30 00:00:00+00:00,,,24.0,2.0,9.612790697674418
1220549,Tete Yengi,False,male,2000-11-28 00:00:00+00:00,194011,Machida Zelvia,False,Striker,striker,197,cm,85,kg,Australia,5.45,9.0,1.0,,,,,10.0,9.0,5.625
1250885,Nishan Velupillay,False,male,2001-05-07 00:00:00+00:00,6230,Melbourne Victory,False,Right Winger,rightwinger,181,cm,77,kg,Australia,5.926666666666667,4.0,2.0,,2027-06-30 00:00:00+00:00,,,6.0,2.0,4.5633333333333335
1308909,Cristian Volpato,False,male,2003-11-15 00:00:00+00:00,7943,Sassuolo,False,Right Winger,rightwinger,187,cm,74,kg,Australia,4.507692307692308,2.0,4.0,,2028-06-30 00:00:00+00:00,,,6.0,0.5,3.653846153846154
1316930,Jordan Bos,False,male,2002-10-29 00:00:00+00:00,10235,Feyenoord,False,Left Back,leftback,180,cm,83,kg,Australia,6.68627450980392,7.0,10.0,,2029-06-30 00:00:00+00:00,Knee injury,November 2026,17.0,0.7,7.44313725490196
1318686,Alessandro Circati,False,male,2003-10-10 00:00:00+00:00,10167,Parma,False,Center Back,centerback,190,cm,83,kg,Australia,6.773913043478259,2.0,0.0,,2029-06-30 00:00:00+00:00,,,2.0,,3.9869565217391294
1327214,Nestory Irankunda,False,male,2006-02-09 00:00:00+00:00,9817,Watford,False,Striker,striker,175,cm,69,kg,Australia,6.419298245614035,9.0,4.0,,2030-06-30 00:00:00+00:00,,,13.0,2.25,6.709649122807018
1335765,Patrick Beach,False,male,2003-08-06 00:00:00+00:00,10242,Troyes,False,Keeper,keeper_long,190,cm,83,kg,Australia,6.424444444444443,0.0,0.0,1030395.0,,,,0.0,,3.2122222222222216
1527363,Paul Okon-Engstler,False,male,2005-01-24 00:00:00+00:00,10164,Sydney FC,False,Defensive Midfielder,centerdefensivemidfielder,186,cm,84,kg,Australia,7.051162790697674,0.0,3.0,,2028-06-30 00:00:00+00:00,,,3.0,0.0,4.125581395348837
1686118,Lucas Herrington,False,male,2007-09-05 00:00:00+00:00,8314,Colorado Rapids,False,Center Back,centerback,192,cm,83,kg,Australia,6.282051282051282,2.0,1.0,,2029-12-31 00:00:00+00:00,,,3.0,2.0,3.9410256410256412
185014,Mathew Leckie,False,male,1991-02-04 00:00:00+00:00,203576,Melbourne City FC,False,Central Midfielder,centermidfielder,181,cm,78,kg,Australia,5.458333333333333,0.0,1.0,,,,,1.0,0.0,2.9291666666666667
185644,Mathew Ryan,False,male,1992-04-08 00:00:00+00:00,,,,Keeper,keeper_long,184,cm,82,kg,Australia,5.736734693877551,0.0,0.0,,,,,0.0,,2.8683673469387756
192735,Aziz Behich,False,male,1990-12-16 00:00:00+00:00,203576,Melbourne City FC,False,Left Back,leftback,170,cm,68,kg,Australia,6.604761904761904,3.0,3.0,,2027-06-30 00:00:00+00:00,,,6.0,1.0,4.802380952380952
302176,Paul Izzo,False,male,1995-01-06 00:00:00+00:00,8410,Randers FC,False,Keeper,keeper_long,185,cm,75,kg,Australia,5.229268292682926,0.0,0.0,,2027-06-30 00:00:00+00:00,,,0.0,,2.614634146341463
369742,Jackson Irvine,False,male,1993-03-07 00:00:00+00:00,8152,St. Pauli,False,Defensive Midfielder,centerdefensivemidfielder,180,cm,77,kg,Australia,5.654054054054054,0.0,1.0,,2027-06-30 00:00:00+00:00,,,1.0,0.0,3.027027027027027
416124,Milos Degenek,False,male,1994-04-28 00:00:00+00:00,8621,APOEL Nicosia,False,Center Back,centerback,187,cm,85,kg,Australia,3.4088235294117646,1.0,0.0,,2027-05-31 00:00:00+00:00,,,1.0,,2.0044117647058823
418799,Jason Geria,False,male,1993-05-10 00:00:00+00:00,4425,Albirex Niigata,False,Center Back,centerback,184,cm,75,kg,Australia,2.36,1.0,1.0,,2027-06-30 00:00:00+00:00,,,2.0,1.0,1.68
421328,Awer Mabil,False,male,1995-09-15 00:00:00+00:00,10279,Castellon,False,Right Winger,rightwinger,179,cm,65,kg,Australia,4.817021276595744,4.0,6.0,,2028-06-30 00:00:00+00:00,,,10.0,0.6666666666666666,4.808510638297872
564842,Cameron Burgess,False,male,1995-10-21 00:00:00+00:00,10003,Swansea City,False,Center Back,centerback,194,cm,81,kg,Australia,6.612307692307692,2.0,0.0,,2028-06-30 00:00:00+00:00,,,2.0,,3.9061538461538463
671518,Harry Souttar,False,male,1998-10-22 00:00:00+00:00,8197,Leicester City,False,Center Back,centerback,198,cm,79,kg,Australia,5.2272727272727275,0.0,0.0,,2028-06-30 00:00:00+00:00,,,0.0,,2.6136363636363638
675762,Ajdin Hrustic,False,male,1996-07-05 00:00:00+00:00,9791,Heracles,False,Central Midfielder,centermidfielder,183,cm,74,kg,Australia,5.954761904761905,4.0,7.0,,,,,11.0,0.5714285714285714,5.5773809523809526
785377,Aiden O'Neill,False,male,1998-07-04 00:00:00+00:00,546238,New York City FC,False,Defensive Midfielder,centerdefensivemidfielder,178,cm,70,kg,Australia,6.7844444444444445,0.0,1.0,,2028-12-31 00:00:00+00:00,,,1.0,0.0,3.5922222222222224
885870,Connor Metcalfe,False,male,1999-11-05 00:00:00+00:00,8152,St. Pauli,False,Attacking Midfielder,centerattackingmidfielder,178,cm,70,kg,Australia,4.876744186046512,1.0,4.0,,2027-06-30 00:00:00+00:00,,,5.0,0.25,3.5383720930232556
889093,Jacob Italiano,False,male,2001-07-30 00:00:00+00:00,10012,Grazer AK,False,Attacking Midfielder,centerattackingmidfielder,177,cm,74,kg,Australia,6.925,4.0,0.0,,2027-06-30 00:00:00+00:00,Muscle injury,July 2026,4.0,,4.6625
970544,Cameron Devlin,False,male,1998-06-07 00:00:00+00:00,8548,Rangers,False,Central Midfielder,centermidfielder,170,cm,68,kg,Australia,5.1899999999999995,2.0,0.0,1116772.0,2028-05-31 00:00:00+00:00,,,2.0,,3.195
1022649,Dan Ndoye,False,male,2000-10-25 00:00:00+00:00,10203,Nottingham Forest,False,Right Winger,rightwinger,184,cm,84,kg,Switzerland,5.348437499999999,9.0,4.0,,2030-06-30 00:00:00+00:00,,,13.0,2.25,6.174218749999999
1067168,Zeki Amdouni,False,male,2000-12-04 00:00:00+00:00,8191,Burnley,False,forward,,185,cm,77,kg,Switzerland,4.683333333333333,0.0,0.0,,2028-06-30 00:00:00+00:00,,,0.0,,2.3416666666666663
1107298,Marvin Keller,False,male,2002-07-03 00:00:00+00:00,10192,Young Boys,False,Keeper,keeper_long,190,cm,83,kg,Switzerland,4.957575757575758,0.0,0.0,,2028-06-30 00:00:00+00:00,,,0.0,,2.478787878787879
115591,Ricardo Rodríguez,False,male,1992-08-25 00:00:00+00:00,8603,Real Betis,False,Left Back,leftback,180,cm,79,kg,Switzerland,4.791044776119403,0.0,2.0,,,,,2.0,0.0,2.7955223880597013
1161211,Fabian Rieder,False,male,2002-02-16 00:00:00+00:00,8406,Augsburg,False,Attacking Midfielder,centerattackingmidfielder,179,cm,74,kg,Switzerland,6.048076923076922,6.0,5.0,,2030-06-30 00:00:00+00:00,,,11.0,1.2,5.824038461538461
1163219,Ardon Jashari,False,male,2002-07-30 00:00:00+00:00,8564,Milan,False,Central Midfielder,centermidfielder,181,cm,74,kg,Switzerland,3.3466666666666667,0.0,1.0,,2030-06-30 00:00:00+00:00,,,1.0,0.0,1.8733333333333333
1257648,Aurèle Amenda,False,male,2003-07-31 00:00:00+00:00,8669,Coventry City,False,Center Back,centerback,194,cm,87,kg,Switzerland,3.255,0.0,0.0,9212534.0,2029-06-30 00:00:00+00:00,,,0.0,,1.6275
1270002,Luca Jaquez,False,male,2003-06-02 00:00:00+00:00,10269,VfB Stuttgart,False,Center Back,centerback,187,cm,79,kg,Switzerland,4.765853658536585,1.0,1.0,,2029-06-30 00:00:00+00:00,,,2.0,1.0,2.8829268292682926
1520063,Johan Manzambi,False,male,2005-10-14 00:00:00+00:00,10252,Aston Villa,False,Defensive Midfielder,centerdefensivemidfielder,182,cm,74,kg,Switzerland,6.814516129032257,12.0,8.0,31466201.0,,Knee injury,,20.0,1.5,8.607258064516127
201704,Remo Freuler,False,male,1992-04-15 00:00:00+00:00,9857,Bologna,False,Defensive Midfielder,centerdefensivemidfielder,180,cm,77,kg,Switzerland,6.6385964912280695,1.0,4.0,,,,,5.0,0.25,4.419298245614034
207236,Granit Xhaka,False,male,1992-09-27 00:00:00+00:00,8472,Sunderland,False,Defensive Midfielder,centerdefensivemidfielder,185,cm,82,kg,Switzerland,6.969811320754719,5.0,8.0,,2028-06-30 00:00:00+00:00,,,13.0,0.625,6.584905660377359
274787,Yvon Mvogo,False,male,1994-06-06 00:00:00+00:00,8689,Lorient,False,Keeper,keeper_long,186,cm,84,kg,Switzerland,4.7893617021276595,0.0,0.0,,2027-06-30 00:00:00+00:00,,,0.0,,2.3946808510638298
275034,Silvan Widmer,False,male,1993-03-05 00:00:00+00:00,9905,Mainz 05,False,Right Midfielder,rightmidfielder,182,cm,79,kg,Switzerland,5.541935483870967,4.0,2.0,,,,,6.0,2.0,4.370967741935484
517346,Nico Elvedi,False,male,1996-09-30 00:00:00+00:00,9788,Borussia Mönchengladbach,False,Center Back,centerback,187,cm,77,kg,Switzerland,7.0584905660377375,3.0,2.0,,2027-06-30 00:00:00+00:00,,,5.0,1.5,4.829245283018869
521318,Manuel Akanji,False,male,1995-07-19 00:00:00+00:00,8636,Inter,False,Center Back,centerback,188,cm,85,kg,Switzerland,6.266666666666667,3.0,0.0,,2028-06-30 00:00:00+00:00,,,3.0,,4.033333333333333
527103,Breel Embolo,False,male,1997-02-14 00:00:00+00:00,9851,Rennes,False,Striker,striker,187,cm,86,kg,Switzerland,6.55576923076923,18.0,5.0,,2029-06-30 00:00:00+00:00,,,23.0,3.6,9.677884615384615
598355,Denis Zakaria,False,male,1996-11-20 00:00:00+00:00,9829,Monaco,False,Center Back,centerback,189,cm,77,kg,Switzerland,6.48125,2.0,3.0,,2028-06-30 00:00:00+00:00,,,5.0,0.6666666666666666,4.440625000000001
618774,Christian Fassnacht,False,male,1993-11-11 00:00:00+00:00,10192,Young Boys,False,Right Winger,rightwinger,185,cm,74,kg,Switzerland,5.846153846153848,20.0,7.0,,2027-06-30 00:00:00+00:00,,,27.0,2.857142857142857,10.323076923076924
705484,Eray Cömert,False,male,1998-02-04 00:00:00+00:00,,,,Center Back,centerback,183,cm,80,kg,Switzerland,3.853191489361702,2.0,1.0,,,,,3.0,2.0,2.7265957446808513
707970,Djibril Sow,False,male,1997-02-06 00:00:00+00:00,8302,Sevilla,False,Central Midfielder,centermidfielder,184,cm,77,kg,Switzerland,5.587272727272728,6.0,5.0,,2029-06-30 00:00:00+00:00,,,11.0,1.2,5.593636363636364
726956,Cedric Itten,False,male,1996-12-27 00:00:00+00:00,8697,Werder Bremen,False,Striker,striker,189,cm,81,kg,Switzerland,5.428888888888889,16.0,3.0,,2029-06-30 00:00:00+00:00,,,19.0,5.333333333333333,8.114444444444445
759817,Miro Muheim,False,male,1998-03-24 00:00:00+00:00,9790,Hamburger SV,False,Left Midfielder,leftmidfielder,182,cm,77,kg,Switzerland,6.182978723404256,0.0,8.0,,2027-06-30 00:00:00+00:00,,,8.0,0.0,4.6914893617021285
764018,Gregor Kobel,False,male,1997-12-06 00:00:00+00:00,9789,Borussia Dortmund,False,Keeper,keeper_long,193,cm,90,kg,Switzerland,6.892307692307693,0.0,0.0,,2028-06-30 00:00:00+00:00,,,0.0,,3.4461538461538463
792756,Michel Aebischer,False,male,1997-01-06 00:00:00+00:00,6479,Pisa,False,Central Midfielder,centermidfielder,185,cm,76,kg,Switzerland,6.334,1.0,3.0,,2029-06-30 00:00:00+00:00,,,4.0,0.3333333333333333,4.067
860752,Rubén Vargas,False,male,1998-08-05 00:00:00+00:00,8302,Sevilla,False,Left Winger,leftwinger,174,cm,69,kg,Switzerland,6.266666666666667,6.0,10.0,,2029-06-30 00:00:00+00:00,,,16.0,0.6,6.933333333333334
915797,Noah Okafor,False,male,2000-05-24 00:00:00+00:00,8463,Leeds United,False,Left Winger,leftwinger,185,cm,85,kg,Switzerland,5.295918367346939,12.0,4.0,,2029-06-30 00:00:00+00:00,,,16.0,3.0,7.047959183673469
1015128,Elias Achouri,False,male,1999-02-10 00:00:00+00:00,8391,FC København,False,Left Midfielder,leftmidfielder,177,cm,69,kg,Tunisia,6.364000000000001,7.0,7.0,,2028-06-30 00:00:00+00:00,,,14.0,1.0,6.682
1055316,Anis Ben Slimane,False,male,2001-03-16 00:00:00+00:00,9850,Norwich City,False,Attacking Midfielder,centerattackingmidfielder,188,cm,82,kg,Tunisia,5.44102564102564,5.0,6.0,,2028-06-30 00:00:00+00:00,,,11.0,0.8333333333333334,5.42051282051282
1113785,Hannibal Mejbri,False,male,2003-01-21 00:00:00+00:00,8191,Burnley,False,Attacking Midfielder,centerattackingmidfielder,177,cm,77,kg,Tunisia,5.242000000000001,2.0,10.0,,2028-06-30 00:00:00+00:00,,,12.0,0.2,5.221
1131896,Hadj Mahmoud,False,male,2000-04-24 00:00:00+00:00,8153,Espérance,False,Central Midfielder,centermidfielder,179,cm,73,kg,Tunisia,4.8545454545454545,2.0,1.0,,2029-06-30 00:00:00+00:00,,,3.0,2.0,3.2272727272727275
1131928,Amine Ben Hamida,False,male,1995-12-15 00:00:00+00:00,8153,Espérance,False,Left Back,leftback,181,cm,68,kg,Tunisia,2.433333333333333,1.0,2.0,,,,,3.0,0.5,1.9166666666666665
1160097,Omar Rekik,False,male,2001-12-20 00:00:00+00:00,8340,Maribor,False,Center Back,centerback,186,cm,74,kg,Tunisia,3.388888888888889,1.0,0.0,,2027-06-30 00:00:00+00:00,,,1.0,,1.9944444444444445
1244924,Ismaël Gharbi,False,male,2004-04-10 00:00:00+00:00,10264,Braga,False,Attacking Midfielder,centerattackingmidfielder,173,cm,66,kg,Tunisia,3.240425531914894,2.0,2.0,,2029-06-30 00:00:00+00:00,,,4.0,1.0,2.620212765957447
1285773,Elias Saad,False,male,1999-12-27 00:00:00+00:00,915807,Nashville SC,True,Left Winger,leftwinger,185,cm,77,kg,Tunisia,4.75625,3.0,6.0,1505143.0,2029-06-30 00:00:00+00:00,,,9.0,0.5,4.478125
1311408,Hazem Mastouri,False,male,1997-06-18 00:00:00+00:00,1068353,Dynamo Makhachkala,False,Striker,striker,191,cm,80,kg,Tunisia,4.584782608695653,6.0,1.0,,2028-06-30 00:00:00+00:00,,,7.0,6.0,4.292391304347826
1413151,Moutaz Neffati,False,male,2004-09-04 00:00:00+00:00,8449,IFK Norrköping,False,Right Back,rightback,182,cm,70,kg,Tunisia,3.575675675675676,3.0,1.0,,2028-12-31 00:00:00+00:00,,,4.0,3.0,2.887837837837838
1685596,Rayan Elloumi,False,male,2007-09-17 00:00:00+00:00,307691,Vancouver Whitecaps,False,Striker,striker,180,cm,80,kg,Tunisia,4.218367346938775,8.0,5.0,,2028-12-31 00:00:00+00:00,,,13.0,1.6,5.509183673469387
1797902,Adem Arous,False,male,2004-07-17 00:00:00+00:00,4685,Kasımpaşa,False,Center Back,centerback,188,cm,79,kg,Tunisia,3.630952380952381,2.0,0.0,,2028-06-30 00:00:00+00:00,,,2.0,,2.4154761904761903
304348,Rani Khedira,False,male,1994-01-27 00:00:00+00:00,8149,Union Berlin,False,Defensive Midfielder,centerdefensivemidfielder,188,cm,84,kg,Tunisia,6.341860465116278,6.0,1.0,,,,,7.0,6.0,5.170930232558139
543363,Sabri Ben Hessen,False,male,1996-06-13 00:00:00+00:00,102106,CS Sfaxien,False,keeper,,189,cm,77,kg,Tunisia,0.2323529411764706,0.0,0.0,,,,,0.0,,0.1161764705882353
566187,Ali Abdi,False,male,1993-12-20 00:00:00+00:00,9831,Nice,False,Left Back,leftback,177,cm,73,kg,Tunisia,6.01,6.0,3.0,,2027-06-30 00:00:00+00:00,,,9.0,2.0,5.404999999999999
574642,Ellyes Skhiri,False,male,1995-05-10 00:00:00+00:00,9810,Eintracht Frankfurt,False,Defensive Midfielder,centerdefensivemidfielder,185,cm,69,kg,Tunisia,5.714814814814814,1.0,0.0,,2027-06-30 00:00:00+00:00,,,1.0,,3.157407407407407
712132,Mortadha Ben Ouanes,False,male,1994-07-02 00:00:00+00:00,4685,Kasımpaşa,False,Left Winger,leftwinger,182,cm,75,kg,Tunisia,5.486046511627907,2.0,6.0,,2027-06-30 00:00:00+00:00,,,8.0,0.3333333333333333,4.543023255813954
771686,Dylan Bronn,False,male,1995-06-19 00:00:00+00:00,9777,Servette,False,Center Back,centerback,186,cm,75,kg,Tunisia,4.522727272727273,1.0,1.0,,2027-06-30 00:00:00+00:00,,,2.0,1.0,2.7613636363636367
789596,Yan Valery,False,male,1999-02-22 00:00:00+00:00,10192,Young Boys,True,Right Back,rightback,180,cm,70,kg,Tunisia,6.524528301886791,0.0,5.0,,,,,5.0,0.0,4.262264150943396
845336,Firas Chaouat,False,male,1996-05-08 00:00:00+00:00,102102,Club Africain,False,Striker,striker,185,cm,70,kg,Tunisia,2.063636363636364,18.0,1.0,,2028-06-30 00:00:00+00:00,,,19.0,18.0,6.631818181818182
846392,Montassar Talbi,False,male,1998-05-26 00:00:00+00:00,8689,Lorient,False,Center Back,centerback,190,cm,81,kg,Tunisia,6.8282608695652165,2.0,1.0,,2027-06-30 00:00:00+00:00,,,3.0,2.0,4.214130434782608
921919,Sebastian Tounekti,False,male,2002-07-13 00:00:00+00:00,9925,Celtic,False,Left Winger,leftwinger,183,cm,76,kg,Tunisia,4.9941176470588236,6.0,3.0,,2030-05-31 00:00:00+00:00,,,9.0,2.0,4.897058823529411
982855,Aymen Dahmen,False,male,1997-01-28 00:00:00+00:00,102106,CS Sfaxien,False,Keeper,keeper_long,188,cm,83,kg,Tunisia,2.354761904761905,0.0,0.0,,2028-06-30 00:00:00+00:00,,,0.0,,1.1773809523809524
1031325,Martín Zubimendi,False,male,1999-02-02 00:00:00+00:00,9825,Arsenal,False,Central Midfielder,centermidfielder,180,cm,74,kg,Spain,5.708571428571429,5.0,3.0,,2030-06-30 00:00:00+00:00,,,8.0,1.6666666666666667,4.954285714285714
1047676,Yéremi Pino,False,male,2002-10-20 00:00:00+00:00,9826,Crystal Palace,False,Attacking Midfielder,centerattackingmidfielder,172,cm,70,kg,Spain,5.6485714285714295,6.0,5.0,,2030-06-30 00:00:00+00:00,,,11.0,1.2,5.6242857142857146
1083323,Pedri,False,male,2002-11-25 00:00:00+00:00,8634,Barcelona,False,Defensive Midfielder,centerdefensivemidfielder,174,cm,60,kg,Spain,7.369841269841269,5.0,12.0,,2030-06-30 00:00:00+00:00,,,17.0,0.4166666666666667,7.5849206349206355
1167220,Joan García,False,male,2001-05-04 00:00:00+00:00,8634,Barcelona,False,Keeper,keeper_long,193,cm,74,kg,Spain,5.817460317460318,0.0,0.0,,2031-06-30 00:00:00+00:00,,,0.0,,2.908730158730159
1202110,Nico Williams,False,male,2002-07-12 00:00:00+00:00,8315,Athletic Club,False,Left Winger,leftwinger,181,cm,78,kg,Spain,6.15,6.0,6.0,,2035-06-30 00:00:00+00:00,,,12.0,1.0,6.075
1279040,Gavi,False,male,2004-08-05 00:00:00+00:00,8634,Barcelona,False,Defensive Midfielder,centerdefensivemidfielder,173,cm,70,kg,Spain,4.103225806451613,3.0,2.0,,2030-06-30 00:00:00+00:00,,,5.0,1.5,3.3516129032258064
1323897,Marc Pubill,False,male,2003-06-20 00:00:00+00:00,9906,Atletico Madrid,False,Center Back,centerback,190,cm,83,kg,Spain,4.081428571428571,1.0,1.0,,2030-06-30 00:00:00+00:00,,,2.0,1.0,2.5407142857142855
1467236,Lamine Yamal,False,male,2007-07-13 00:00:00+00:00,8634,Barcelona,False,Right Winger,rightwinger,180,cm,73,kg,Spain,8.02295081967213,29.0,21.0,,2031-06-30 00:00:00+00:00,,,50.0,1.380952380952381,16.911475409836065
1532137,Pau Cubarsí,False,male,2007-01-22 00:00:00+00:00,8634,Barcelona,False,Center Back,centerback,184,cm,76,kg,Spain,6.042857142857144,1.0,2.0,,2029-06-30 00:00:00+00:00,,,3.0,0.5,3.7214285714285715
1553105,Víctor Muñoz,False,male,2003-07-13 00:00:00+00:00,8650,Liverpool,False,Left Winger,leftwinger,173,cm,71,kg,Spain,5.420408163265306,8.0,5.0,,,,,13.0,1.6,6.110204081632653
288406,Alejandro Grimaldo,False,male,1995-09-20 00:00:00+00:00,9906,Atletico Madrid,False,Left Wing-Back,left_wing_back,171,cm,60,kg,Spain,5.826865671641791,14.0,13.0,,2030-06-30 00:00:00+00:00,,,27.0,1.0769230769230769,9.713432835820896
411617,Aymeric Laporte,False,male,1994-05-27 00:00:00+00:00,8315,Athletic Club,False,Center Back,centerback,191,cm,85,kg,Spain,6.314285714285715,0.0,2.0,,2028-06-30 00:00:00+00:00,,,2.0,0.0,3.5571428571428574
562727,David Raya,False,male,1995-09-15 00:00:00+00:00,9825,Arsenal,False,Keeper,keeper_long,183,cm,80,kg,Spain,5.1257142857142854,0.0,0.0,,2028-06-30 00:00:00+00:00,,,0.0,,2.5628571428571427
574645,Mikel Merino,False,male,1996-06-22 00:00:00+00:00,9825,Arsenal,False,Central Midfielder,centermidfielder,187,cm,79,kg,Spain,5.812068965517242,15.0,3.0,,2028-06-30 00:00:00+00:00,,,18.0,5.0,8.00603448275862
602563,Marcos Llorente,False,male,1995-01-30 00:00:00+00:00,9906,Atletico Madrid,False,Right Back,rightback,180,cm,69,kg,Spain,5.95,4.0,6.0,,2027-06-30 00:00:00+00:00,,,10.0,0.6666666666666666,5.375
605654,Fabián Ruiz,False,male,1996-04-03 00:00:00+00:00,9847,Paris Saint-Germain,False,Central Midfielder,centermidfielder,189,cm,70,kg,Spain,6.771111111111111,3.0,6.0,,2027-06-30 00:00:00+00:00,,,9.0,0.5,5.485555555555556
609505,Borja Iglesias,False,male,1993-01-17 00:00:00+00:00,9910,Celta Vigo,False,Striker,striker,187,cm,80,kg,Spain,5.4867647058823525,18.0,3.0,,2027-06-30 00:00:00+00:00,,,21.0,6.0,8.743382352941175
614834,Dani Olmo,False,male,1998-05-07 00:00:00+00:00,8634,Barcelona,False,Attacking Midfielder,centerattackingmidfielder,180,cm,70,kg,Spain,6.748529411764706,9.0,14.0,,2030-06-30 00:00:00+00:00,,,23.0,0.6428571428571429,8.874264705882354
660625,Unai Simón,False,male,1997-06-11 00:00:00+00:00,8315,Athletic Club,False,Keeper,keeper_long,190,cm,86,kg,Spain,6.225714285714287,0.0,0.0,,2029-06-30 00:00:00+00:00,,,0.0,,3.1128571428571434
675088,Rodri,False,male,1996-06-22 00:00:00+00:00,8456,Manchester City,False,Defensive Midfielder,centerdefensivemidfielder,190,cm,88,kg,Spain,6.922916666666667,2.0,0.0,,2027-06-30 00:00:00+00:00,,,2.0,,4.061458333333333
678234,Mikel Oyarzabal,False,male,1997-04-21 00:00:00+00:00,8560,Real Sociedad,False,Striker,striker,180,cm,77,kg,Spain,6.849180327868853,32.0,9.0,,2028-06-30 00:00:00+00:00,,,41.0,3.5555555555555554,14.824590163934428
873289,Marc Cucurella,False,male,1998-07-22 00:00:00+00:00,8633,Real Madrid,False,Left Back,leftback,177,cm,67,kg,Spain,6.570000000000001,2.0,7.0,,2032-06-30 00:00:00+00:00,,,9.0,0.2857142857142857,5.285000000000001
881771,Ferran Torres,False,male,2000-02-29 00:00:00+00:00,8634,Barcelona,False,Striker,striker,184,cm,77,kg,Spain,6.174285714285714,25.0,7.0,,2027-06-30 00:00:00+00:00,,,32.0,3.5714285714285716,11.987142857142858
940573,Eric García,False,male,2001-01-09 00:00:00+00:00,8634,Barcelona,False,Center Back,centerback,182,cm,79,kg,Spain,5.6463768115942035,2.0,3.0,,2031-06-30 00:00:00+00:00,,,5.0,0.6666666666666666,4.023188405797102
941573,Pedro Porro,False,male,1999-09-13 00:00:00+00:00,8586,Tottenham Hotspur,False,Right Back,rightback,176,cm,71,kg,Spain,6.857971014492755,4.0,5.0,,2031-06-30 00:00:00+00:00,,,9.0,0.8,5.6289855072463775
942372,Álex Baena,False,male,2001-07-20 00:00:00+00:00,9906,Atletico Madrid,False,Left Winger,leftwinger,174,cm,70,kg,Spain,5.897058823529412,3.0,5.0,,2030-06-30 00:00:00+00:00,,,8.0,0.6,4.848529411764706
1016132,Manu Koné,False,male,2001-05-17 00:00:00+00:00,8686,Roma,False,Defensive Midfielder,centerdefensivemidfielder,185,cm,73,kg,France,6.367796610169491,2.0,4.0,,2029-06-30 00:00:00+00:00,,,6.0,0.5,4.5838983050847455
1029063,Michael Olise,False,male,2001-12-12 00:00:00+00:00,9823,Bayern München,False,Right Winger,rightwinger,184,cm,73,kg,France,7.7785714285714285,25.0,34.0,,2029-06-30 00:00:00+00:00,,,59.0,0.7352941176470589,18.189285714285717
1104053,Rayan Cherki,False,male,2003-08-17 00:00:00+00:00,8456,Manchester City,False,Attacking Midfielder,centerattackingmidfielder,177,cm,71,kg,France,6.405882352941178,11.0,16.0,,2030-06-30 00:00:00+00:00,,,27.0,0.6875,9.702941176470588
1197250,Malo Gusto,False,male,2003-05-19 00:00:00+00:00,8455,Chelsea,False,Right Back,rightback,179,cm,75,kg,France,5.598571428571429,3.0,8.0,,2030-06-30 00:00:00+00:00,,,11.0,0.375,5.299285714285714
1297165,Bradley Barcola,False,male,2002-09-02 00:00:00+00:00,9847,Paris Saint-Germain,False,Left Winger,leftwinger,182,cm,76,kg,France,6.884615384615386,17.0,8.0,,2028-06-30 00:00:00+00:00,,,25.0,2.125,10.142307692307693
1305618,Maghnes Akliouche,False,male,2002-02-25 00:00:00+00:00,9829,Monaco,False,Right Winger,rightwinger,183,cm,65,kg,France,5.729230769230769,9.0,12.0,,2028-06-30 00:00:00+00:00,,,21.0,0.75,7.964615384615385
1339208,Désiré Doué,False,male,2005-06-03 00:00:00+00:00,9847,Paris Saint-Germain,False,Right Winger,rightwinger,178,cm,72,kg,France,6.994642857142858,16.0,9.0,,2029-06-30 00:00:00+00:00,,,25.0,1.7777777777777777,10.09732142857143
1367615,Warren Zaïre-Emery,False,male,2006-03-08 00:00:00+00:00,9847,Paris Saint-Germain,False,Central Midfielder,centermidfielder,178,cm,69,kg,France,6.111428571428571,3.0,5.0,,2029-06-30 00:00:00+00:00,,,8.0,0.6,4.9557142857142855
1390336,Robin Risser,False,male,2004-12-02 00:00:00+00:00,8588,Lens,False,Keeper,keeper_long,193,cm,82,kg,France,4.735714285714286,0.0,1.0,,2030-06-30 00:00:00+00:00,,,1.0,0.0,2.567857142857143
210111,Lucas Digne,False,male,1993-07-20 00:00:00+00:00,10252,Aston Villa,False,Left Back,leftback,178,cm,74,kg,France,5.111428571428572,0.0,8.0,,2028-06-30 00:00:00+00:00,,,8.0,0.0,4.155714285714286
279714,Brice Samba,False,male,1994-04-25 00:00:00+00:00,9851,Rennes,False,Keeper,keeper_long,186,cm,79,kg,France,4.541509433962265,0.0,0.0,,2029-06-30 00:00:00+00:00,,,0.0,,2.2707547169811324
319300,N'Golo Kanté,False,male,1991-03-29 00:00:00+00:00,8695,Fenerbahçe,False,Defensive Midfielder,centerdefensivemidfielder,168,cm,68,kg,France,5.755,4.0,2.0,,2028-06-30 00:00:00+00:00,,,6.0,2.0,4.4775
352879,Adrien Rabiot,False,male,1995-04-03 00:00:00+00:00,8564,Milan,False,Central Midfielder,centermidfielder,191,cm,73,kg,France,6.484615384615385,7.0,5.0,,2028-06-30 00:00:00+00:00,,,12.0,1.4,6.342307692307692
466439,Mike Maignan,False,male,1995-07-03 00:00:00+00:00,8564,Milan,False,Keeper,keeper_long,191,cm,80,kg,France,6.7253968253968255,0.0,0.0,,2031-06-30 00:00:00+00:00,,,0.0,,3.3626984126984127
504606,Lucas Hernández,False,male,1996-02-14 00:00:00+00:00,9847,Paris Saint-Germain,False,Left Back,leftback,183,cm,76,kg,France,3.5985714285714288,0.0,3.0,,2028-06-30 00:00:00+00:00,,,3.0,0.0,2.3992857142857145
621562,Marcus Thuram,False,male,1997-08-06 00:00:00+00:00,8636,Inter,False,Striker,striker,188,cm,80,kg,France,5.863492063492063,20.0,9.0,,2028-06-30 00:00:00+00:00,,,29.0,2.2222222222222223,10.731746031746033
658554,Dayot Upamecano,False,male,1998-10-27 00:00:00+00:00,9823,Bayern München,False,Center Back,centerback,185,cm,75,kg,France,6.265714285714285,2.0,4.0,,2030-06-30 00:00:00+00:00,,,6.0,0.5,4.532857142857143
692984,Ousmane Dembélé,False,male,1997-05-15 00:00:00+00:00,9847,Paris Saint-Germain,False,Striker,striker,178,cm,70,kg,France,6.969090909090908,26.0,14.0,,2028-06-30 00:00:00+00:00,,,40.0,1.8571428571428572,14.084545454545454
701154,Kylian Mbappé,False,male,1998-12-20 00:00:00+00:00,8633,Real Madrid,False,Striker,striker,178,cm,78,kg,France,7.914285714285715,60.0,14.0,,2029-06-30 00:00:00+00:00,,,74.0,4.285714285714286,24.757142857142856
705450,Jules Koundé,False,male,1998-11-12 00:00:00+00:00,8634,Barcelona,False,Right Back,rightback,180,cm,75,kg,France,6.354285714285714,3.0,5.0,,2030-06-30 00:00:00+00:00,,,8.0,0.6,5.0771428571428565
706297,Jean-Philippe Mateta,False,male,1997-06-28 00:00:00+00:00,9826,Crystal Palace,False,Striker,striker,192,cm,82,kg,France,5.906060606060606,21.0,5.0,,2027-06-30 00:00:00+00:00,,,26.0,4.2,10.253030303030304
724371,Theo Hernández,False,male,1997-10-06 00:00:00+00:00,2529,Al Hilal,False,Left Back,leftback,184,cm,81,kg,France,6.431746031746032,9.0,5.0,,2028-06-30 00:00:00+00:00,,,14.0,1.8,6.915873015873016
820140,Ibrahima Konaté,False,male,1999-05-25 00:00:00+00:00,8633,Real Madrid,False,Center Back,centerback,192,cm,84,kg,France,5.84,2.0,1.0,,2030-06-30 00:00:00+00:00,,,3.0,2.0,3.72
914458,Aurélien Tchouaméni,False,male,2000-01-27 00:00:00+00:00,8633,Real Madrid,False,Central Midfielder,centermidfielder,185,cm,80,kg,France,6.698461538461539,2.0,5.0,,2028-06-30 00:00:00+00:00,,,7.0,0.4,4.94923076923077
950485,Maxence Lacroix,False,male,2000-04-06 00:00:00+00:00,9826,Crystal Palace,False,Center Back,centerback,190,cm,88,kg,France,6.238571428571428,3.0,3.0,,2029-06-30 00:00:00+00:00,,,6.0,1.0,4.619285714285715
955406,William Saliba,False,male,2001-03-24 00:00:00+00:00,9825,Arsenal,False,Center Back,centerback,193,cm,87,kg,France,6.5285714285714285,1.0,1.0,,2030-06-30 00:00:00+00:00,,,2.0,1.0,3.7642857142857142
1033279,Isidro Pitta,False,male,1999-08-14 00:00:00+00:00,109705,Red Bull Bragantino,False,Striker,striker,183,cm,78,kg,Paraguay,5.783673469387755,12.0,6.0,,2028-12-31 00:00:00+00:00,,,18.0,2.0,7.691836734693877
1059490,Mauricio,False,male,2001-06-22 00:00:00+00:00,10283,Palmeiras,False,Attacking Midfielder,centerattackingmidfielder,175,cm,77,kg,Paraguay,5.612857142857143,5.0,8.0,,2028-12-31 00:00:00+00:00,,,13.0,0.625,5.906428571428572
1073742,Julio Enciso,False,male,2004-01-23 00:00:00+00:00,9848,Strasbourg,False,Attacking Midfielder,centerattackingmidfielder,173,cm,68,kg,Paraguay,6.827777777777777,13.0,13.0,,2029-06-30 00:00:00+00:00,,,26.0,1.0,9.913888888888888
1075065,Braian Ojeda,False,male,2000-06-27 00:00:00+00:00,267810,Orlando City,False,Central Midfielder,centermidfielder,173,cm,67,kg,Paraguay,6.014893617021275,5.0,4.0,,2029-06-30 00:00:00+00:00,,,9.0,1.25,5.307446808510638
1132960,Ramón Sosa,False,male,1999-08-31 00:00:00+00:00,10283,Palmeiras,False,Left Winger,leftwinger,178,cm,75,kg,Paraguay,5.44,11.0,6.0,,2030-06-30 00:00:00+00:00,,,17.0,1.8333333333333333,7.22
1133495,Juan Cáceres,False,male,2000-06-01 00:00:00+00:00,9763,Dinamo Moscow,False,Right Back,rightback,173,cm,62,kg,Paraguay,4.798039215686274,0.0,9.0,,2029-12-31 00:00:00+00:00,,,9.0,0.0,4.199019607843137
1241957,Matías Galarza,False,male,2002-02-11 00:00:00+00:00,10076,River Plate,False,Central Midfielder,centermidfielder,175,cm,67,kg,Paraguay,4.800000000000001,3.0,1.0,,2028-12-31 00:00:00+00:00,,,4.0,3.0,3.5000000000000004
1252913,Damián Bobadilla,False,male,2001-07-11 00:00:00+00:00,10277,Sao Paulo,False,Defensive Midfielder,centerdefensivemidfielder,181,cm,76,kg,Paraguay,6.488405797101449,8.0,8.0,,2027-12-31 00:00:00+00:00,,,16.0,1.0,7.244202898550725
1320444,Álex Arce,False,male,1995-06-16 00:00:00+00:00,161729,Independiente Rivadavia,False,Striker,striker,188,cm,80,kg,Paraguay,5.004545454545455,16.0,1.0,,2028-12-31 00:00:00+00:00,,,17.0,16.0,7.502272727272728
1347933,Gustavo Caballero,False,male,2001-09-21 00:00:00+00:00,8514,Santos FC,False,Right Winger,rightwinger,186,cm,73,kg,Paraguay,4.16,3.0,1.0,,2028-12-31 00:00:00+00:00,,,4.0,3.0,3.18
1354561,Diego Gómez,False,male,2003-03-27 00:00:00+00:00,10204,Brighton & Hove Albion,False,Attacking Midfielder,centerattackingmidfielder,183,cm,75,kg,Paraguay,6.717307692307693,12.0,2.0,,,,,14.0,6.0,7.358653846153846
1683391,Orlando Gill,False,male,2000-06-11 00:00:00+00:00,10083,San Lorenzo,False,Keeper,keeper_long,198,cm,81,kg,Paraguay,6.532,0.0,0.0,,2027-12-31 00:00:00+00:00,,,0.0,,3.266
1736527,Alexandro Maidana,False,male,2005-07-26 00:00:00+00:00,10101,Talleres,False,Left Back,leftback,173,cm,73,kg,Paraguay,6.381818181818182,7.0,1.0,,,,,8.0,7.0,5.490909090909091
274392,Gustavo Gómez,False,male,1993-05-06 00:00:00+00:00,10283,Palmeiras,False,Center Back,centerback,185,cm,69,kg,Paraguay,6.5928571428571425,6.0,1.0,,2027-12-31 00:00:00+00:00,,,7.0,6.0,5.296428571428572
307438,Fabián Balbuena,False,male,1991-08-23 00:00:00+00:00,9769,Gremio,False,Center Back,centerback,188,cm,84,kg,Paraguay,3.5939393939393938,1.0,0.0,,2027-06-30 00:00:00+00:00,,,1.0,,2.0969696969696967
425711,Gabriel Ávalos,False,male,1991-07-09 00:00:00+00:00,10078,Independiente,False,Striker,striker,191,cm,92,kg,Paraguay,5.706521739130435,13.0,7.0,,2026-12-31 00:00:00+00:00,,,20.0,1.8571428571428572,8.153260869565218
442277,Miguel Almirón,False,male,1994-02-10 00:00:00+00:00,773958,Atlanta United,False,Left Winger,leftwinger,174,cm,70,kg,Paraguay,6.96111111111111,5.0,6.0,,2027-12-31 00:00:00+00:00,,,11.0,0.8333333333333334,6.180555555555555
466214,Júnior Alonso,False,male,1993-02-09 00:00:00+00:00,773958,Atlanta United,False,Center Back,centerback,185,cm,83,kg,Paraguay,5.294285714285714,1.0,0.0,1315068.0,,,,1.0,,2.9471428571428566
474448,Antonio Sanabria,False,male,1996-03-04 00:00:00+00:00,7801,Cremonese,False,Striker,striker,180,cm,74,kg,Paraguay,4.875555555555555,2.0,1.0,,2028-06-30 00:00:00+00:00,,,3.0,2.0,3.2377777777777776
495193,Gastón Olveira,False,male,1993-04-21 00:00:00+00:00,6619,Olimpia,False,Keeper,keeper_long,191,cm,81,kg,Paraguay,5.5744186046511635,0.0,0.0,,,,,0.0,,2.7872093023255817
497352,Gustavo Velázquez,False,male,1991-04-17 00:00:00+00:00,6295,Cerro Porteno,False,Center Back,centerback,189,cm,76,kg,Paraguay,6.106122448979591,1.0,0.0,,,,,1.0,,3.3530612244897955
529625,Andrés Cubas,False,male,1996-05-11 00:00:00+00:00,307691,Vancouver Whitecaps,False,Defensive Midfielder,centerdefensivemidfielder,168,cm,66,kg,Paraguay,7.114999999999999,0.0,2.0,,2028-06-30 00:00:00+00:00,,,2.0,0.0,3.9574999999999996
600850,Alejandro Romero,False,male,1995-01-11 00:00:00+00:00,102117,Al-Ain,False,Central Midfielder,centermidfielder,171,cm,66,kg,Paraguay,5.164102564102564,5.0,8.0,,,,,13.0,0.625,5.682051282051281
68422,Roberto Fernández,False,male,1988-03-29 00:00:00+00:00,6295,Cerro Porteno,False,Keeper,keeper_long,191,cm,86,kg,Paraguay,0.6262295081967214,0.0,0.0,,,,,0.0,,0.3131147540983607
751998,Omar Alderete,False,male,1996-12-26 00:00:00+00:00,8472,Sunderland,False,Center Back,centerback,188,cm,92,kg,Paraguay,6.188,1.0,1.0,,2029-06-30 00:00:00+00:00,,,2.0,1.0,3.594
860890,José Canale,False,male,1996-07-20 00:00:00+00:00,10082,Lanus,False,Center Back,centerback,187,cm,80,kg,Paraguay,5.478571428571429,5.0,0.0,,2026-12-31 00:00:00+00:00,,,5.0,,4.239285714285714
1002617,Saud Abdulhamid,False,male,1999-07-18 00:00:00+00:00,8588,Lens,False,Right Wing-Back,right_wing_back,171,cm,67,kg,Saudi Arabia,5.3803921568627455,3.0,7.0,,2029-06-30 00:00:00+00:00,,,10.0,0.42857142857142855,4.990196078431373
1024928,Khalid Al Ghannam,False,male,2000-11-07 00:00:00+00:00,101915,Al-Ettifaq,False,Left Winger,leftwinger,171,cm,65,kg,Saudi Arabia,5.988095238095239,13.0,6.0,,2028-06-30 00:00:00+00:00,,,19.0,2.1666666666666665,8.094047619047618
1095207,Ayman Yahya,False,male,2001-05-14 00:00:00+00:00,101918,Al Nassr FC,False,Left Back,leftback,164,cm,66,kg,Saudi Arabia,5.690909090909092,3.0,3.0,,,,,6.0,1.0,4.345454545454546
1125083,Nawaf Alaqidi,False,male,2000-05-10 00:00:00+00:00,101918,Al Nassr FC,False,Keeper,keeper_long,186,cm,75,kg,Saudi Arabia,2.760377358490566,0.0,1.0,,2028-06-30 00:00:00+00:00,,,1.0,0.0,1.580188679245283
1138003,Moteb Al-Harbi,False,male,2000-02-19 00:00:00+00:00,2529,Al Hilal,False,Right Back,rightback,173,cm,68,kg,Saudi Arabia,5.805660377358492,2.0,2.0,,2029-06-30 00:00:00+00:00,,,4.0,1.0,3.902830188679246
1174962,Ziyad Aljohani,False,male,2001-11-11 00:00:00+00:00,2530,Al Ahli,False,Defensive Midfielder,centerdefensivemidfielder,180,cm,72,kg,Saudi Arabia,3.815,1.0,1.0,,2030-06-30 00:00:00+00:00,,,2.0,1.0,2.4075
1232530,Jehad Thakri,False,male,2001-07-21 00:00:00+00:00,101919,Al Qadsiah,False,Center Back,centerback,183,cm,74,kg,Saudi Arabia,4.71063829787234,0.0,0.0,,2031-06-30 00:00:00+00:00,,,0.0,,2.35531914893617
1235341,Musab Al-Juwayr,False,male,2003-06-20 00:00:00+00:00,101919,Al Qadsiah,False,Central Midfielder,centermidfielder,178,cm,71,kg,Saudi Arabia,6.630508474576271,8.0,14.0,,2030-06-30 00:00:00+00:00,,,22.0,0.5714285714285714,8.515254237288136
1401228,Nawaf Al-Boushail,False,male,1999-09-16 00:00:00+00:00,101918,Al Nassr FC,False,Right Back,rightback,178,cm,71,kg,Saudi Arabia,6.408823529411765,0.0,9.0,,2027-06-30 00:00:00+00:00,,,9.0,0.0,5.004411764705883
1543647,Mohammed Abu Al Shamat,False,male,2002-08-11 00:00:00+00:00,101919,Al Qadsiah,False,Right Back,rightback,170,cm,65,kg,Saudi Arabia,6.255102040816326,2.0,8.0,,2031-06-30 00:00:00+00:00,,,10.0,0.25,5.327551020408164
307753,Salem Al-Dawsari,False,male,1991-08-19 00:00:00+00:00,2529,Al Hilal,False,Left Winger,leftwinger,172,cm,68,kg,Saudi Arabia,6.656603773584906,12.0,13.0,,2027-06-30 00:00:00+00:00,,,25.0,0.9230769230769231,9.528301886792452
384407,Saleh Al-Shehri,False,male,1993-11-01 00:00:00+00:00,8577,Al Ittihad,False,Striker,striker,184,cm,75,kg,Saudi Arabia,3.111538461538461,5.0,2.0,,2027-06-30 00:00:00+00:00,,,7.0,2.5,3.4557692307692305
431215,Hasan Kadesh,False,male,1992-08-01 00:00:00+00:00,8577,Al Ittihad,False,Center Back,centerback,179,cm,71,kg,Saudi Arabia,5.877777777777778,1.0,1.0,,2028-06-30 00:00:00+00:00,,,2.0,1.0,3.438888888888889
535669,Mohammed Al Owais,False,male,1991-10-10 00:00:00+00:00,1793879,Al-Ula FC,False,Keeper,keeper_long,185,cm,77,kg,Saudi Arabia,2.9390243902439024,0.0,0.0,,,,,0.0,,1.4695121951219512
544589,Ahmed Ali Al Kassar,False,male,1991-05-08 00:00:00+00:00,101919,Al Qadsiah,False,Keeper,keeper_long,178,cm,76,kg,Saudi Arabia,0.7714285714285715,0.0,0.0,,2027-06-30 00:00:00+00:00,,,0.0,,0.38571428571428573
619824,Sultan Mandash,False,male,1994-10-17 00:00:00+00:00,2529,Al Hilal,False,Right Winger,rightwinger,172,cm,77,kg,Saudi Arabia,4.835999999999999,10.0,6.0,,2028-06-30 00:00:00+00:00,,,16.0,1.6666666666666667,6.617999999999999
640284,Ali Lajami,False,male,1996-04-24 00:00:00+00:00,2529,Al Hilal,False,Center Back,centerback,178,cm,75,kg,Saudi Arabia,3.6415094339622636,0.0,0.0,,2028-06-30 00:00:00+00:00,,,0.0,,1.8207547169811318
697618,Alaa Hajji,False,male,1995-12-03 00:00:00+00:00,1699505,Neom SC,False,Central Midfielder,centermidfielder,173,cm,69,kg,Saudi Arabia,5.636363636363637,3.0,2.0,,,,,5.0,1.5,4.118181818181818
823457,Abdullah Alkhaibari,False,male,1996-08-16 00:00:00+00:00,101918,Al Nassr FC,False,Central Midfielder,centermidfielder,175,cm,66,kg,Saudi Arabia,6.180597014925373,1.0,1.0,,2029-06-30 00:00:00+00:00,,,2.0,1.0,3.5902985074626863
844226,Firas Al-Buraikan,False,male,2000-05-14 00:00:00+00:00,2530,Al Ahli,False,Striker,striker,181,cm,74,kg,Saudi Arabia,6.000000000000001,13.0,1.0,,2028-06-30 00:00:00+00:00,,,14.0,13.0,7.1000000000000005
848600,Abdulelah Al Amri,False,male,1997-01-15 00:00:00+00:00,101918,Al Nassr FC,False,Center Back,centerback,185,cm,77,kg,Saudi Arabia,5.498333333333333,5.0,2.0,,2028-06-30 00:00:00+00:00,,,7.0,2.5,4.649166666666667
848607,Hassan Al Tambakti,False,male,1999-02-09 00:00:00+00:00,2529,Al Hilal,False,Center Back,centerback,182,cm,74,kg,Saudi Arabia,6.064285714285714,2.0,0.0,,2027-06-30 00:00:00+00:00,,,2.0,,3.632142857142857
848612,Nasser Al-Dawsari,False,male,1998-12-19 00:00:00+00:00,2529,Al Hilal,False,Central Midfielder,centermidfielder,178,cm,72,kg,Saudi Arabia,6.012500000000001,1.0,1.0,,2027-06-30 00:00:00+00:00,,,2.0,1.0,3.5062500000000005
866373,Mohamed Kanno,False,male,1994-09-22 00:00:00+00:00,2529,Al Hilal,False,Central Midfielder,centermidfielder,192,cm,73,kg,Saudi Arabia,6.418749999999999,8.0,5.0,,2027-06-30 00:00:00+00:00,,,13.0,1.6,6.609375
909198,Abdullah Al-Hamdan,False,male,1999-09-12 00:00:00+00:00,101918,Al Nassr FC,False,Striker,striker,179,cm,73,kg,Saudi Arabia,3.141935483870968,10.0,2.0,,,,,12.0,5.0,4.9709677419354845
910986,Ali Majrashi,False,male,1999-10-01 00:00:00+00:00,2530,Al Ahli,False,Right Back,rightback,169,cm,67,kg,Saudi Arabia,5.7265625,1.0,4.0,,2029-06-30 00:00:00+00:00,,,5.0,0.25,3.9632812499999996
1026781,Gue-Sung Cho,False,male,1998-01-25 00:00:00+00:00,8113,FC Midtjylland,False,Striker,striker,188,cm,70,kg,South Korea,5.6872727272727275,10.0,1.0,,2028-06-30 00:00:00+00:00,,,11.0,10.0,6.043636363636364
1044299,Hyeon-Gyu Oh,False,male,2001-04-12 00:00:00+00:00,10188,Beşiktaş,False,Striker,striker,183,cm,72,kg,South Korea,5.926984126984126,21.0,6.0,,2029-06-30 00:00:00+00:00,,,27.0,3.5,10.463492063492062
1053477,Tae-Hyeon Kim,False,male,2000-09-17 00:00:00+00:00,4397,Kashima Antlers,False,Center Back,centerback,186,cm,81,kg,South Korea,5.666666666666667,1.0,1.0,,,,,2.0,1.0,3.3333333333333335
1107251,Tae-Seok Lee,False,male,2002-07-28 00:00:00+00:00,10011,Austria Wien,False,Left Wing-Back,left_wing_back,174,cm,69,kg,South Korea,6.3644444444444455,4.0,4.0,,2029-06-30 00:00:00+00:00,,,8.0,1.0,5.182222222222222
1107283,Ji-Sung Eom,False,male,2002-05-09 00:00:00+00:00,10003,Swansea City,False,Left Winger,leftwinger,174,cm,68,kg,South Korea,6.036065573770491,4.0,3.0,,2028-06-30 00:00:00+00:00,,,7.0,1.3333333333333333,4.8180327868852455
1132818,Seol Young-Woo,False,male,1998-12-05 00:00:00+00:00,8687,FK Crvena Zvezda,False,Right Back,rightback,183,cm,72,kg,Korea Republic,6.701639344262294,2.0,6.0,,2027-06-30 00:00:00+00:00,,,8.0,0.3333333333333333,5.150819672131147
1185902,Jens Castrop,False,male,2003-07-29 00:00:00+00:00,9788,Borussia Mönchengladbach,False,Left Wing-Back,left_wing_back,177,cm,71,kg,South Korea,5.1571428571428575,3.0,1.0,,2029-06-30 00:00:00+00:00,,,4.0,3.0,3.678571428571429
1232253,Han-Beom Lee,False,male,2002-06-17 00:00:00+00:00,8113,FC Midtjylland,False,Center Back,centerback,188,cm,79,kg,South Korea,5.914705882352941,2.0,3.0,,2027-06-30 00:00:00+00:00,,,5.0,0.6666666666666666,4.1573529411764705
1232264,Lee Gi-Hyuk,False,male,2000-07-07 00:00:00+00:00,164734,Gangwon FC,False,Center Back,centerback,184,cm,72,kg,Korea Republic,6.219999999999998,0.0,0.0,,2027-12-31 00:00:00+00:00,,,0.0,,3.109999999999999
1232560,Hyun-Jun Yang,False,male,2002-05-25 00:00:00+00:00,9925,Celtic,False,Right Winger,rightwinger,179,cm,71,kg,South Korea,4.9967741935483865,11.0,2.0,,2030-06-30 00:00:00+00:00,,,13.0,5.5,6.198387096774193
1326507,Cho Wi-Je,False,male,2001-08-25 00:00:00+00:00,46038,Jeonbuk Hyundai Motors FC,False,Center Back,centerback,189,cm,82,kg,Korea Republic,6.0162162162162165,3.0,0.0,,,,,3.0,,3.908108108108108
1386482,Jun-Ho Bae,False,male,2003-08-21 00:00:00+00:00,10194,Stoke City,False,Attacking Midfielder,centerattackingmidfielder,180,cm,73,kg,South Korea,5.525000000000001,4.0,3.0,,,,,7.0,1.3333333333333333,4.5625
167247,Seung-Gyu Kim,False,male,1990-09-30 00:00:00+00:00,4399,FC Tokyo,False,Keeper,keeper_long,187,cm,80,kg,South Korea,5.947619047619048,0.0,0.0,,2027-06-30 00:00:00+00:00,,,0.0,,2.973809523809524
212867,Heung-Min Son,False,male,1992-07-08 00:00:00+00:00,867280,Los Angeles FC,False,Striker,striker,184,cm,77,kg,South Korea,7.450980392156862,20.0,19.0,,2027-12-31 00:00:00+00:00,,,39.0,1.0526315789473684,13.525490196078431
433265,Jo Hyeon-Woo,False,male,1991-09-25 00:00:00+00:00,133896,Ulsan HD FC,False,Keeper,keeper_long,189,cm,75,kg,Korea Republic,5.449090909090907,0.0,0.0,,,,,0.0,,2.7245454545454537
523749,Jae-Sung Lee,False,male,1992-08-10 00:00:00+00:00,9905,Mainz 05,False,Central Midfielder,centermidfielder,180,cm,70,kg,South Korea,6.301960784313726,6.0,5.0,,,,,11.0,1.2,5.950980392156863
620026,Hwang Hee-Chan,False,male,1996-01-26 00:00:00+00:00,8602,Wolverhampton Wanderers,False,Striker,striker,177,cm,77,kg,Korea Republic,4.720754716981132,5.0,4.0,,2028-06-30 00:00:00+00:00,,,9.0,1.25,4.660377358490566
622980,Kim Jin-Gyu,False,male,1997-02-24 00:00:00+00:00,46038,Jeonbuk Hyundai Motors FC,False,Attacking Midfielder,centerattackingmidfielder,177,cm,68,kg,Korea Republic,6.334,6.0,5.0,,2026-12-31 00:00:00+00:00,,,11.0,1.2,5.967
623698,In-Beom Hwang,False,male,1996-09-20 00:00:00+00:00,10235,Feyenoord,False,Defensive Midfielder,centerdefensivemidfielder,177,cm,64,kg,South Korea,6.08,2.0,6.0,,2028-06-30 00:00:00+00:00,,,8.0,0.3333333333333333,4.84
828159,Min-Jae Kim,False,male,1996-11-15 00:00:00+00:00,9823,Bayern München,False,Center Back,centerback,188,cm,78,kg,South Korea,4.7253731343283585,1.0,1.0,,2028-06-30 00:00:00+00:00,,,2.0,1.0,2.8626865671641792
828273,Kim Moon-Hwan,False,male,1995-08-01 00:00:00+00:00,133900,Daejeon Hana Citizen,False,Right Back,rightback,173,cm,64,kg,Korea Republic,5.595555555555556,0.0,3.0,,2027-12-31 00:00:00+00:00,,,3.0,0.0,3.3977777777777782
848068,Song Bum-Keun,False,male,1997-10-15 00:00:00+00:00,46038,Jeonbuk Hyundai Motors FC,False,Keeper,keeper_long,196,cm,90,kg,Korea Republic,5.273469387755103,0.0,0.0,,,,,0.0,,2.6367346938775515
848102,Seung-Ho Paik,False,male,1997-03-17 00:00:00+00:00,8658,Birmingham City,False,Defensive Midfielder,centerdefensivemidfielder,180,cm,78,kg,South Korea,6.346551724137932,4.0,1.0,,2028-06-30 00:00:00+00:00,,,5.0,4.0,4.573275862068966
925647,Jin-Seob Park,False,male,1995-10-23 00:00:00+00:00,51443,Zhejiang Professional,False,Defensive Midfielder,centerdefensivemidfielder,184,cm,80,kg,South Korea,5.320833333333333,1.0,2.0,,,,,3.0,0.5,3.360416666666666
940976,Kang-In Lee,False,male,2001-02-19 00:00:00+00:00,9847,Paris Saint-Germain,False,Central Midfielder,centermidfielder,173,cm,68,kg,South Korea,6.046551724137931,4.0,8.0,,2028-06-30 00:00:00+00:00,,,12.0,0.5,5.823275862068966
954131,Lee Dong-Gyeong,False,male,1997-09-20 00:00:00+00:00,133896,Ulsan HD FC,False,Striker,striker,175,cm,68,kg,Korea Republic,6.500000000000001,14.0,13.0,,,,,27.0,1.0769230769230769,10.05
1024672,Nicolas Seiwald,False,male,2001-05-04 00:00:00+00:00,178475,RB Leipzig,False,Central Midfielder,centermidfielder,179,cm,70,kg,Austria,6.980392156862745,1.0,3.0,,2028-06-30 00:00:00+00:00,,,4.0,0.3333333333333333,4.390196078431373
1027194,Alexander Prass,False,male,2001-05-26 00:00:00+00:00,8226,Hoffenheim,False,Left Midfielder,leftmidfielder,180,cm,72,kg,Austria,4.686,4.0,3.0,,2028-06-30 00:00:00+00:00,,,7.0,1.3333333333333333,4.143000000000001
1073498,Patrick Wimmer,False,male,2001-05-30 00:00:00+00:00,8226,Hoffenheim,False,Left Winger,leftwinger,182,cm,77,kg,Austria,5.670731707317073,4.0,5.0,,2031-06-30 00:00:00+00:00,,,9.0,0.8,5.035365853658536
1073980,David Affengruber,False,male,2001-03-19 00:00:00+00:00,10268,Elche,False,Center Back,centerback,185,cm,77,kg,Austria,5.958695652173914,1.0,2.0,,2027-06-30 00:00:00+00:00,,,3.0,0.5,3.6793478260869565
1089685,Carney Chukwuemeka,False,male,2003-10-20 00:00:00+00:00,9789,Borussia Dortmund,False,Attacking Midfielder,centerattackingmidfielder,188,cm,70,kg,Austria,4.654,4.0,2.0,,2030-06-30 00:00:00+00:00,,,6.0,2.0,3.927
110148,Marko Arnautovic,False,male,1989-04-19 00:00:00+00:00,8687,FK Crvena Zvezda,False,Striker,striker,192,cm,88,kg,Austria,5.978,17.0,9.0,,2027-06-30 00:00:00+00:00,,,26.0,1.8888888888888888,9.889
121633,David Alaba,False,male,1992-06-24 00:00:00+00:00,,,,Center Back,centerback,180,cm,78,kg,Austria,2.983333333333334,0.0,2.0,,,,,2.0,0.0,1.891666666666667
1327149,Paul Wanner,False,male,2005-12-23 00:00:00+00:00,8640,PSV Eindhoven,False,Defensive Midfielder,centerdefensivemidfielder,185,cm,72,kg,Austria,5.031481481481482,5.0,5.0,,2030-06-30 00:00:00+00:00,,,10.0,1.0,5.015740740740741
1514693,Florian Wiegele,False,male,2001-03-21 00:00:00+00:00,6033,Viktoria Plzen,False,Keeper,keeper_long,205,cm,93,kg,Austria,3.6472727272727266,0.0,0.0,,2029-06-30 00:00:00+00:00,,,0.0,,1.8236363636363633
198316,Michael Gregoritsch,False,male,1994-04-18 00:00:00+00:00,8406,Augsburg,False,Striker,striker,190,cm,74,kg,Austria,5.457446808510638,12.0,5.0,,2027-06-30 00:00:00+00:00,,,17.0,2.4,7.328723404255319
215151,Marcel Sabitzer,False,male,1994-03-17 00:00:00+00:00,9789,Borussia Dortmund,False,Defensive Midfielder,centerdefensivemidfielder,177,cm,74,kg,Austria,6.26,8.0,8.0,,2027-06-30 00:00:00+00:00,,,16.0,1.0,7.129999999999999
423812,Phillipp Mwene,False,male,1994-01-29 00:00:00+00:00,9905,Mainz 05,False,Left Midfielder,leftmidfielder,168,cm,68,kg,Austria,5.950000000000001,1.0,2.0,,,,,3.0,0.5,3.6750000000000003
450739,Alexander Schlager,False,male,1996-02-01 00:00:00+00:00,8697,Werder Bremen,False,Keeper,keeper_long,184,cm,77,kg,Austria,6.283050847457628,0.0,0.0,1310644.0,2029-06-30 00:00:00+00:00,,,0.0,,3.141525423728814
461357,Alessandro Schöpf,False,male,1994-02-07 00:00:00+00:00,1954,Wolfsberger AC,False,Defensive Midfielder,centerdefensivemidfielder,178,cm,75,kg,Austria,5.170731707317073,5.0,5.0,,,,,10.0,1.0,5.085365853658537
526827,Konrad Laimer,False,male,1997-05-27 00:00:00+00:00,9823,Bayern München,False,Right Back,rightback,180,cm,72,kg,Austria,6.9630769230769225,5.0,14.0,,2027-06-30 00:00:00+00:00,,,19.0,0.35714285714285715,7.781538461538462
557325,Stefan Posch,False,male,1997-05-14 00:00:00+00:00,10171,Como,False,Center Back,centerback,190,cm,76,kg,Austria,5.294444444444444,6.0,2.0,,2029-06-30 00:00:00+00:00,,,8.0,3.0,4.847222222222222
617044,Florian Grillitsch,False,male,1995-08-07 00:00:00+00:00,,,,Central Midfielder,centermidfielder,187,cm,74,kg,Austria,5.2185185185185174,3.0,3.0,,,,,6.0,1.0,4.109259259259259
620027,Xaver Schlager,False,male,1997-09-28 00:00:00+00:00,,,,Central Midfielder,centermidfielder,174,cm,78,kg,Austria,6.40909090909091,3.0,3.0,,,,,6.0,1.0,4.704545454545455
630672,Patrick Pentz,False,male,1997-01-02 00:00:00+00:00,8595,Brøndby IF,False,Keeper,keeper_long,182,cm,81,kg,Austria,5.584615384615385,0.0,0.0,,2028-06-30 00:00:00+00:00,,,0.0,,2.7923076923076926
643724,Philipp Lienhart,False,male,1996-07-11 00:00:00+00:00,8358,Freiburg,False,Center Back,centerback,185,cm,78,kg,Austria,5.808,2.0,0.0,,,,,2.0,,3.504
749488,Romano Schmid,False,male,2000-01-27 00:00:00+00:00,8697,Werder Bremen,False,Attacking Midfielder,centerattackingmidfielder,167,cm,63,kg,Austria,6.9714285714285715,6.0,9.0,,2027-06-30 00:00:00+00:00,,,15.0,0.6666666666666666,7.085714285714285
754126,Kevin Danso,False,male,1998-09-19 00:00:00+00:00,8586,Tottenham Hotspur,False,Center Back,centerback,190,cm,80,kg,Austria,4.538461538461538,0.0,3.0,,2030-06-30 00:00:00+00:00,,,3.0,0.0,2.8692307692307693
767789,Marco Friedl,False,male,1998-03-16 00:00:00+00:00,8697,Werder Bremen,False,Center Back,centerback,187,cm,71,kg,Austria,5.667441860465117,1.0,0.0,,2028-06-30 00:00:00+00:00,,,1.0,,3.1337209302325584
858198,Sasa Kalajdzic,False,male,1997-07-07 00:00:00+00:00,8602,Wolverhampton Wanderers,False,Striker,striker,200,cm,76,kg,Austria,4.751162790697674,8.0,9.0,,2027-06-30 00:00:00+00:00,,,17.0,0.8888888888888888,6.575581395348837
861668,Dejan Ljubicic,False,male,1997-10-08 00:00:00+00:00,10189,Schalke 04,False,Right Winger,rightwinger,186,cm,74,kg,Austria,5.689130434782609,6.0,6.0,,2028-06-30 00:00:00+00:00,,,12.0,1.0,5.844565217391304
951921,Michael Svoboda,False,male,1998-10-15 00:00:00+00:00,10204,Brighton & Hove Albion,False,Center Back,centerback,195,cm,83,kg,Austria,5.465116279069767,3.0,2.0,,2030-06-30 00:00:00+00:00,,,5.0,1.5,4.032558139534884
1021586,Gabriel Martinelli,False,male,2001-06-18 00:00:00+00:00,9825,Arsenal,False,Left Winger,leftwinger,180,cm,75,kg,Brazil,5.295714285714286,14.0,7.0,,2027-06-30 00:00:00+00:00,,,21.0,2.0,8.247857142857143
1176214,Luiz Henrique,False,male,2001-01-02 00:00:00+00:00,8698,Zenit St. Petersburg,False,Right Winger,rightwinger,182,cm,80,kg,Brazil,5.276,5.0,5.0,,2028-12-31 00:00:00+00:00,,,10.0,1.0,5.138
1181700,Danilo Santos,False,male,2001-04-29 00:00:00+00:00,8517,Botafogo RJ,False,Defensive Midfielder,centerdefensivemidfielder,177,cm,70,kg,Brazil,6.535714285714286,14.0,8.0,,2029-06-30 00:00:00+00:00,,,22.0,1.75,9.067857142857143
1302005,Igor Thiago,False,male,2001-06-26 00:00:00+00:00,9937,Brentford,False,Striker,striker,191,cm,79,kg,Brazil,6.4490566037735855,28.0,2.0,,2031-06-30 00:00:00+00:00,,,30.0,14.0,12.024528301886793
1406729,Endrick,False,male,2006-07-21 00:00:00+00:00,9748,Lyon,True,Right Winger,rightwinger,173,cm,67,kg,Brazil,4.479166666666667,9.0,9.0,,,,,18.0,1.0,6.739583333333333
1478295,Rayan,False,male,2006-08-03 00:00:00+00:00,8678,AFC Bournemouth,False,Right Winger,rightwinger,186,cm,79,kg,Brazil,6.938181818181818,22.0,3.0,,2031-06-30 00:00:00+00:00,,,25.0,7.333333333333333,10.669090909090908
157865,Alex Sandro,False,male,1991-01-26 00:00:00+00:00,9770,Flamengo,False,Left Back,leftback,180,cm,82,kg,Brazil,4.753125000000001,0.0,1.0,,2026-12-31 00:00:00+00:00,,,1.0,0.0,2.5765625000000005
19533,Neymar,False,male,1992-02-05 00:00:00+00:00,8514,Santos FC,False,Striker,striker,175,cm,74,kg,Brazil,7.356249999999999,14.0,5.0,,2026-12-31 00:00:00+00:00,,,19.0,2.8,8.878125
208077,Danilo,False,male,1991-07-15 00:00:00+00:00,9770,Flamengo,False,Center Back,centerback,184,cm,84,kg,Brazil,4.273134328358208,2.0,1.0,,2026-12-31 00:00:00+00:00,,,3.0,2.0,2.9365671641791042
208494,Casemiro,False,male,1992-02-23 00:00:00+00:00,,,,Defensive Midfielder,centerdefensivemidfielder,185,cm,84,kg,Brazil,6.861111111111111,12.0,4.0,,,,,16.0,3.0,7.830555555555555
267365,Marquinhos,False,male,1994-05-14 00:00:00+00:00,9847,Paris Saint-Germain,False,Center Back,centerback,183,cm,75,kg,Brazil,4.96,2.0,0.0,,2028-06-30 00:00:00+00:00,,,2.0,,3.08
267826,Weverton,False,male,1987-12-13 00:00:00+00:00,9769,Gremio,False,Keeper,keeper_long,189,cm,84,kg,Brazil,5.9609375,0.0,1.0,,2028-12-31 00:00:00+00:00,,,1.0,0.0,3.18046875
319784,Alisson Becker,False,male,1992-10-02 00:00:00+00:00,8650,Liverpool,False,Keeper,keeper_long,193,cm,91,kg,Brazil,6.856521739130434,0.0,0.0,,2027-06-30 00:00:00+00:00,,,0.0,,3.428260869565217
346000,Douglas Santos,False,male,1994-03-22 00:00:00+00:00,8698,Zenit St. Petersburg,False,Left Back,leftback,176,cm,70,kg,Brazil,6.03170731707317,2.0,1.0,,2027-06-30 00:00:00+00:00,,,3.0,2.0,3.8158536585365854
359188,Fabinho,False,male,1993-10-23 00:00:00+00:00,8577,Al Ittihad,False,Defensive Midfielder,centerdefensivemidfielder,188,cm,78,kg,Brazil,6.426785714285714,3.0,4.0,,,,,7.0,0.75,4.913392857142857
363364,Ederson,False,male,1993-08-17 00:00:00+00:00,8695,Fenerbahçe,False,Keeper,keeper_long,188,cm,89,kg,Brazil,5.586,0.0,0.0,,2028-06-30 00:00:00+00:00,,,0.0,,2.793
523801,Léo Pereira,False,male,1996-01-31 00:00:00+00:00,9770,Flamengo,False,Center Back,centerback,189,cm,80,kg,Brazil,5.961428571428573,4.0,1.0,,2027-12-31 00:00:00+00:00,,,5.0,4.0,4.380714285714286
696679,Raphinha,False,male,1996-12-14 00:00:00+00:00,8634,Barcelona,False,Left Winger,leftwinger,176,cm,69,kg,Brazil,6.672916666666667,22.0,9.0,,2028-06-30 00:00:00+00:00,,,31.0,2.4444444444444446,11.736458333333333
766435,Lucas Paquetá,False,male,1997-08-27 00:00:00+00:00,9770,Flamengo,False,Attacking Midfielder,centerattackingmidfielder,183,cm,73,kg,Brazil,6.576271186440678,16.0,4.0,,2030-12-31 00:00:00+00:00,Hamstring injury,July 2026,20.0,4.0,8.88813559322034
795179,Gabriel,False,male,1997-12-19 00:00:00+00:00,9825,Arsenal,False,Center Back,centerback,190,cm,78,kg,Brazil,6.657575757575758,4.0,6.0,,2029-06-30 00:00:00+00:00,,,10.0,0.6666666666666666,5.728787878787879
846033,Vinícius Júnior,False,male,2000-07-12 00:00:00+00:00,8633,Real Madrid,False,Left Winger,leftwinger,177,cm,62,kg,Brazil,7.492647058823529,28.0,14.0,,2027-06-30 00:00:00+00:00,,,42.0,2.0,14.946323529411766
850354,Bruno Guimarães,False,male,1997-11-16 00:00:00+00:00,10261,Newcastle United,False,Central Midfielder,centermidfielder,182,cm,74,kg,Brazil,7.043333333333335,11.0,13.0,,2028-06-30 00:00:00+00:00,,,24.0,0.8461538461538461,9.421666666666667
857269,Gleison Bremer,False,male,1997-03-18 00:00:00+00:00,9885,Juventus,False,Center Back,centerback,188,cm,80,kg,Brazil,5.750000000000001,5.0,3.0,,2029-06-30 00:00:00+00:00,,,8.0,1.6666666666666667,4.975
862538,Roger Ibañez,False,male,1998-11-23 00:00:00+00:00,2530,Al Ahli,False,Center Back,centerback,185,cm,73,kg,Brazil,6.660714285714286,4.0,2.0,,2027-06-30 00:00:00+00:00,,,6.0,2.0,4.930357142857143
863098,Matheus Cunha,False,male,1999-05-27 00:00:00+00:00,10260,Manchester United,False,Striker,striker,184,cm,75,kg,Brazil,6.788461538461538,13.0,3.0,,2030-06-30 00:00:00+00:00,,,16.0,4.333333333333333,7.894230769230768
957203,Éderson,False,male,1999-07-07 00:00:00+00:00,8524,Atalanta,False,Defensive Midfielder,centerdefensivemidfielder,183,cm,72,kg,Brazil,5.652830188679245,3.0,2.0,,2031-06-30 00:00:00+00:00,,,5.0,1.5,4.126415094339623
1023030,Jhon Arias,False,male,1997-09-21 00:00:00+00:00,10283,Palmeiras,False,Left Winger,leftwinger,168,cm,82,kg,Colombia,6.555223880597015,13.0,3.0,,2029-12-31 00:00:00+00:00,,,16.0,4.333333333333333,7.777611940298508
1174630,Richard Ríos,False,male,2000-06-02 00:00:00+00:00,9772,Benfica,False,Defensive Midfielder,centerdefensivemidfielder,180,cm,74,kg,Colombia,6.886885245901639,8.0,7.0,,2030-06-30 00:00:00+00:00,,,15.0,1.1428571428571428,7.24344262295082
1281230,Juan Portilla,False,male,1998-09-12 00:00:00+00:00,10273,Athletico Paranaense,False,Defensive Midfielder,centerdefensivemidfielder,183,cm,80,kg,Colombia,4.9452380952380945,0.0,1.0,,2028-12-31 00:00:00+00:00,,,1.0,0.0,2.6726190476190474
1331597,Gustavo Puerta,False,male,2003-07-23 00:00:00+00:00,8696,Racing Santander,False,Defensive Midfielder,centerdefensivemidfielder,173,cm,67,kg,Colombia,6.88888888888889,4.0,2.0,,2029-06-30 00:00:00+00:00,,,6.0,2.0,5.044444444444445
1353421,Andrés Gómez,False,male,2002-09-12 00:00:00+00:00,10276,Vasco da Gama,True,Left Winger,leftwinger,171,cm,71,kg,Colombia,5.921538461538462,5.0,10.0,,,,,15.0,0.5,6.46076923076923
1434853,Kevin Castaño,False,male,2000-09-29 00:00:00+00:00,10076,River Plate,False,Defensive Midfielder,centerdefensivemidfielder,177,cm,73,kg,Colombia,4.201851851851852,0.0,0.0,,2028-12-31 00:00:00+00:00,,,0.0,,2.100925925925926
164684,James Rodríguez,False,male,1991-07-12 00:00:00+00:00,207242,Minnesota United,False,Attacking Midfielder,centerattackingmidfielder,180,cm,75,kg,Colombia,6.758536585365854,5.0,11.0,,,,,16.0,0.45454545454545453,7.079268292682927
207617,Juan Fernando Quintero,False,male,1993-01-18 00:00:00+00:00,10076,River Plate,False,Attacking Midfielder,centerattackingmidfielder,167,cm,71,kg,Colombia,6.396428571428571,6.0,11.0,,2027-12-31 00:00:00+00:00,,,17.0,0.5454545454545454,7.198214285714285
207642,Santiago Arias,False,male,1992-01-13 00:00:00+00:00,10078,Independiente,False,Right Back,rightback,177,cm,76,kg,Colombia,4.649122807017544,0.0,5.0,,2027-12-31 00:00:00+00:00,,,5.0,0.0,3.324561403508772
291425,Jhon Córdoba,False,male,1993-05-11 00:00:00+00:00,168719,FC Krasnodar,False,Striker,striker,188,cm,85,kg,Colombia,4.681481481481482,25.0,7.0,,2027-06-30 00:00:00+00:00,,,32.0,3.5714285714285716,11.240740740740742
466672,Jefferson Lerma,False,male,1994-10-25 00:00:00+00:00,9826,Crystal Palace,False,Defensive Midfielder,centerdefensivemidfielder,179,cm,70,kg,Colombia,5.211428571428573,2.0,5.0,,2027-06-30 00:00:00+00:00,,,7.0,0.4,4.205714285714286
474673,Johan Mojica,False,male,1992-08-21 00:00:00+00:00,8661,Mallorca,False,Left Back,leftback,185,cm,66,kg,Colombia,5.971153846153846,0.0,4.0,,2027-06-30 00:00:00+00:00,,,4.0,0.0,3.785576923076923
496042,Yerry Mina,False,male,1994-09-23 00:00:00+00:00,8529,Cagliari,False,Center Back,centerback,195,cm,95,kg,Colombia,5.163414634146342,3.0,1.0,,2028-06-30 00:00:00+00:00,,,4.0,3.0,3.681707317073171
498457,Álvaro Montero,False,male,1995-03-29 00:00:00+00:00,10079,Velez Sarsfield,True,Keeper,keeper_long,201,cm,98,kg,Colombia,3.4875000000000003,0.0,0.0,1793408.0,,,,0.0,,1.7437500000000001
50065,David Ospina,False,male,1988-08-31 00:00:00+00:00,6368,Atletico Nacional,False,Keeper,keeper_long,183,cm,78,kg,Colombia,4.598148148148148,0.0,0.0,,,,,0.0,,2.299074074074074
50207,Camilo Vargas,False,male,1989-03-09 00:00:00+00:00,6577,Atlas,False,Keeper,keeper_long,183,cm,87,kg,Colombia,6.085714285714285,0.0,1.0,,2027-12-31 00:00:00+00:00,,,1.0,0.0,3.242857142857143
578756,Deiver Machado,False,male,1993-09-02 00:00:00+00:00,9830,Nantes,False,Left Back,leftback,172,cm,70,kg,Colombia,4.408108108108109,2.0,1.0,,,,,3.0,2.0,3.0040540540540546
643533,Davinson Sánchez,False,male,1996-06-12 00:00:00+00:00,8637,Galatasaray,False,Center Back,centerback,187,cm,81,kg,Colombia,6.222388059701492,3.0,1.0,,2029-06-30 00:00:00+00:00,,,4.0,3.0,4.211194029850746
784834,Jorge Carrascal,False,male,1998-05-25 00:00:00+00:00,9770,Flamengo,False,Right Winger,rightwinger,180,cm,75,kg,Colombia,5.681428571428571,5.0,10.0,,2029-06-30 00:00:00+00:00,,,15.0,0.5,6.340714285714285
792303,Luis Suárez,False,male,1997-12-02 00:00:00+00:00,9768,Sporting CP,False,Striker,striker,185,cm,74,kg,Colombia,6.825,43.0,9.0,,2030-06-30 00:00:00+00:00,,,52.0,4.777777777777778,18.1125
837870,Jaminton Campaz,False,male,2000-05-24 00:00:00+00:00,10084,Rosario Central,False,Left Winger,leftwinger,166,cm,75,kg,Colombia,6.102222222222223,3.0,5.0,,2026-12-31 00:00:00+00:00,,,8.0,0.6,4.9511111111111115
852071,Juan Hernández,False,male,1999-04-20 00:00:00+00:00,8603,Real Betis,False,Striker,striker,176,cm,73,kg,Colombia,5.776363636363637,15.0,4.0,,2030-06-30 00:00:00+00:00,,,19.0,3.75,8.18818181818182
859282,Daniel Muñoz,False,male,1996-05-26 00:00:00+00:00,9826,Crystal Palace,False,Right Wing-Back,right_wing_back,183,cm,71,kg,Colombia,6.755737704918033,8.0,4.0,,2028-06-30 00:00:00+00:00,,,12.0,2.0,6.577868852459017
860913,Jhon Lucumí,False,male,1998-06-26 00:00:00+00:00,9857,Bologna,False,Center Back,centerback,185,cm,78,kg,Colombia,6.247619047619048,2.0,1.0,,2027-06-30 00:00:00+00:00,,,3.0,2.0,3.923809523809524
860914,Luis Díaz,False,male,1997-01-13 00:00:00+00:00,9823,Bayern München,False,Left Winger,leftwinger,180,cm,72,kg,Colombia,7.6899999999999995,30.0,25.0,,2029-06-30 00:00:00+00:00,,,55.0,1.2,17.845
965205,Willer Ditta,False,male,1998-01-23 00:00:00+00:00,6578,Cruz Azul,False,Center Back,centerback,180,cm,80,kg,Colombia,6.341935483870967,1.0,2.0,,2028-06-30 00:00:00+00:00,,,3.0,0.5,3.870967741935483
1095432,Charles De Ketelaere,False,male,2001-03-10 00:00:00+00:00,8524,Atalanta,False,Attacking Midfielder,centerattackingmidfielder,192,cm,77,kg,Belgium,6.836666666666667,12.0,11.0,,2028-06-30 00:00:00+00:00,,,23.0,1.0909090909090908,9.218333333333334
1134871,Maxim De Cuyper,False,male,2000-12-22 00:00:00+00:00,10204,Brighton & Hove Albion,False,Left Back,leftback,183,cm,77,kg,Belgium,4.933928571428572,4.0,5.0,,2030-06-30 00:00:00+00:00,,,9.0,0.8,4.666964285714286
1173250,Arthur Theate,False,male,2000-05-25 00:00:00+00:00,9810,Eintracht Frankfurt,False,Center Back,centerback,186,cm,75,kg,Belgium,5.456140350877193,2.0,0.0,,2029-06-30 00:00:00+00:00,,,2.0,,3.3280701754385964
1178602,Senne Lammens,False,male,2002-07-07 00:00:00+00:00,10260,Manchester United,False,Keeper,keeper_long,193,cm,82,kg,Belgium,5.324528301886792,0.0,0.0,,2030-06-30 00:00:00+00:00,,,0.0,,2.662264150943396
1185748,Amadou Onana,False,male,2001-08-16 00:00:00+00:00,10252,Aston Villa,False,Defensive Midfielder,centerdefensivemidfielder,195,cm,87,kg,Belgium,6.126315789473684,3.0,0.0,,2029-06-30 00:00:00+00:00,Cruciate ligament injury,March 2027,3.0,,3.9631578947368418
1200630,Koni De Winter,False,male,2002-06-12 00:00:00+00:00,8564,Milan,False,Center Back,centerback,188,cm,74,kg,Belgium,3.7333333333333334,1.0,1.0,,2030-06-30 00:00:00+00:00,,,2.0,1.0,2.3666666666666667
1232172,Zeno Debast,False,male,2003-10-24 00:00:00+00:00,9768,Sporting CP,False,Center Back,centerback,189,cm,81,kg,Belgium,5.3055555555555545,1.0,2.0,,2029-06-30 00:00:00+00:00,Leg injury,,3.0,0.5,3.352777777777777
1252070,Nathan Ngoy,False,male,2003-06-10 00:00:00+00:00,8639,Lille,False,Center Back,centerback,183,cm,71,kg,Belgium,5.920370370370371,3.0,2.0,,2029-06-30 00:00:00+00:00,,,5.0,1.5,4.260185185185185
1319972,Mike Penders,False,male,2005-07-31 00:00:00+00:00,8455,Chelsea,False,Keeper,keeper_long,200,cm,93,kg,Belgium,5.623076923076923,0.0,0.0,,2032-06-30 00:00:00+00:00,,,0.0,,2.8115384615384613
1342754,Diego Moreira,False,male,2004-08-06 00:00:00+00:00,9848,Strasbourg,False,Right Winger,rightwinger,179,cm,73,kg,Belgium,5.705263157894737,6.0,8.0,,2029-06-30 00:00:00+00:00,,,14.0,0.75,6.252631578947367
1444231,Matias Fernandez-Pardo,False,male,2005-02-03 00:00:00+00:00,8639,Lille,False,Striker,striker,183,cm,75,kg,Belgium,5.771698113207547,8.0,6.0,,2029-06-30 00:00:00+00:00,,,14.0,1.3333333333333333,6.485849056603773
1489449,Joaquin Seys,False,male,2005-03-28 00:00:00+00:00,8342,Club Brugge,False,Left Back,leftback,178,cm,69,kg,Belgium,5.784285714285715,5.0,8.0,,2029-06-30 00:00:00+00:00,,,13.0,0.625,5.992142857142857
169200,Kevin De Bruyne,False,male,1991-06-28 00:00:00+00:00,9875,Napoli,False,Attacking Midfielder,centerattackingmidfielder,181,cm,68,kg,Belgium,6.628947368421052,14.0,5.0,,2027-06-30 00:00:00+00:00,,,19.0,2.8,8.514473684210525
170323,Thibaut Courtois,False,male,1992-05-11 00:00:00+00:00,8633,Real Madrid,False,Keeper,keeper_long,199,cm,91,kg,Belgium,7.15,0.0,2.0,,2027-06-30 00:00:00+00:00,Thigh injury,,2.0,0.0,3.975
181276,Romelu Lukaku,False,male,1993-05-13 00:00:00+00:00,9875,Napoli,False,Striker,striker,190,cm,94,kg,Belgium,2.7291666666666665,5.0,2.0,,2027-06-30 00:00:00+00:00,,,7.0,2.5,3.264583333333333
203666,Hans Vanaken,False,male,1992-08-24 00:00:00+00:00,8342,Club Brugge,False,Attacking Midfielder,centerattackingmidfielder,194,cm,77,kg,Belgium,7.057142857142857,14.0,11.0,,2028-06-30 00:00:00+00:00,,,25.0,1.2727272727272727,9.928571428571429
277771,Thomas Meunier,False,male,1991-09-12 00:00:00+00:00,8472,Sunderland,False,Right Back,rightback,190,cm,88,kg,Belgium,6.4450980392156865,4.0,7.0,1289065.0,2028-06-30 00:00:00+00:00,,,11.0,0.5714285714285714,5.822549019607844
318615,Leandro Trossard,False,male,1994-12-04 00:00:00+00:00,10188,Beşiktaş,False,Left Winger,leftwinger,172,cm,70,kg,Belgium,6.348571428571428,12.0,12.0,15301964.0,2029-06-30 00:00:00+00:00,,,24.0,1.0,9.174285714285714
39591,Axel Witsel,False,male,1989-01-12 00:00:00+00:00,,,,Defensive Midfielder,centerdefensivemidfielder,186,cm,82,kg,Belgium,5.544680851063831,1.0,2.0,,,,,3.0,0.5,3.472340425531915
445873,Brandon Mechele,False,male,1993-01-28 00:00:00+00:00,8342,Club Brugge,False,Center Back,centerback,188,cm,81,kg,Belgium,6.188571428571429,8.0,2.0,,2028-06-30 00:00:00+00:00,,,10.0,4.0,5.894285714285715
465750,Timothy Castagne,False,male,1995-12-05 00:00:00+00:00,9879,Fulham,False,Right Back,rightback,185,cm,80,kg,Belgium,4.888709677419353,0.0,4.0,,2027-06-30 00:00:00+00:00,,,4.0,0.0,3.2443548387096763
465960,Youri Tielemans,False,male,1997-05-07 00:00:00+00:00,10260,Manchester United,False,Defensive Midfielder,centerdefensivemidfielder,177,cm,72,kg,Belgium,6.792592592592592,7.0,10.0,35191527.0,2031-06-30 00:00:00+00:00,Thigh injury,,17.0,0.7,7.496296296296296
688876,Dodi Lukébakio,False,male,1997-09-24 00:00:00+00:00,9772,Benfica,False,Right Winger,rightwinger,187,cm,72,kg,Belgium,4.757777777777777,8.0,3.0,,2030-06-30 00:00:00+00:00,,,11.0,2.6666666666666665,5.378888888888888
863869,Nicolas Raskin,False,male,2001-02-23 00:00:00+00:00,8548,Rangers,False,Defensive Midfielder,centerdefensivemidfielder,179,cm,70,kg,Belgium,6.586567164179105,9.0,11.0,,2028-05-31 00:00:00+00:00,,,20.0,0.8181818181818182,8.193283582089553
921341,Alexis Saelemaekers,False,male,1999-06-27 00:00:00+00:00,8564,Milan,False,Right Midfielder,rightmidfielder,180,cm,72,kg,Belgium,6.632203389830509,5.0,12.0,,2031-06-30 00:00:00+00:00,,,17.0,0.4166666666666667,7.216101694915254
942368,Jérémy Doku,False,male,2002-05-27 00:00:00+00:00,8456,Manchester City,False,Left Winger,leftwinger,171,cm,68,kg,Belgium,7.26,12.0,15.0,,2028-06-30 00:00:00+00:00,,,27.0,0.8,10.23
1061249,Vitinha,False,male,2000-02-13 00:00:00+00:00,9847,Paris Saint-Germain,False,Central Midfielder,centermidfielder,172,cm,64,kg,Portugal,7.111764705882352,7.0,10.0,,2029-06-30 00:00:00+00:00,,,17.0,0.7,7.655882352941176
1130583,Samú,False,male,2000-11-27 00:00:00+00:00,8661,Mallorca,False,Defensive Midfielder,centerdefensivemidfielder,183,cm,74,kg,Portugal,6.104255319148937,7.0,2.0,,2028-06-30 00:00:00+00:00,,,9.0,3.5,5.552127659574468
1158945,Nuno Mendes,False,male,2002-06-19 00:00:00+00:00,9847,Paris Saint-Germain,False,Left Back,leftback,184,cm,79,kg,Portugal,6.583050847457628,7.0,8.0,,2029-06-30 00:00:00+00:00,,,15.0,0.875,6.991525423728813
1165710,Gonçalo Inácio,False,male,2001-08-25 00:00:00+00:00,9768,Sporting CP,False,Center Back,centerback,186,cm,78,kg,Portugal,5.922222222222223,3.0,3.0,,2030-06-30 00:00:00+00:00,,,6.0,1.0,4.461111111111112
1185336,Francisco Conceição,False,male,2002-12-14 00:00:00+00:00,9885,Juventus,False,Right Winger,rightwinger,170,cm,63,kg,Portugal,6.079365079365079,7.0,6.0,,2030-06-30 00:00:00+00:00,,,13.0,1.1666666666666667,6.339682539682539
1187283,Tomás Araújo,False,male,2002-05-16 00:00:00+00:00,9772,Benfica,False,Center Back,centerback,187,cm,83,kg,Portugal,4.760714285714286,1.0,2.0,,2029-06-30 00:00:00+00:00,,,3.0,0.5,3.080357142857143
1342757,João Neves,False,male,2004-09-27 00:00:00+00:00,9847,Paris Saint-Germain,False,Central Midfielder,centermidfielder,174,cm,68,kg,Portugal,6.674074074074074,11.0,4.0,,2029-06-30 00:00:00+00:00,,,15.0,2.75,7.437037037037037
1343750,Renato Veiga,False,male,2003-07-29 00:00:00+00:00,10205,Villarreal,False,Center Back,centerback,190,cm,79,kg,Portugal,5.934426229508197,2.0,0.0,,2032-06-30 00:00:00+00:00,,,2.0,,3.5672131147540984
30893,Cristiano Ronaldo,False,male,1985-02-05 00:00:00+00:00,101918,Al Nassr FC,False,Striker,striker,187,cm,80,kg,Portugal,7.523076923076924,42.0,4.0,,2027-06-30 00:00:00+00:00,,,46.0,10.5,17.161538461538463
361717,Rui Silva,False,male,1994-02-07 00:00:00+00:00,9768,Sporting CP,False,Keeper,keeper_long,189,cm,85,kg,Portugal,5.295522388059702,0.0,0.0,,,,,0.0,,2.647761194029851
361757,João Cancelo,False,male,1994-05-27 00:00:00+00:00,2529,Al Hilal,False,Left Back,leftback,182,cm,72,kg,Portugal,6.584782608695652,5.0,9.0,,2027-06-30 00:00:00+00:00,,,14.0,0.5555555555555556,6.592391304347825
416175,José Sá,False,male,1993-01-17 00:00:00+00:00,8602,Wolverhampton Wanderers,False,Keeper,keeper_long,192,cm,84,kg,Portugal,3.3153846153846156,0.0,0.0,,2027-06-30 00:00:00+00:00,,,0.0,,1.6576923076923078
422685,Bruno Fernandes,False,male,1994-09-08 00:00:00+00:00,10260,Manchester United,False,Attacking Midfielder,centerattackingmidfielder,179,cm,64,kg,Portugal,7.452727272727272,16.0,26.0,,2027-06-30 00:00:00+00:00,,,42.0,0.6153846153846154,13.726363636363637
470834,Nélson Semedo,False,male,1993-11-16 00:00:00+00:00,8695,Fenerbahçe,False,Right Back,rightback,180,cm,69,kg,Portugal,6.929411764705882,1.0,5.0,,2027-06-30 00:00:00+00:00,,,6.0,0.2,4.76470588235294
488139,Bernardo Silva,False,male,1994-08-10 00:00:00+00:00,8633,Real Madrid,False,Attacking Midfielder,centerattackingmidfielder,173,cm,64,kg,Portugal,6.252857142857144,4.0,6.0,,2028-06-30 00:00:00+00:00,,,10.0,0.6666666666666666,5.526428571428572
534684,Rúben Neves,False,male,1997-03-13 00:00:00+00:00,2529,Al Hilal,False,Defensive Midfielder,centerdefensivemidfielder,180,cm,80,kg,Portugal,6.726666666666668,13.0,10.0,,2029-06-30 00:00:00+00:00,,,23.0,1.3,9.263333333333334
536455,Gonçalo Guedes,False,male,1996-11-29 00:00:00+00:00,8560,Real Sociedad,False,Left Winger,leftwinger,179,cm,72,kg,Portugal,5.443137254901961,11.0,8.0,,2028-06-30 00:00:00+00:00,,,19.0,1.375,7.62156862745098
614006,Rúben Dias,False,male,1997-05-14 00:00:00+00:00,8456,Manchester City,False,Center Back,centerback,187,cm,83,kg,Portugal,5.6000000000000005,2.0,0.0,,2029-06-30 00:00:00+00:00,,,2.0,,3.4000000000000004
732282,Trincão,False,male,1999-12-29 00:00:00+00:00,2530,Al Ahli,False,Attacking Midfielder,centerattackingmidfielder,183,cm,77,kg,Portugal,6.2956521739130435,14.0,16.0,36075508.0,,,,30.0,0.875,10.547826086956523
751550,Diogo Dalot,False,male,1999-03-18 00:00:00+00:00,10260,Manchester United,False,Right Back,rightback,183,cm,76,kg,Portugal,5.870370370370371,1.0,4.0,,2028-06-30 00:00:00+00:00,,,5.0,0.25,4.035185185185186
794427,Joao Félix,False,male,1999-11-10 00:00:00+00:00,101918,Al Nassr FC,False,Attacking Midfielder,centerattackingmidfielder,181,cm,66,kg,Portugal,7.501587301587299,29.0,21.0,,2027-06-30 00:00:00+00:00,,,50.0,1.380952380952381,16.65079365079365
795630,Diogo Costa,False,male,1999-09-19 00:00:00+00:00,9773,FC Porto,False,Keeper,keeper_long,186,cm,80,kg,Portugal,6.764615384615384,0.0,0.0,,2030-06-30 00:00:00+00:00,,,0.0,,3.382307692307692
843040,Pedro Neto,False,male,2000-03-09 00:00:00+00:00,8455,Chelsea,False,Right Winger,rightwinger,172,cm,62,kg,Portugal,6.763235294117647,11.0,13.0,,2031-06-30 00:00:00+00:00,,,24.0,0.8461538461538461,9.281617647058823
848844,Rafael Leão,False,male,1999-06-10 00:00:00+00:00,8564,Milan,False,Striker,striker,188,cm,81,kg,Portugal,6.522222222222222,14.0,5.0,,2028-06-30 00:00:00+00:00,,,19.0,2.8,8.461111111111112
940087,Gonçalo Ramos,False,male,2001-06-20 00:00:00+00:00,8564,Milan,False,Striker,striker,185,cm,77,kg,Portugal,4.6242857142857146,14.0,2.0,,2031-06-30 00:00:00+00:00,,,16.0,7.0,6.912142857142857
955529,Matheus Nunes,False,male,1998-08-27 00:00:00+00:00,8456,Manchester City,False,Right Back,rightback,183,cm,75,kg,Portugal,5.5771428571428565,1.0,7.0,,2028-06-30 00:00:00+00:00,,,8.0,0.14285714285714285,4.488571428571428
1077894,Jude Bellingham,False,male,2003-06-29 00:00:00+00:00,8633,Real Madrid,False,Attacking Midfielder,centerattackingmidfielder,186,cm,75,kg,England,7.064814814814815,15.0,6.0,,2029-06-30 00:00:00+00:00,,,21.0,2.5,9.232407407407408
1084981,Noni Madueke,False,male,2002-03-10 00:00:00+00:00,9825,Arsenal,False,Right Winger,rightwinger,182,cm,72,kg,England,5.503030303030304,9.0,3.0,,2030-06-30 00:00:00+00:00,,,12.0,3.0,6.051515151515151
1089691,Elliot Anderson,False,male,2002-11-06 00:00:00+00:00,8456,Manchester City,False,Defensive Midfielder,centerdefensivemidfielder,179,cm,71,kg,England,7.28,4.0,6.0,,,,,10.0,0.6666666666666666,6.04
1107620,Jarell Quansah,False,male,2003-01-29 00:00:00+00:00,8178,Bayer Leverkusen,False,Center Back,centerback,190,cm,80,kg,England,5.755737704918033,6.0,0.0,,2030-06-30 00:00:00+00:00,,,6.0,,4.677868852459016
1187213,James Trafford,False,male,2002-10-10 00:00:00+00:00,8456,Manchester City,False,Keeper,keeper_long,197,cm,83,kg,England,1.6342857142857141,0.0,0.0,,2030-06-30 00:00:00+00:00,,,0.0,,0.8171428571428571
1292810,Kobbie Mainoo,False,male,2005-04-19 00:00:00+00:00,10260,Manchester United,False,Defensive Midfielder,centerdefensivemidfielder,184,cm,72,kg,England,4.573469387755103,1.0,3.0,,2031-06-30 00:00:00+00:00,Injured,,4.0,0.3333333333333333,3.1867346938775514
1300526,Nico O'Reilly,False,male,2005-03-21 00:00:00+00:00,8456,Manchester City,False,Left Back,leftback,193,cm,71,kg,England,6.489999999999999,9.0,6.0,,2030-06-30 00:00:00+00:00,,,15.0,1.5,7.145
156008,Jordan Henderson,False,male,1990-06-17 00:00:00+00:00,9937,Brentford,False,Defensive Midfielder,centerdefensivemidfielder,182,cm,67,kg,England,4.837037037037038,1.0,3.0,,2027-06-30 00:00:00+00:00,,,4.0,0.3333333333333333,3.318518518518519
188058,Daniel Burn,False,male,1992-05-09 00:00:00+00:00,10261,Newcastle United,False,Center Back,centerback,201,cm,83,kg,England,5.285074626865671,2.0,5.0,,2027-06-30 00:00:00+00:00,,,7.0,0.4,4.242537313432836
194165,Harry Kane,False,male,1993-07-28 00:00:00+00:00,9823,Bayern München,False,Striker,striker,188,cm,86,kg,England,7.622857142857143,73.0,8.0,,2027-06-30 00:00:00+00:00,,,81.0,9.125,27.31142857142857
263653,John Stones,False,male,1994-05-28 00:00:00+00:00,,,,Center Back,centerback,188,cm,80,kg,England,3.4415094339622643,0.0,1.0,,,,,1.0,0.0,1.920754716981132
303919,Jordan Pickford,False,male,1994-03-07 00:00:00+00:00,8668,Everton,False,Keeper,keeper_long,185,cm,77,kg,England,6.249180327868852,0.0,0.0,,2029-06-30 00:00:00+00:00,,,0.0,,3.124590163934426
408987,Ivan Toney,False,male,1996-03-16 00:00:00+00:00,2530,Al Ahli,False,Striker,striker,185,cm,70,kg,England,6.2548387096774185,42.0,11.0,,2028-06-30 00:00:00+00:00,,,53.0,3.8181818181818183,17.927419354838708
540088,Ollie Watkins,False,male,1995-12-30 00:00:00+00:00,10252,Aston Villa,False,Striker,striker,180,cm,70,kg,England,5.932857142857144,24.0,5.0,,2028-06-30 00:00:00+00:00,,,29.0,4.8,11.166428571428572
654096,Declan Rice,False,male,1999-01-14 00:00:00+00:00,9825,Arsenal,False,Defensive Midfielder,centerdefensivemidfielder,185,cm,76,kg,England,6.897142857142857,8.0,12.0,,2028-06-30 00:00:00+00:00,,,20.0,0.6666666666666666,8.248571428571429
696365,Marcus Rashford,False,male,1997-10-31 00:00:00+00:00,10260,Manchester United,False,Left Winger,leftwinger,185,cm,75,kg,England,6.078571428571429,16.0,13.0,,2028-06-30 00:00:00+00:00,,,29.0,1.2307692307692308,10.439285714285715
710159,Ezri Konsa,False,male,1997-10-23 00:00:00+00:00,10252,Aston Villa,False,Center Back,centerback,183,cm,77,kg,England,6.368571428571429,4.0,1.0,,2028-06-30 00:00:00+00:00,,,5.0,4.0,4.5842857142857145
719330,Dean Henderson,False,male,1997-03-12 00:00:00+00:00,9826,Crystal Palace,False,Keeper,keeper_long,188,cm,85,kg,England,5.008571428571429,0.0,0.0,,2028-06-30 00:00:00+00:00,,,0.0,,2.5042857142857144
793907,Trevoh Chalobah,False,male,1999-07-05 00:00:00+00:00,8455,Chelsea,False,Center Back,centerback,190,cm,82,kg,England,5.01875,3.0,0.0,,2028-06-30 00:00:00+00:00,,,3.0,,3.409375
807729,Reece James,False,male,1999-12-08 00:00:00+00:00,8455,Chelsea,False,Right Back,rightback,182,cm,82,kg,England,5.414516129032258,2.0,7.0,,2032-06-30 00:00:00+00:00,,,9.0,0.2857142857142857,4.707258064516129
818975,Eberechi Eze,False,male,1998-06-29 00:00:00+00:00,9825,Arsenal,False,Attacking Midfielder,centerattackingmidfielder,178,cm,74,kg,England,5.9142857142857155,12.0,6.0,,2029-06-30 00:00:00+00:00,,,18.0,2.0,7.757142857142857
844425,Marc Guéhi,False,male,2000-07-13 00:00:00+00:00,8456,Manchester City,False,Center Back,centerback,182,cm,82,kg,England,6.971428571428571,6.0,7.0,,2031-06-30 00:00:00+00:00,,,13.0,0.8571428571428571,6.685714285714285
883080,Morgan Rogers,False,male,2002-07-26 00:00:00+00:00,10252,Aston Villa,False,Attacking Midfielder,centerattackingmidfielder,187,cm,84,kg,England,6.758571428571427,15.0,13.0,,2031-06-30 00:00:00+00:00,,,28.0,1.1538461538461537,10.479285714285714
894803,Djed Spence,False,male,2000-08-09 00:00:00+00:00,8586,Tottenham Hotspur,False,Left Back,leftback,184,cm,79,kg,England,5.531428571428571,0.0,1.0,,2029-06-30 00:00:00+00:00,,,1.0,0.0,2.9657142857142857
906937,Anthony Gordon,False,male,2001-02-24 00:00:00+00:00,8634,Barcelona,False,Left Winger,leftwinger,182,cm,65,kg,England,6.055072463768115,20.0,10.0,,2031-06-30 00:00:00+00:00,,,30.0,2.0,11.027536231884056
961995,Bukayo Saka,False,male,2001-09-05 00:00:00+00:00,9825,Arsenal,False,Right Winger,rightwinger,178,cm,65,kg,England,6.851428571428571,18.0,12.0,,2030-06-30 00:00:00+00:00,,,30.0,1.5,11.225714285714286
1049679,David Møller Wolfe,False,male,2002-04-23 00:00:00+00:00,8602,Wolverhampton Wanderers,False,Left Back,leftback,185,cm,77,kg,Norway,3.9933333333333336,2.0,7.0,,2030-06-30 00:00:00+00:00,,,9.0,0.2857142857142857,3.996666666666667
1110550,Henrik Falchener,False,male,2003-05-08 00:00:00+00:00,8478,Viking,False,Center Back,centerback,194,cm,85,kg,Norway,4.92,5.0,1.0,,2029-12-31 00:00:00+00:00,,,6.0,5.0,4.16
1113790,Oscar Bobb,False,male,2003-07-12 00:00:00+00:00,9879,Fulham,False,Right Winger,rightwinger,174,cm,68,kg,Norway,5.441818181818182,0.0,3.0,,2031-06-30 00:00:00+00:00,,,3.0,0.0,3.3209090909090913
1127585,Sondre Klingen Langås,False,male,2001-02-02 00:00:00+00:00,10170,Derby County,False,Center Back,centerback,190,cm,84,kg,Norway,5.0736842105263165,3.0,1.0,,2029-06-30 00:00:00+00:00,,,4.0,3.0,3.6368421052631583
1145714,Sander Tangvik,False,male,2002-11-29 00:00:00+00:00,9790,Hamburger SV,False,Keeper,keeper_long,193,cm,84,kg,Norway,2.55531914893617,0.0,0.0,,2030-06-30 00:00:00+00:00,,,0.0,,1.277659574468085
1184468,Thelo Aasgaard,False,male,2002-05-02 00:00:00+00:00,8548,Rangers,False,Attacking Midfielder,centerattackingmidfielder,188,cm,,,Norway,5.245312500000001,11.0,6.0,,2029-06-30 00:00:00+00:00,,,17.0,1.8333333333333333,7.12265625
1228558,Andreas Schjelderup,False,male,2004-06-01 00:00:00+00:00,9772,Benfica,False,Left Winger,leftwinger,176,cm,69,kg,Norway,5.829999999999998,12.0,10.0,,2028-06-30 00:00:00+00:00,,,22.0,1.2,8.514999999999999
1248482,Antonio Nusa,False,male,2005-04-17 00:00:00+00:00,178475,RB Leipzig,False,Left Winger,leftwinger,180,cm,73,kg,Norway,6.637735849056604,9.0,6.0,,2029-06-30 00:00:00+00:00,,,15.0,1.5,7.218867924528301
310768,Fredrik Aursnes,False,male,1995-12-10 00:00:00+00:00,9772,Benfica,False,Defensive Midfielder,centerdefensivemidfielder,179,cm,71,kg,Norway,7.113793103448276,4.0,8.0,,2029-06-30 00:00:00+00:00,,,12.0,0.5,6.356896551724137
439148,Morten Thorsby,False,male,1996-05-05 00:00:00+00:00,7801,Cremonese,False,Central Midfielder,centermidfielder,186,cm,72,kg,Norway,3.694230769230769,3.0,4.0,,2028-06-30 00:00:00+00:00,,,7.0,0.75,3.5471153846153847
440330,Alexander Sørloth,False,male,1995-12-05 00:00:00+00:00,9906,Atletico Madrid,False,Striker,striker,193,cm,90,kg,Norway,6.387142857142857,22.0,3.0,,2028-06-30 00:00:00+00:00,,,25.0,7.333333333333333,10.393571428571429
530635,Patrick Berg,False,male,1997-11-24 00:00:00+00:00,8402,Bodø/Glimt,False,Central Midfielder,centermidfielder,178,cm,72,kg,Norway,6.741935483870969,5.0,12.0,,2028-07-31 00:00:00+00:00,,,17.0,0.4166666666666667,7.270967741935484
534670,Martin Ødegaard,False,male,1998-12-17 00:00:00+00:00,9825,Arsenal,False,Central Midfielder,centermidfielder,176,cm,68,kg,Norway,6.463461538461539,5.0,13.0,,2028-06-30 00:00:00+00:00,,,18.0,0.38461538461538464,7.33173076923077
540963,Sander Berge,False,male,1998-02-14 00:00:00+00:00,9879,Fulham,False,Defensive Midfielder,centerdefensivemidfielder,193,cm,88,kg,Norway,5.65,0.0,3.0,,2029-06-30 00:00:00+00:00,,,3.0,0.0,3.4250000000000003
552718,Kristoffer Ajer,False,male,1998-04-17 00:00:00+00:00,9937,Brentford,False,Center Back,centerback,196,cm,84,kg,Norway,4.95,0.0,2.0,,2030-06-30 00:00:00+00:00,,,2.0,0.0,2.875
630228,Fredrik André Bjørkan,False,male,1998-08-21 00:00:00+00:00,8402,Bodø/Glimt,False,Left Back,leftback,180,cm,75,kg,Norway,5.422807017543859,4.0,4.0,,2029-07-31 00:00:00+00:00,,,8.0,1.0,4.711403508771929
631757,Egil Selvik,False,male,1997-07-30 00:00:00+00:00,9817,Watford,False,Keeper,keeper_long,192,cm,81,kg,Norway,5.478571428571429,0.0,0.0,,2028-06-30 00:00:00+00:00,,,0.0,,2.7392857142857143
659272,Julian Ryerson,False,male,1997-11-17 00:00:00+00:00,9789,Borussia Dortmund,False,Right Wing-Back,right_wing_back,183,cm,82,kg,Norway,6.52063492063492,0.0,23.0,,2028-06-30 00:00:00+00:00,,,23.0,0.0,7.860317460317461
73409,Ørjan Nyland,False,male,1990-09-10 00:00:00+00:00,,,,Keeper,keeper_long,192,cm,90,kg,Norway,2.4499999999999997,0.0,0.0,,,,,0.0,,1.2249999999999999
737066,Erling Haaland,False,male,2000-07-21 00:00:00+00:00,8456,Manchester City,False,Striker,striker,194,cm,87,kg,Norway,7.3426470588235295,59.0,11.0,,2034-06-30 00:00:00+00:00,,,70.0,5.363636363636363,23.571323529411764
740944,Leo Østigard,False,male,1999-11-28 00:00:00+00:00,10233,Genoa,False,Center Back,centerback,182,cm,80,kg,Norway,5.797872340425532,6.0,1.0,,2030-06-30 00:00:00+00:00,,,7.0,6.0,4.8989361702127665
741397,Jens Petter Hauge,False,male,1999-10-12 00:00:00+00:00,8402,Bodø/Glimt,False,Left Winger,leftwinger,184,cm,77,kg,Norway,5.878181818181818,15.0,10.0,,,,,25.0,1.5,9.43909090909091
821100,Jørgen Strand Larsen,False,male,2000-02-06 00:00:00+00:00,9826,Crystal Palace,False,Striker,striker,193,cm,79,kg,Norway,5.498484848484848,13.0,3.0,,2030-06-30 00:00:00+00:00,,,16.0,4.333333333333333,7.249242424242423
921921,Kristian Thorstvedt,False,male,1999-03-13 00:00:00+00:00,7943,Sassuolo,False,Central Midfielder,centermidfielder,189,cm,77,kg,Norway,6.15111111111111,4.0,4.0,,2027-06-30 00:00:00+00:00,,,8.0,1.0,5.075555555555555
935550,Torbjørn Heggem,False,male,1999-01-12 00:00:00+00:00,9857,Bologna,False,Center Back,centerback,192,cm,78,kg,Norway,4.874626865671642,0.0,0.0,,2029-06-30 00:00:00+00:00,,,0.0,,2.437313432835821
935622,Marcus Holmgren Pedersen,False,male,2000-07-16 00:00:00+00:00,9804,Torino,False,Right Midfielder,rightmidfielder,183,cm,76,kg,Norway,4.690566037735849,2.0,2.0,,2027-06-30 00:00:00+00:00,,,4.0,1.0,3.3452830188679243
1037539,Pavel Sulc,False,male,2000-12-29 00:00:00+00:00,9748,Lyon,False,Attacking Midfielder,centerattackingmidfielder,177,cm,70,kg,Czechia,6.50576923076923,15.0,9.0,,2029-06-30 00:00:00+00:00,,,24.0,1.6666666666666667,9.552884615384615
1077903,Matej Kovár,False,male,2000-05-17 00:00:00+00:00,8640,PSV Eindhoven,False,Keeper,keeper_long,196,cm,77,kg,Czechia,6.154999999999999,0.0,0.0,,2030-06-30 00:00:00+00:00,,,0.0,,3.0774999999999997
1085401,David Zima,False,male,2000-11-08 00:00:00+00:00,7787,Slavia Prague,False,Center Back,centerback,190,cm,80,kg,Czechia,5.37,1.0,3.0,,2030-06-30 00:00:00+00:00,,,4.0,0.3333333333333333,3.585
1151313,Lukás Cerv,False,male,2001-04-10 00:00:00+00:00,6033,Viktoria Plzen,False,Defensive Midfielder,centerdefensivemidfielder,179,cm,70,kg,Czechia,6.13,4.0,4.0,,2029-06-30 00:00:00+00:00,,,8.0,1.0,5.0649999999999995
1186978,Lukás Hornícek,False,male,2002-07-13 00:00:00+00:00,10264,Braga,False,Keeper,keeper_long,197,cm,83,kg,Czechia,5.8359375,0.0,0.0,,2028-06-30 00:00:00+00:00,,,0.0,,2.91796875
1202885,Denis Visinsky,False,male,2003-03-21 00:00:00+00:00,6033,Viktoria Plzen,False,Left Winger,leftwinger,177,cm,71,kg,Czechia,4.949999999999999,10.0,1.0,,2028-06-30 00:00:00+00:00,,,11.0,10.0,5.675
1225995,Robin Hranác,False,male,2000-01-29 00:00:00+00:00,8226,Hoffenheim,False,Center Back,centerback,190,cm,83,kg,Czechia,5.508333333333334,2.0,0.0,,2028-06-30 00:00:00+00:00,,,2.0,,3.354166666666667
1247323,David Jurásek,False,male,2000-08-07 00:00:00+00:00,7787,Slavia Prague,False,Left Wing-Back,left_wing_back,183,cm,76,kg,Czechia,4.447058823529412,1.0,6.0,,2029-06-30 00:00:00+00:00,Thigh injury,July 2026,7.0,0.16666666666666666,3.723529411764706
1288146,Stepán Chaloupek,False,male,2003-03-08 00:00:00+00:00,7787,Slavia Prague,False,Center Back,centerback,188,cm,81,kg,Czechia,5.033333333333333,9.0,2.0,,2030-06-30 00:00:00+00:00,,,11.0,4.5,5.616666666666667
1478281,Alexandr Sojka,False,male,2003-04-02 00:00:00+00:00,6033,Viktoria Plzen,False,Left Midfielder,leftmidfielder,188,cm,83,kg,Czechia,5.463636363636362,4.0,3.0,,2029-06-30 00:00:00+00:00,,,7.0,1.3333333333333333,4.531818181818181
1764021,Hugo Sochurek,False,male,2008-06-07 00:00:00+00:00,10247,Sparta Prague,False,Central Midfielder,centermidfielder,184,cm,79,kg,Czechia,2.1999999999999997,0.0,2.0,,,,,2.0,0.0,1.5
196311,Vladimír Darida,False,male,1990-08-08 00:00:00+00:00,1712,Hradec Kralove,False,Central Midfielder,centermidfielder,171,cm,74,kg,Czechia,6.439024390243903,11.0,4.0,,2028-06-30 00:00:00+00:00,,,15.0,2.75,7.319512195121951
249063,Jaroslav Zeleny,False,male,1992-08-20 00:00:00+00:00,10247,Sparta Prague,False,Center Back,centerback,189,cm,73,kg,Czechia,4.703703703703703,1.0,5.0,,2027-06-30 00:00:00+00:00,,,6.0,0.2,3.6518518518518515
306168,Tomás Holes,False,male,1993-03-31 00:00:00+00:00,7787,Slavia Prague,False,Center Back,centerback,180,cm,73,kg,Czechia,5.865,2.0,3.0,,2028-06-30 00:00:00+00:00,,,5.0,0.6666666666666666,4.1325
307317,Vladimír Coufal,False,male,1992-08-22 00:00:00+00:00,8226,Hoffenheim,False,Right Back,rightback,176,cm,76,kg,Czechia,6.873913043478261,2.0,10.0,,2028-06-30 00:00:00+00:00,,,12.0,0.2,6.03695652173913
463967,Jindrich Stanek,False,male,1996-04-27 00:00:00+00:00,7787,Slavia Prague,False,Keeper,keeper_long,192,cm,84,kg,Czechia,4.902702702702703,0.0,0.0,,2029-06-30 00:00:00+00:00,,,0.0,,2.4513513513513514
523217,Tomás Chory,False,male,1995-01-26 00:00:00+00:00,7787,Slavia Prague,False,Striker,striker,198,cm,90,kg,Czechia,5.8319148936170215,20.0,7.0,,2027-06-30 00:00:00+00:00,,,27.0,2.857142857142857,10.315957446808511
524437,Tomás Soucek,False,male,1995-02-27 00:00:00+00:00,8654,West Ham United,False,Defensive Midfielder,centerdefensivemidfielder,190,cm,84,kg,Czechia,5.408928571428571,8.0,0.0,,2027-06-30 00:00:00+00:00,,,8.0,,5.104464285714285
540097,Patrik Schick,False,male,1996-01-24 00:00:00+00:00,8178,Bayer Leverkusen,False,Striker,striker,191,cm,73,kg,Czechia,6.421428571428571,24.0,4.0,,2030-06-30 00:00:00+00:00,,,28.0,6.0,11.210714285714285
690332,Jan Kuchta,False,male,1997-01-08 00:00:00+00:00,10247,Sparta Prague,False,Striker,striker,184,cm,80,kg,Czechia,4.558181818181819,14.0,10.0,,,,,24.0,1.4,8.47909090909091
791682,Lukás Provod,False,male,1996-10-23 00:00:00+00:00,7787,Slavia Prague,False,Attacking Midfielder,centerattackingmidfielder,189,cm,84,kg,Czechia,6.588000000000002,8.0,12.0,,2031-06-30 00:00:00+00:00,,,20.0,0.6666666666666666,8.094000000000001
798029,Ladislav Krejcí,False,male,1999-04-20 00:00:00+00:00,8602,Wolverhampton Wanderers,False,Center Back,centerback,191,cm,80,kg,Czechia,5.793877551020408,5.0,1.0,,2030-06-30 00:00:00+00:00,,,6.0,5.0,4.596938775510204
806551,Michal Sadílek,False,male,1999-05-31 00:00:00+00:00,7787,Slavia Prague,False,Defensive Midfielder,centerdefensivemidfielder,169,cm,66,kg,Czechia,5.383636363636363,3.0,5.0,,2028-06-30 00:00:00+00:00,,,8.0,0.6,4.591818181818182
883759,David Doudera,False,male,1998-05-31 00:00:00+00:00,7787,Slavia Prague,False,Right Midfielder,rightmidfielder,175,cm,65,kg,Czechia,5.551282051282052,2.0,8.0,,2028-06-30 00:00:00+00:00,,,10.0,0.25,4.975641025641027
969870,Adam Hlozek,False,male,2002-07-25 00:00:00+00:00,8226,Hoffenheim,False,Attacking Midfielder,centerattackingmidfielder,185,cm,80,kg,Czechia,3.525,1.0,0.0,,2029-06-30 00:00:00+00:00,,,1.0,,2.0625
988769,Mojmír Chytil,False,male,1999-04-29 00:00:00+00:00,7787,Slavia Prague,False,Striker,striker,187,cm,83,kg,Czechia,4.43,14.0,2.0,,2029-06-30 00:00:00+00:00,,,16.0,7.0,6.815
1002039,Aaron Hickey,False,male,2002-06-10 00:00:00+00:00,9937,Brentford,False,Right Back,rightback,185,cm,72,kg,Scotland,4.117021276595746,1.0,0.0,,2028-06-30 00:00:00+00:00,,,1.0,,2.3585106382978727
1112684,Nathan Patterson,False,male,2001-10-16 00:00:00+00:00,8668,Everton,False,Right Back,rightback,189,cm,81,kg,Scotland,1.825,0.0,0.0,,2027-06-30 00:00:00+00:00,,,0.0,,0.9125
1324871,Ben Gannon-Doak,False,male,2005-11-11 00:00:00+00:00,8678,AFC Bournemouth,False,Right Winger,rightwinger,176,cm,64,kg,Scotland,3.7441176470588236,1.0,3.0,,2030-06-30 00:00:00+00:00,,,4.0,0.3333333333333333,2.7720588235294117
1558461,Findlay Curtis,False,male,2006-10-01 00:00:00+00:00,8548,Rangers,False,Left Winger,leftwinger,180,cm,73,kg,Scotland,3.1737704918032787,9.0,2.0,,,,,11.0,4.5,4.68688524590164
1676985,Tyler Fletcher,False,male,2007-03-19 00:00:00+00:00,1070257,Manchester United U21,False,Defensive Midfielder,centerdefensivemidfielder,183,cm,72,kg,Scotland,3.5918367346938775,0.0,1.0,,,,,1.0,0.0,1.9959183673469387
190851,Kenny McLean,False,male,1992-01-08 00:00:00+00:00,9850,Norwich City,False,Defensive Midfielder,centerdefensivemidfielder,183,cm,70,kg,Scotland,6.393103448275863,4.0,5.0,,2028-06-30 00:00:00+00:00,,,9.0,0.8,5.3965517241379315
202180,Grant Hanley,False,male,1991-11-20 00:00:00+00:00,10251,Hibernian,False,Center Back,centerback,188,cm,76,kg,Scotland,4.734782608695652,0.0,0.0,,2027-05-31 00:00:00+00:00,,,0.0,,2.367391304347826
317544,Lawrence Shankland,False,male,1995-08-10 00:00:00+00:00,8548,Rangers,False,Striker,striker,185,cm,75,kg,Scotland,6.723684210526316,21.0,4.0,,2028-05-31 00:00:00+00:00,,,25.0,5.25,10.461842105263159
32562,Craig Gordon,False,male,1982-12-31 00:00:00+00:00,,,,Keeper,keeper_long,193,cm,83,kg,Scotland,1.3064516129032258,0.0,0.0,,,,,0.0,,0.6532258064516129
356406,John McGinn,False,male,1994-10-18 00:00:00+00:00,10252,Aston Villa,False,Right Winger,rightwinger,175,cm,68,kg,Scotland,6.273015873015874,12.0,9.0,,2028-06-30 00:00:00+00:00,,,21.0,1.3333333333333333,8.536507936507936
357880,Andrew Robertson,False,male,1994-03-11 00:00:00+00:00,8586,Tottenham Hotspur,False,Left Back,leftback,178,cm,64,kg,Scotland,4.511428571428572,3.0,5.0,,2030-06-30 00:00:00+00:00,,,8.0,0.6,4.155714285714286
419207,John Souttar,False,male,1996-09-25 00:00:00+00:00,8548,Rangers,False,Center Back,centerback,186,cm,94,kg,Scotland,5.096428571428572,0.0,0.0,,2027-05-31 00:00:00+00:00,,,0.0,,2.548214285714286
439369,Ryan Christie,False,male,1995-02-22 00:00:00+00:00,8678,AFC Bournemouth,False,Defensive Midfielder,centerdefensivemidfielder,178,cm,70,kg,Scotland,6.3625,5.0,1.0,,2029-06-30 00:00:00+00:00,,,6.0,5.0,4.8812500000000005
445522,Liam Kelly,False,male,1996-01-23 00:00:00+00:00,8548,Rangers,False,Keeper,keeper_long,189,cm,82,kg,Scotland,0.17285714285714285,0.0,0.0,,2028-06-30 00:00:00+00:00,,,0.0,,0.08642857142857142
551805,Scott McKenna,False,male,1996-11-12 00:00:00+00:00,10156,Dinamo Zagreb,False,Center Back,centerback,189,cm,74,kg,Scotland,5.810526315789473,2.0,3.0,,2029-06-30 00:00:00+00:00,,,5.0,0.6666666666666666,4.105263157894736
582499,Kieran Tierney,False,male,1997-06-05 00:00:00+00:00,9925,Celtic,False,Left Back,leftback,178,cm,70,kg,Scotland,5.797014925373135,7.0,12.0,,2030-06-30 00:00:00+00:00,,,19.0,0.5833333333333334,7.398507462686569
599353,Ché Adams,False,male,1996-07-13 00:00:00+00:00,9804,Torino,False,Striker,striker,178,cm,66,kg,Scotland,5.886792452830187,12.0,2.0,,2027-06-30 00:00:00+00:00,,,14.0,6.0,6.943396226415094
640642,Jack Hendry,False,male,1995-05-07 00:00:00+00:00,101915,Al-Ettifaq,False,Center Back,centerback,192,cm,77,kg,Scotland,5.379545454545454,1.0,1.0,,2028-06-30 00:00:00+00:00,,,2.0,1.0,3.189772727272727
668422,Anthony Ralston,False,male,1998-11-16 00:00:00+00:00,9925,Celtic,False,Right Back,rightback,178,cm,70,kg,Scotland,3.6883333333333335,1.0,0.0,,2027-05-31 00:00:00+00:00,,,1.0,,2.1441666666666666
694558,Dominic Hyam,False,male,1995-12-20 00:00:00+00:00,9841,Wrexham,False,Center Back,centerback,188,cm,79,kg,Scotland,6.037931034482759,1.0,0.0,,2027-06-30 00:00:00+00:00,,,1.0,,3.3189655172413794
750033,George Hirst,False,male,1999-02-15 00:00:00+00:00,9902,Ipswich Town,False,Striker,striker,191,cm,84,kg,Scotland,5.237931034482758,11.0,3.0,,2029-06-30 00:00:00+00:00,,,14.0,3.6666666666666665,6.518965517241378
760746,Angus Gunn,False,male,1996-01-22 00:00:00+00:00,6603,San Jose Earthquakes,False,Keeper,keeper_long,196,cm,77,kg,Scotland,2.245454545454545,0.0,0.0,1150042.0,2030-06-30 00:00:00+00:00,,,0.0,,1.1227272727272726
768635,Lyndon Dykes,False,male,1995-10-07 00:00:00+00:00,8451,Charlton Athletic,False,Striker,striker,188,cm,80,kg,Scotland,4.316393442622951,6.0,4.0,,,,,10.0,1.5,4.758196721311475
776159,Ross Stewart,False,male,1996-07-11 00:00:00+00:00,8466,Southampton,False,Striker,striker,188,cm,78,kg,Scotland,4.897435897435898,11.0,3.0,,,,,14.0,3.6666666666666665,6.348717948717949
843099,Scott McTominay,False,male,1996-12-08 00:00:00+00:00,9875,Napoli,False,Defensive Midfielder,centerdefensivemidfielder,193,cm,88,kg,Scotland,7.032758620689655,17.0,4.0,,2028-06-30 00:00:00+00:00,,,21.0,4.25,9.416379310344828
888921,Lewis Ferguson,False,male,1999-08-24 00:00:00+00:00,9857,Bologna,False,Defensive Midfielder,centerdefensivemidfielder,181,cm,75,kg,Scotland,5.5030769230769225,2.0,1.0,,2028-06-30 00:00:00+00:00,,,3.0,2.0,3.5515384615384615
1014602,Jacob Widell Zetterström,False,male,1998-07-11 00:00:00+00:00,10170,Derby County,False,Keeper,keeper_long,195,cm,87,kg,Sweden,6.339024390243902,0.0,0.0,,2027-06-30 00:00:00+00:00,,,0.0,,3.169512195121951
1014688,Alexander Bernhardsson,False,male,1998-09-08 00:00:00+00:00,8150,Holstein Kiel,False,Right Wing-Back,right_wing_back,185,cm,78,kg,Sweden,6.479411764705882,4.0,9.0,,2027-06-30 00:00:00+00:00,,,13.0,0.4444444444444444,6.239705882352941
1050166,Anthony Elanga,False,male,2002-04-27 00:00:00+00:00,10261,Newcastle United,False,Right Winger,rightwinger,178,cm,75,kg,Sweden,5.302857142857142,8.0,1.0,,2030-06-30 00:00:00+00:00,,,9.0,8.0,5.251428571428571
1135782,Taha Abdi Ali,False,male,1998-07-01 00:00:00+00:00,8619,PAOK Thessaloniki,False,Right Midfielder,rightmidfielder,,,,,Sweden,4.452777777777778,3.0,4.0,625013.0,2029-06-30 00:00:00+00:00,,,7.0,0.75,3.926388888888889
1168311,Yasin Ayari,False,male,2003-10-06 00:00:00+00:00,10204,Brighton & Hove Albion,False,Defensive Midfielder,centerdefensivemidfielder,172,cm,67,kg,Sweden,5.725999999999999,7.0,5.0,,2027-06-30 00:00:00+00:00,,,12.0,1.4,5.962999999999999
118241,Gustaf Nilsson,False,male,1997-05-23 00:00:00+00:00,8342,Club Brugge,False,forward,,197,cm,86,kg,Sweden,0.6227272727272727,1.0,0.0,,2028-06-30 00:00:00+00:00,,,1.0,,0.6113636363636363
1209228,Daniel Svensson,False,male,2002-02-12 00:00:00+00:00,9789,Borussia Dortmund,False,Left Wing-Back,left_wing_back,183,cm,,,Sweden,6.553968253968254,4.0,3.0,,2029-06-30 00:00:00+00:00,,,7.0,1.3333333333333333,5.076984126984128
1272349,Elliot Stroud,False,male,2002-06-22 00:00:00+00:00,8127,Mjällby,False,Left Midfielder,leftmidfielder,,,,,Sweden,6.258064516129033,10.0,2.0,,2026-12-31 00:00:00+00:00,,,12.0,5.0,6.529032258064516
1338361,Besfort Zeneli,False,male,2002-11-21 00:00:00+00:00,7978,Union St.Gilloise,False,Central Midfielder,centermidfielder,187,cm,,,Sweden,5.880487804878049,4.0,9.0,,2030-06-30 00:00:00+00:00,,,13.0,0.4444444444444444,5.940243902439025
1386775,Lucas Bergvall,False,male,2006-02-02 00:00:00+00:00,8586,Tottenham Hotspur,False,Central Midfielder,centermidfielder,186,cm,79,kg,Sweden,5.0055555555555555,1.0,5.0,,2031-06-30 00:00:00+00:00,,,6.0,0.2,3.8027777777777776
258269,Victor Nilsson Lindelöf,False,male,1994-07-17 00:00:00+00:00,10252,Aston Villa,False,Center Back,centerback,187,cm,80,kg,Sweden,3.236065573770492,0.0,1.0,,2027-06-30 00:00:00+00:00,,,1.0,0.0,1.818032786885246
322003,Jesper Karlström,False,male,1995-06-21 00:00:00+00:00,8600,Udinese,False,Central Midfielder,centermidfielder,182,cm,81,kg,Sweden,6.0249999999999995,1.0,0.0,,2028-06-30 00:00:00+00:00,,,1.0,,3.3124999999999996
497662,Carl Starfelt,False,male,1995-06-01 00:00:00+00:00,9910,Celta Vigo,False,Center Back,centerback,185,cm,80,kg,Sweden,5.3931818181818185,1.0,0.0,,2027-06-30 00:00:00+00:00,,,1.0,,2.996590909090909
520670,Ken Sema,False,male,1993-09-30 00:00:00+00:00,2137,Pafos FC,False,Left Wing-Back,left_wing_back,177,cm,69,kg,Sweden,2.5607142857142855,0.0,1.0,,,,,1.0,0.0,1.4803571428571427
531327,Eric Smith,False,male,1997-01-08 00:00:00+00:00,8152,St. Pauli,False,Center Back,centerback,190,cm,80,kg,Sweden,5.967567567567568,2.0,3.0,,2027-06-30 00:00:00+00:00,,,5.0,0.6666666666666666,4.183783783783785
546252,Viktor Johansson,False,male,1998-09-14 00:00:00+00:00,10194,Stoke City,False,Keeper,keeper_long,186,cm,79,kg,Sweden,5.268421052631579,0.0,1.0,,2030-06-30 00:00:00+00:00,,,1.0,0.0,2.8342105263157897
647900,Mattias Svanberg,False,male,1999-01-05 00:00:00+00:00,8721,Wolfsburg,False,Defensive Midfielder,centerdefensivemidfielder,178,cm,74,kg,Sweden,4.329268292682927,6.0,3.0,,2027-06-30 00:00:00+00:00,,,9.0,2.0,4.564634146341463
664500,Viktor Gyökeres,False,male,1998-06-04 00:00:00+00:00,9825,Arsenal,False,Striker,striker,187,cm,86,kg,Sweden,6.214285714285714,27.0,6.0,,2030-06-30 00:00:00+00:00,,,33.0,4.5,12.407142857142858
690107,Alexander Isak,False,male,1999-09-21 00:00:00+00:00,8650,Liverpool,False,Striker,striker,192,cm,,,Sweden,5.708333333333333,6.0,4.0,,2031-06-30 00:00:00+00:00,,,10.0,1.5,5.454166666666667
73462,Kristoffer Nordfeldt,False,male,1989-06-23 00:00:00+00:00,8349,AIK,False,Keeper,keeper_long,190,cm,85,kg,Sweden,4.934883720930232,0.0,1.0,,2026-12-31 00:00:00+00:00,,,1.0,0.0,2.667441860465116
744494,Gabriel Gudmundsson,False,male,1999-04-29 00:00:00+00:00,8463,Leeds United,False,Left Wing-Back,left_wing_back,181,cm,74,kg,Sweden,6.662000000000001,1.0,1.0,,2029-06-30 00:00:00+00:00,,,2.0,1.0,3.8310000000000004
831044,Hjalmar Ekdal,False,male,1998-10-21 00:00:00+00:00,8191,Burnley,False,Center Back,centerback,187,cm,76,kg,Sweden,3.2375000000000003,0.0,1.0,,2027-06-30 00:00:00+00:00,,,1.0,0.0,1.81875
919848,Gustaf Lagerbielke,False,male,2000-04-10 00:00:00+00:00,10264,Braga,False,Center Back,centerback,193,cm,84,kg,Sweden,6.040909090909091,5.0,1.0,,2030-06-30 00:00:00+00:00,,,6.0,5.0,4.720454545454546
931605,Benjamin Nygren,False,male,2001-07-08 00:00:00+00:00,9925,Celtic,False,Attacking Midfielder,centerattackingmidfielder,184,cm,73,kg,Sweden,5.68,21.0,10.0,,2030-06-30 00:00:00+00:00,,,31.0,2.1,11.14
939780,Isak Hien,False,male,1999-01-13 00:00:00+00:00,8524,Atalanta,False,Center Back,centerback,191,cm,90,kg,Sweden,5.588524590163935,1.0,0.0,,2028-06-30 00:00:00+00:00,Hamstring injury,August 2026,1.0,,3.0942622950819674
946703,Herman Johansson,False,male,1997-10-16 00:00:00+00:00,6399,FC Dallas,False,Right Midfielder,rightmidfielder,190,cm,84,kg,Sweden,6.1083333333333325,3.0,7.0,,2029-06-30 00:00:00+00:00,,,10.0,0.42857142857142855,5.354166666666666
1002058,Nico Schlotterbeck,False,male,1999-12-01 00:00:00+00:00,9789,Borussia Dortmund,False,Center Back,centerback,191,cm,86,kg,Germany,7.185416666666666,6.0,1.0,,2031-06-30 00:00:00+00:00,Ankle injury,September 2026,7.0,6.0,5.592708333333333
1047667,Maximilian Beier,False,male,2002-10-17 00:00:00+00:00,9789,Borussia Dortmund,False,Attacking Midfielder,centerattackingmidfielder,183,cm,70,kg,Germany,6.385964912280701,12.0,7.0,,2029-06-30 00:00:00+00:00,,,19.0,1.7142857142857142,8.192982456140351
1071186,Angelo Stiller,False,male,2001-04-04 00:00:00+00:00,10269,VfB Stuttgart,False,Defensive Midfielder,centerdefensivemidfielder,183,cm,73,kg,Germany,6.346875000000001,2.0,8.0,,2028-06-30 00:00:00+00:00,,,10.0,0.25,5.3734375000000005
1074968,Jamie Leweling,False,male,2001-02-26 00:00:00+00:00,10269,VfB Stuttgart,False,Left Winger,leftwinger,184,cm,86,kg,Germany,6.259999999999999,11.0,12.0,,,,,23.0,0.9166666666666666,8.83
1106563,Nick Woltemade,False,male,2002-02-14 00:00:00+00:00,10261,Newcastle United,False,Striker,striker,198,cm,80,kg,Germany,5.767142857142857,16.0,5.0,,2031-06-30 00:00:00+00:00,,,21.0,3.2,8.683571428571428
1137407,Malick Thiaw,False,male,2001-08-08 00:00:00+00:00,10261,Newcastle United,False,Center Back,centerback,194,cm,80,kg,Germany,5.861428571428571,5.0,1.0,,2029-06-30 00:00:00+00:00,,,6.0,5.0,4.630714285714286
1152455,Florian Wirtz,False,male,2003-05-03 00:00:00+00:00,8650,Liverpool,False,Left Winger,leftwinger,175,cm,68,kg,Germany,7.283333333333332,12.0,15.0,,2030-06-30 00:00:00+00:00,,,27.0,0.8,10.241666666666665
1156141,Jamal Musiala,False,male,2003-02-26 00:00:00+00:00,9823,Bayern München,False,Attacking Midfielder,centerattackingmidfielder,180,cm,72,kg,Germany,6.583870967741936,7.0,6.0,,2030-06-30 00:00:00+00:00,,,13.0,1.1666666666666667,6.5919354838709685
1395447,Nathaniel Brown,False,male,2003-06-16 00:00:00+00:00,9823,Bayern München,False,Left Back,leftback,180,cm,73,kg,Germany,6.4490566037735855,5.0,7.0,,2031-06-30 00:00:00+00:00,,,12.0,0.7142857142857143,6.124528301886793
1473580,Aleksandar Pavlovic,False,male,2004-05-03 00:00:00+00:00,9823,Bayern München,False,Defensive Midfielder,centerdefensivemidfielder,188,cm,79,kg,Germany,6.273015873015873,4.0,3.0,,2029-06-30 00:00:00+00:00,,,7.0,1.3333333333333333,4.936507936507937
1486541,Assan Ouédraogo,False,male,2006-05-09 00:00:00+00:00,178475,RB Leipzig,False,Central Midfielder,centermidfielder,192,cm,84,kg,Germany,3.8,6.0,4.0,,2029-06-30 00:00:00+00:00,,,10.0,1.5,4.5
167008,Pascal Groß,False,male,1991-06-15 00:00:00+00:00,10204,Brighton & Hove Albion,False,Defensive Midfielder,centerdefensivemidfielder,181,cm,78,kg,Germany,4.986206896551724,2.0,7.0,,,,,9.0,0.2857142857142857,4.493103448275862
178778,Oliver Baumann,False,male,1990-06-02 00:00:00+00:00,8226,Hoffenheim,False,Keeper,keeper_long,186,cm,82,kg,Germany,5.984615384615386,0.0,0.0,,2028-06-30 00:00:00+00:00,,,0.0,,2.992307692307693
27299,Manuel Neuer,False,male,1986-03-27 00:00:00+00:00,9823,Bayern München,False,Keeper,keeper_long,193,cm,93,kg,Germany,5.821568627450981,0.0,0.0,,2027-06-30 00:00:00+00:00,,,0.0,,2.9107843137254905
276738,Antonio Rüdiger,False,male,1993-03-03 00:00:00+00:00,8633,Real Madrid,False,Center Back,centerback,190,cm,85,kg,Germany,5.355813953488371,1.0,0.0,,2027-06-30 00:00:00+00:00,,,1.0,,2.9779069767441855
343748,Leon Goretzka,False,male,1995-02-06 00:00:00+00:00,,,,Defensive Midfielder,centerdefensivemidfielder,189,cm,82,kg,Germany,5.204285714285715,5.0,5.0,,,,,10.0,1.0,5.102142857142857
460632,Joshua Kimmich,False,male,1995-02-08 00:00:00+00:00,9823,Bayern München,False,Defensive Midfielder,centerdefensivemidfielder,176,cm,72,kg,Germany,7.386567164179105,4.0,17.0,,2029-06-30 00:00:00+00:00,,,21.0,0.23529411764705882,8.293283582089554
469700,Jonathan Tah,False,male,1996-02-11 00:00:00+00:00,9823,Bayern München,False,Center Back,centerback,194,cm,95,kg,Germany,6.299999999999998,4.0,2.0,,2029-06-30 00:00:00+00:00,,,6.0,2.0,4.749999999999999
530859,Leroy Sané,False,male,1996-01-11 00:00:00+00:00,8637,Galatasaray,False,Right Winger,rightwinger,183,cm,75,kg,Germany,6.546551724137931,11.0,12.0,,2028-06-30 00:00:00+00:00,,,23.0,0.9166666666666666,8.973275862068967
554534,Alexander Nübel,False,male,1996-09-30 00:00:00+00:00,10188,Beşiktaş,False,Keeper,keeper_long,193,cm,84,kg,Germany,5.386363636363637,0.0,2.0,12990906.0,2029-06-30 00:00:00+00:00,,,2.0,0.0,3.0931818181818183
614449,Nadiem Amiri,False,male,1996-10-27 00:00:00+00:00,9905,Mainz 05,False,Central Midfielder,centermidfielder,180,cm,73,kg,Germany,6.495652173913043,18.0,4.0,,2028-06-30 00:00:00+00:00,,,22.0,4.5,9.447826086956521
661519,Deniz Undav,False,male,1996-07-19 00:00:00+00:00,10269,VfB Stuttgart,False,Striker,striker,179,cm,86,kg,Germany,7.333333333333333,31.0,17.0,,2029-06-30 00:00:00+00:00,,,48.0,1.8235294117647058,16.366666666666667
664970,Waldemar Anton,False,male,1996-07-20 00:00:00+00:00,9789,Borussia Dortmund,False,Center Back,centerback,189,cm,66,kg,Germany,6.126229508196721,3.0,0.0,,2028-06-30 00:00:00+00:00,,,3.0,,3.9631147540983602
749736,Kai Havertz,False,male,1999-06-11 00:00:00+00:00,9825,Arsenal,False,Striker,striker,193,cm,77,kg,Germany,6.110256410256412,13.0,7.0,,2028-06-30 00:00:00+00:00,,,20.0,1.8571428571428572,8.355128205128207
806669,David Raum,False,male,1998-04-22 00:00:00+00:00,178475,RB Leipzig,False,Left Back,leftback,180,cm,73,kg,Germany,6.684313725490195,4.0,11.0,,2027-06-30 00:00:00+00:00,,,15.0,0.36363636363636365,6.742156862745098
966019,Felix Nmecha,False,male,2000-10-10 00:00:00+00:00,9789,Borussia Dortmund,False,Defensive Midfielder,centerdefensivemidfielder,190,cm,73,kg,Germany,6.749090909090908,6.0,4.0,,2030-06-30 00:00:00+00:00,,,10.0,1.5,5.974545454545454
1029597,Avazbek Ulasmaliev,False,male,2000-03-27 00:00:00+00:00,115128,AGMK,False,defender,,187,cm,78,kg,Uzbekistan,0.0,0.0,0.0,,,,,0.0,,0.0
1057486,Oston Urunov,False,male,2000-12-19 00:00:00+00:00,101610,Persepolis,False,Attacking Midfielder,centerattackingmidfielder,181,cm,76,kg,Uzbekistan,2.2142857142857144,5.0,0.0,,2027-06-30 00:00:00+00:00,,,5.0,,2.607142857142857
1249993,Abbosbek Fayzullayev,False,male,2003-10-03 00:00:00+00:00,1933,Başakşehir,False,Right Winger,rightwinger,167,cm,59,kg,Uzbekistan,5.303030303030303,5.0,4.0,,2030-06-30 00:00:00+00:00,,,9.0,1.25,4.951515151515151
1258316,Sherzod Nasrulloev,False,male,1998-07-23 00:00:00+00:00,102153,Nasaf Qarshi,False,Left Wing-Back,left_wing_back,181,cm,73,kg,Uzbekistan,6.380000000000001,0.0,0.0,,,,,0.0,,3.1900000000000004
1259187,Abduvohid Nematov,False,male,2001-03-20 00:00:00+00:00,102153,Nasaf Qarshi,False,Keeper,keeper_long,182,cm,77,kg,Uzbekistan,5.435294117647058,0.0,0.0,,,,,0.0,,2.717647058823529
1294120,Abdulla Abdullaev,False,male,1997-09-01 00:00:00+00:00,391664,Dibba Al Fujairah,False,Central Midfielder,centermidfielder,181,cm,72,kg,Uzbekistan,5.68125,0.0,0.0,,,,,0.0,,2.840625
1362998,Abdukodir Khusanov,False,male,2004-02-29 00:00:00+00:00,8456,Manchester City,False,Center Back,centerback,186,cm,86,kg,Uzbekistan,5.477586206896552,0.0,0.0,,2029-06-30 00:00:00+00:00,,,0.0,,2.738793103448276
1421621,Ruslanbek Jiyanov,False,male,2001-06-05 00:00:00+00:00,102155,Navbahor Namangan,False,forward,,168,cm,63,kg,Uzbekistan,1.2333333333333334,1.0,0.0,,,,,1.0,,0.9166666666666667
1477513,Jakhongir Urozov,False,male,2004-01-18 00:00:00+00:00,,,,Center Back,centerback,190,cm,84,kg,Uzbekistan,4.6,0.0,0.0,,,,,0.0,,2.3
1477517,Sherzod Esanov,False,male,2003-02-01 00:00:00+00:00,102158,Buxoro,False,midfielder,,190,cm,83,kg,Uzbekistan,0.0,0.0,0.0,,,,,0.0,,0.0
1898281,Bekhruz Karimov,False,male,2007-08-07 00:00:00+00:00,0,PFC Surkhon Termez,False,Right Wing-Back,right_wing_back,172,cm,65,kg,Uzbekistan,2.3555555555555556,1.0,0.0,,,,,1.0,,1.4777777777777779
251915,Igor Sergeev,False,male,1993-04-30 00:00:00+00:00,101610,Persepolis,False,forward,,185,cm,76,kg,Uzbekistan,1.0384615384615385,3.0,0.0,,2027-06-30 00:00:00+00:00,,,3.0,,1.419230769230769
431169,Jamshid Iskandarov,False,male,1993-10-16 00:00:00+00:00,102145,Neftchi Fargona,False,midfielder,,168,cm,64,kg,Uzbekistan,2.088888888888889,0.0,0.0,,,,,0.0,,1.0444444444444445
589585,Farrukh Sayfiev,False,male,1991-01-17 00:00:00+00:00,102155,Navbahor Namangan,False,Right Wing-Back,right_wing_back,180,cm,68,kg,Uzbekistan,3.2249999999999996,0.0,0.0,,,,,0.0,,1.6124999999999998
619508,Dostonbek Khamdamov,False,male,1996-07-24 00:00:00+00:00,102141,Pakhtakor Tashkent,False,midfielder,,178,cm,66,kg,Uzbekistan,3.2125000000000004,0.0,0.0,,,,,0.0,,1.6062500000000002
619513,Eldor Shomurodov,False,male,1995-06-29 00:00:00+00:00,1933,Başakşehir,False,Attacking Midfielder,centerattackingmidfielder,190,cm,76,kg,Uzbekistan,6.496226415094339,24.0,6.0,,2028-06-30 00:00:00+00:00,,,30.0,4.0,11.64811320754717
619697,Odiljon Khamrobekov,False,male,1996-02-13 00:00:00+00:00,176352,Tractor,False,Central Midfielder,centermidfielder,180,cm,69,kg,Uzbekistan,3.1600000000000006,0.0,1.0,,2027-06-30 00:00:00+00:00,,,1.0,0.0,1.7800000000000002
619700,Utkir Yusupov,False,male,1991-01-04 00:00:00+00:00,139914,Foolad Khuzestan,False,Keeper,keeper_long,185,cm,76,kg,Uzbekistan,1.8833333333333335,0.0,0.0,,,,,0.0,,0.9416666666666668
624405,Otabek Shukurov,False,male,1996-06-22 00:00:00+00:00,182933,Baniyas,False,Defensive Midfielder,centerdefensivemidfielder,183,cm,75,kg,Uzbekistan,5.935714285714286,0.0,4.0,,,,,4.0,0.0,3.7678571428571432
629823,Aziz G'aniev,False,male,1998-02-22 00:00:00+00:00,1112866,Al Bataeh,False,Central Midfielder,centermidfielder,180,cm,64,kg,Uzbekistan,6.502941176470589,2.0,3.0,,,,,5.0,0.6666666666666666,4.451470588235295
643624,Rustam Ashurmatov,False,male,1996-07-07 00:00:00+00:00,101614,Esteghlal,False,Center Back,centerback,186,cm,79,kg,Uzbekistan,3.220689655172414,1.0,0.0,,2027-06-30 00:00:00+00:00,,,1.0,,1.910344827586207
643639,Botirali Ergashev,False,male,1995-06-23 00:00:00+00:00,115128,AGMK,False,keeper,,189,cm,89,kg,Uzbekistan,0.0,0.0,0.0,,,,,0.0,,0.0
922298,Umar Eshmuradov,False,male,1992-11-30 00:00:00+00:00,102153,Nasaf Qarshi,False,Center Back,centerback,185,cm,75,kg,Uzbekistan,3.4000000000000004,0.0,2.0,,,,,2.0,0.0,2.1
929168,Akmal Mozgovoy,False,male,1999-04-02 00:00:00+00:00,102141,Pakhtakor Tashkent,False,Attacking Midfielder,centerattackingmidfielder,180,cm,70,kg,Uzbekistan,5.030434782608697,0.0,1.0,,,,,1.0,0.0,2.7152173913043485
933051,Azizbek Amonov,False,male,1997-10-30 00:00:00+00:00,102149,Dinamo Samarkand,False,forward,,183,cm,73,kg,Uzbekistan,2.4,0.0,0.0,,,,,0.0,,1.2
940778,Khoziakbar Alidzhanov,False,male,1997-04-19 00:00:00+00:00,102141,Pakhtakor Tashkent,False,Right Wing-Back,right_wing_back,180,cm,68,kg,Uzbekistan,5.616666666666666,0.0,0.0,,,,,0.0,,2.808333333333333
